deal_id,date,startup,industry,sub_vertical,city,investors,investment_type,amount_usd,amount_disclosed,year,investor_count
1,02/01/2015,Lenskart,E-commerce,Unknown,Unknown,"IDG Ventures, TPG Growth, TR Capital",Private Equity,2150000.0,True,2015,3
2,02/01/2015,VioletStreet,Unknown,Unknown,Unknown,"Srinivasa Rao Paturi, Sudhakar Reddy, Venkat Vallabhneni",Seed/Angel,315000.0,True,2015,3
3,05/01/2015,#Fame,Unknown,Unknown,Unknown,TO THE NEW Ventures,Private Equity,10000000.0,True,2015,1
4,05/01/2015,Gympik,Healthcare,Unknown,Unknown,"Haldyn Glass, Rohan Ajila, Tom Clausen",Seed/Angel,135000.0,True,2015,3
5,05/01/2015,Lookup,Media & Entertainment,Unknown,Unknown,"DeNA Co, Japan, Kris GopalKrishnan), Teruhide Sato (in Addition to MKS Switzerland",Seed/Angel,380000.0,True,2015,4
6,06/01/2015,Frankly,Unknown,Unknown,Unknown,Matrix Partners,Seed/Angel,600000.0,True,2015,1
7,06/01/2015,Near,Unknown,Unknown,Unknown,"Akash Agarwal, Anupam Mittal, Gaurav Agarwal, Himanshu Aggarwal, Kevin Parikh, Manish Vij, Prashant Tandon",Seed/Angel,285000.0,True,2015,7
8,06/01/2015,NumberMall,Unknown,Unknown,Unknown,SRI Capital,Private Equity,10000000.0,True,2015,1
9,06/01/2015,Purplle,E-commerce,Unknown,Unknown,IvyCap Ventures,Private Equity,,False,2015,1
10,06/01/2015,Tookitaki,Unknown,Unknown,Unknown,"Blume Ventures, Jungle Ventures, Redbright Partners",Private Equity,1000000.0,True,2015,3
11,07/01/2015,Bewakoof,Unknown,Unknown,Unknown,"Kunal Bahl, Nikhil Vora, Rohit Bansal",Seed/Angel,,False,2015,3
12,07/01/2015,Commonfloor,Unknown,Unknown,Unknown,Google Capital,Private Equity,5000000.0,True,2015,1
13,07/01/2015,Faircent,FinTech,Unknown,Unknown,"Ashish Tiwari, Devesh Sachdev",Seed/Angel,,False,2015,2
14,07/01/2015,Nurturey,Unknown,Unknown,Unknown,Seedrs Crowd funding platform,Seed/Angel,125000.0,True,2015,1
15,07/01/2015,Stridalyzer,Unknown,Unknown,Unknown,Kickstarter,Seed/Angel,30768.0,True,2015,1
16,09/01/2015,Sokrati,Unknown,Unknown,Unknown,"Inventus Capital, IvyCap Ventures",Private Equity,,False,2015,2
17,09/01/2015,TapCibo,Unknown,Unknown,Unknown,Alok Goel,Seed/Angel,,False,2015,1
18,09/01/2015,YepMe,E-commerce,Unknown,Unknown,"Capricorn Investment Group, Helion Venture Partners, JS Capital",Private Equity,13000000.0,True,2015,3
19,12/01/2015,Verayu,Unknown,Unknown,Unknown,"Blume Ventures, GWB Group",Private Equity,,False,2015,2
20,13/01/2015,AppVirality,Unknown,Unknown,Unknown,"Ashim Mehra, IIG, Mike Galgon, Mohit Saxena, Rajan Anandan, Ravi Gururaj, TNN Capital",Seed/Angel,,False,2015,7
21,14/01/2015,RateGain,Unknown,Unknown,Unknown,TA Associates,Private Equity,50000000.0,True,2015,1
22,15/01/2015,Wishberry,FinTech,Unknown,Unknown,"Deep Kalra, Rajan Anandan, Shankar Mahadevan",Seed/Angel,650000.0,True,2015,3
23,16/01/2015,eKincare,Healthcare,Unknown,Unknown,Adroitent Pvt. Ltd,Seed/Angel,161000.0,True,2015,1
24,18/01/2015,Shopclues,E-commerce,Unknown,Unknown,"Other investors, Tiger Global",Private Equity,100000000.0,True,2015,2
25,19/01/2015,CBS,Unknown,Unknown,Unknown,Hyderabad Angels (at Startup Heroes event),Seed/Angel,16000.0,True,2015,1
26,19/01/2015,Enabli,Unknown,Unknown,Unknown,Hyderabad Angels (at Startup Heroes event),Seed/Angel,16000.0,True,2015,1
27,19/01/2015,HealthyWorld,Unknown,Unknown,Unknown,Group of Angel Investors,Seed/Angel,200000.0,True,2015,1
28,19/01/2015,Hostel Dunia,Unknown,Unknown,Unknown,Hyderabad Angels (at Startup Heroes event),Seed/Angel,16000.0,True,2015,1
29,19/01/2015,Ping Digital,Unknown,Unknown,Unknown,Consortium of Angel Investors,Seed/Angel,,False,2015,1
30,19/01/2015,Play Your Sport,Healthcare,Unknown,Unknown,Hyderabad Angels (at Startup Heroes event),Seed/Angel,16000.0,True,2015,1
31,19/01/2015,Refiral,Unknown,Unknown,Unknown,Cogent E Services,Seed/Angel,330000.0,True,2015,1
32,19/01/2015,Yo Grad,Unknown,Unknown,Unknown,Hyderabad Angels (at Startup Heroes event),Seed/Angel,16000.0,True,2015,1
33,20/01/2015,Amagi Media Labs,Media & Entertainment,Unknown,Unknown,"Mayfield Fund, Premji Invest",Private Equity,,False,2015,2
34,20/01/2015,HealthyWorld,Unknown,Unknown,Unknown,Group of Angel Investors,Seed/Angel,200000.0,True,2015,1
35,20/01/2015,Hopscotch,E-commerce,Unknown,Unknown,"Eduardo Saverin, Velos Capital",Private Equity,11000000.0,True,2015,2
36,21/01/2015,Simplilearn,EdTech,Unknown,Unknown,"Helion Ventures, Kalaari Capital, Mayfield India",Private Equity,14750000.0,True,2015,3
37,22/01/2015,Antuit,Unknown,Unknown,Unknown,"Goldman Sachs, Zodius Capital",Private Equity,56000000.0,True,2015,2
38,22/01/2015,Caratlane,Unknown,Unknown,Unknown,Tiger Global,Private Equity,31000000.0,True,2015,1
39,22/01/2015,Corporate360,Unknown,Unknown,Unknown,Group of Angel Investors,Seed/Angel,200000.0,True,2015,1
40,22/01/2015,Englishleap,Unknown,Unknown,Unknown,ANALEC,Private Equity,,False,2015,1
41,22/01/2015,Freshmonk,Unknown,Unknown,Unknown,"August Capital Partners, Michael Blakey",Seed/Angel,,False,2015,2
42,24/01/2015,Aasaanjobs,HR & Jobs,Unknown,Unknown,"IDG Ventures, Inventus Capital Partners",Seed/Angel,1500000.0,True,2015,2
43,24/01/2015,Impartus,Unknown,Unknown,Unknown,Kaizen Private Equity,Private Equity,,False,2015,1
44,25/01/2015,Thrill App,Unknown,Unknown,Unknown,People Group (Shaadi.com),Private Equity,1000000.0,True,2015,1
45,27/01/2015,CarDekho,E-commerce,Unknown,Unknown,"Hillhouse Capital, Tybourne Capital",Private Equity,50000000.0,True,2015,2
46,28/01/2015,Grabhouse,Real Estate,Unknown,Unknown,"Kalaari Capital, Sequoia Capital",Private Equity,2500000.0,True,2015,2
47,29/01/2015,Graphene,Unknown,Unknown,Unknown,KARSEMVEN Fund,Private Equity,825000.0,True,2015,1
48,29/01/2015,Printvenue,Unknown,Unknown,Unknown,Asia Pacific Internet Group,Private Equity,4500000.0,True,2015,1
49,30/01/2015,Mad Street Den,Unknown,Unknown,Unknown,"Exfinity Fund, GrowX Ventures",Private Equity,1500000.0,True,2015,2
50,30/01/2015,Simplotel,Unknown,Unknown,Unknown,MakeMyTrip,Private Equity,,False,2015,1
51,31/01/2015,couponmachine,Unknown,Unknown,Unknown,UK based Group of Angel Investors,Seed/Angel,140000.0,True,2015,1
52,02/02/2015,Chloroplast Foods,Unknown,Unknown,Unknown,Group of Angel Investors,Seed/Angel,16600.0,True,2015,1
53,02/02/2015,CleverSharks,Unknown,Unknown,Unknown,Group of Angel Investors,Seed/Angel,16600.0,True,2015,1
54,02/02/2015,Dealwithus,Unknown,Unknown,Unknown,Group of Angel Investors,Seed/Angel,16600.0,True,2015,1
55,02/02/2015,Faaya,Unknown,Unknown,Unknown,Group of Angel Investors,Seed/Angel,16600.0,True,2015,1
56,02/02/2015,FirstCry,E-commerce,Unknown,Unknown,Valiant Capital Partners,Private Equity,26000000.0,True,2015,1
57,02/02/2015,HolaChef,Food & Beverage,Unknown,Unknown,India Quotient,Seed/Angel,325000.0,True,2015,1
58,02/02/2015,InstaBounce,Unknown,Unknown,Unknown,Group of Angel Investors,Seed/Angel,16600.0,True,2015,1
59,02/02/2015,Leaf,Unknown,Unknown,Unknown,Group of Angel Investors,Seed/Angel,16600.0,True,2015,1
60,02/02/2015,NowFloats,Unknown,Unknown,Unknown,Omidyar Network,Private Equity,,False,2015,1
61,02/02/2015,SmartPocket,Unknown,Unknown,Unknown,"Rajiv Mehta, Sol Primero",Seed/Angel,250000.0,True,2015,2
62,02/02/2015,Yumist,Food & Beverage,Unknown,Unknown,Orios Venture Partner,Private Equity,1000000.0,True,2015,1
63,03/02/2015,Frsh,Food & Beverage,Unknown,Unknown,"India Quotient, Kae Capital",Seed/Angel,518000.0,True,2015,2
64,03/02/2015,Manthan,Unknown,Unknown,Unknown,"Norwest Venture Partners, Temasek",Private Equity,60000000.0,True,2015,2
65,05/02/2015,Aisle,Unknown,Unknown,Unknown,"Anand Vijay, Shashank Mehrotra",Seed/Angel,100000.0,True,2015,2
66,05/02/2015,Culture Machine,Unknown,Unknown,Unknown,"Tiger Global, Times Internet, Zodius Capital",Private Equity,18000000.0,True,2015,3
67,05/02/2015,Kobster,Unknown,Unknown,Unknown,Splice Advisors,Seed/Angel,,False,2015,1
68,05/02/2015,Paytm,E-commerce,Unknown,Unknown,Ant Financial Services (Alipay),Private Equity,,False,2015,1
69,06/02/2015,FreeCharge,FinTech,Unknown,Unknown,"RuNet, Sequoia Capital, Sofina, Tybourne Capital, Valiant Capital",Private Equity,80000000.0,True,2015,5
70,06/02/2015,NewsHunt,Unknown,Unknown,Unknown,"Falcon Edge Capital, Matrix Partners India, Omidyar Network, Sequoia Capital",Private Equity,40000000.0,True,2015,4
71,09/02/2015,CarDekho,E-commerce,Unknown,Unknown,Ratan Tata,Private Equity,,False,2015,1
72,09/02/2015,Faasos,Food & Beverage,Unknown,Unknown,Lightbox Ventures,Private Equity,20000000.0,True,2015,1
73,09/02/2015,MyNoticePeriod,Unknown,Unknown,Unknown,IDG Ventures,Private Equity,3000000.0,True,2015,1
74,10/02/2015,Cartrade,Mobility,Unknown,Unknown,Chip Perry,Private Equity,,False,2015,1
75,10/02/2015,StoreKing,E-commerce,Unknown,Unknown,Mangrove Capital Partners,Private Equity,,False,2015,1
76,11/02/2015,Capital Float,FinTech,Unknown,Unknown,"Aspada, SAIF Partners, Sequoia Capital",Private Equity,13000000.0,True,2015,3
77,11/02/2015,FindYahan,E-commerce,Unknown,Unknown,"Amanpreet Bajaj, Karan Bajwa, Parvesh Bareja, Sunjay Kapur",Seed/Angel,,False,2015,4
78,11/02/2015,Nimble Wireless,Unknown,Unknown,Unknown,AngelPrime,Seed/Angel,3000000.0,True,2015,1
79,11/02/2015,TownScript,Unknown,Unknown,Unknown,Group of Angel Investors,Seed/Angel,,False,2015,1
80,12/02/2015,Practo,Healthcare,Unknown,Unknown,"Matrix Partners, Sequoia Capital",Private Equity,30000000.0,True,2015,2
81,12/02/2015,StayZilla,Unknown,Unknown,Unknown,"Matrix Partners, Nexus Venture Partners",Private Equity,20000000.0,True,2015,2
82,13/02/2015,20Dresses,Unknown,Unknown,Unknown,"BS Nagesh, Srinivas Aluri, Srinivas Modukury",Seed/Angel,1000000.0,True,2015,3
83,13/02/2015,CimplyFive,Unknown,Unknown,Unknown,"Suresh Senapaty, TV Mohandas Pai",Seed/Angel,,False,2015,2
84,13/02/2015,Itzcash,Unknown,Unknown,Unknown,Ashok Goel (promoter),Private Equity,16500000.0,True,2015,1
85,16/02/2015,iTraveller,Unknown,Unknown,Unknown,ah! Ventures,Private Equity,1000000.0,True,2015,1
86,16/02/2015,NewsInShorts,Media & Entertainment,Unknown,Unknown,"Binny Bansal, Rebright Partners, Sachin, Tiger Global",Private Equity,4150000.0,True,2015,4
87,17/02/2015,NextGen,Unknown,Unknown,Unknown,"Group of other investors, Mumbai Angels",Seed/Angel,,False,2015,2
88,18/02/2015,Wooplr,E-commerce,Unknown,Unknown,Helion Venture Partners,Private Equity,5000000.0,True,2015,1
89,20/02/2015,Klip,Unknown,Unknown,Unknown,"Calcutta Angels, Venture Nursery Angels Mumbai Angels",Seed/Angel,500000.0,True,2015,2
90,20/02/2015,Renderlogy,Real Estate,Unknown,Unknown,Brick Eagle,Private Equity,1600000.0,True,2015,1
91,21/02/2015,Appbase,Unknown,Unknown,Unknown,"Carnegie Mellon University, DA-IICT, Startup Brasil program, Techstars",Seed/Angel,290000.0,True,2015,4
92,23/02/2015,HomeLane,Real Estate,Unknown,Unknown,"Mohandas Pai, Ranjan Pai, Sequoia Capital",Private Equity,4500000.0,True,2015,3
93,23/02/2015,NoBroker,Real Estate,Unknown,Unknown,"Fulcrum Ventures, SAIF Partners",Private Equity,3000000.0,True,2015,2
94,23/02/2015,Trip38,Unknown,Unknown,Unknown,"InterGlobe Technology Quotient, Lantern Capital",Private Equity,1000000.0,True,2015,2
95,24/02/2015,Caravan Craft Retail,Unknown,Unknown,Unknown,"Bijou Kurien, Unitus Seed Fund Narayan Ramachandran",Seed/Angel,500000.0,True,2015,2
96,25/02/2015,Clonect Solutions,Unknown,Unknown,Unknown,"BC Prabhakar, T V Mohandas Pai, V Balakrishnan",Seed/Angel,250000.0,True,2015,3
97,25/02/2015,IndustryBuying,E-commerce,Unknown,Unknown,SAIF Partners,Private Equity,2000000.0,True,2015,1
98,25/02/2015,Peppertap,Food & Beverage,Unknown,Unknown,Sequoia Capital,Seed/Angel,,False,2015,1
99,25/02/2015,Sattviko,E-commerce,Unknown,Unknown,"Rajat Jain, Sanjay Bhasin, Sumit Jain",Seed/Angel,320000.0,True,2015,3
100,25/02/2015,Squadrun,Unknown,Unknown,Unknown,"Amit Ranjan, Deepinder Goyal, Powai Lake Ventures, Zishaan Hayath",Seed/Angel,,False,2015,4
101,25/02/2015,TaxSutra,FinTech,Unknown,Unknown,"T V Mohandas Pai, V Balakrishnan",Seed/Angel,160000.0,True,2015,2
102,26/02/2015,FreshWorld,Unknown,Unknown,Unknown,"Kris Gopalakrishnan, Nagaraja Prakasam",Seed/Angel,,False,2015,2
103,26/02/2015,TinyOwl,Food & Beverage,Unknown,Unknown,"Matrix Partners, Nexus Venture Partners, Sequoia Capital",Private Equity,16000000.0,True,2015,3
104,27/02/2015,Grofers,Food & Beverage,Unknown,Unknown,"Sequoia Capital, Tiger Global",Private Equity,10000000.0,True,2015,2
105,27/02/2015,Momoe,Unknown,Unknown,Unknown,"IDG Ventures India, India Quotient, Jungle Ventures",Seed/Angel,1200000.0,True,2015,3
106,02/03/2015,InstaLively,Media & Entertainment,Unknown,Unknown,Group of Angel Investors,Seed/Angel,120000.0,True,2015,1
107,02/03/2015,TrulyMadly,Unknown,Unknown,Unknown,"Helion Venture Partners, Kae Capital",Private Equity,5500000.0,True,2015,2
108,03/03/2015,Intruo,Unknown,Unknown,Unknown,"Alok Goel, Ashutosh Lawania",Seed/Angel,,False,2015,2
109,03/03/2015,Vserv,Unknown,Unknown,Unknown,"IDG Ventures India, Maverick Capital",Private Equity,15000000.0,True,2015,2
110,05/03/2015,Customfurnish,Real Estate,Unknown,Unknown,"Madhukar Gangadi, SIDBI, Satish Reddy, Srini Koppolu, Srini Raju",Private Equity,2500000.0,True,2015,5
111,05/03/2015,Niffler,Unknown,Unknown,Unknown,SAIF Partners,Seed/Angel,1000000.0,True,2015,1
112,06/03/2015,MapMyGenome,Unknown,Unknown,Unknown,Rajan Anandan & other angel investors,Private Equity,1200000.0,True,2015,1
113,09/03/2015,Biteclub,Food & Beverage,Unknown,Unknown,"Alok Mittal, Aneesh Reddy, Ashish Kashyap, Powai Lake Ventures",Seed/Angel,500000.0,True,2015,4
114,09/03/2015,Crowdfire (formerly Justunfollow),Unknown,Unknown,Unknown,Kalaari Capital,Private Equity,2500000.0,True,2015,1
115,10/03/2015,Localbanya,Unknown,Unknown,Unknown,Shrem Strategies,Private Equity,,False,2015,1
116,11/03/2015,Chargebee,FinTech,Unknown,Unknown,"Accel, Tiger Global",Private Equity,5000000.0,True,2015,2
117,11/03/2015,FiTraQ,Healthcare,Unknown,Unknown,Tarun Arora,Seed/Angel,150000.0,True,2015,1
118,11/03/2015,Groupon India,Unknown,Unknown,Unknown,Sequoia Capital,Private Equity,20000000.0,True,2015,1
119,12/03/2015,MoonFrog Labs,Unknown,Unknown,Unknown,"Sequoia Capital, Tiger Global",Private Equity,15000000.0,True,2015,2
120,12/03/2015,Process 9,Unknown,Unknown,Unknown,"Ajai Chowdhry, Alok Sharma, IAN Ventures, Kris Gopalakrishnan, Saurabh Srivastava",Seed/Angel,,False,2015,5
121,13/03/2015,DiabetOmics,Unknown,Unknown,Unknown,"Varaprasad Reddy, VentureEast",Private Equity,5000000.0,True,2015,2
122,13/03/2015,Foodpanda,Food & Beverage,Unknown,Unknown,Rocket Internet AG,Private Equity,110000000.0,True,2015,1
123,13/03/2015,Paytm,E-commerce,Unknown,Unknown,Ratan Tata,Private Equity,,False,2015,1
124,13/03/2015,Qyk,Unknown,Unknown,Unknown,"Abhishek Goyal, Powai Lake Ventures, Sahil Barua, Zishan Hayath",Seed/Angel,,False,2015,4
125,14/03/2015,DailyRounds,Healthcare,Unknown,Unknown,"GSF, Kae Capital, Teruhide Sato",Seed/Angel,500000.0,True,2015,3
126,14/03/2015,Orobind,EdTech,Unknown,Unknown,"Harpreet Singh Grover, Lalit Mangal, Zishaan Hayath",Seed/Angel,200000.0,True,2015,3
127,14/03/2015,Routofy,Unknown,Unknown,Unknown,"Kunal Bahl, Rohit Bansal",Seed/Angel,,False,2015,2
128,16/03/2015,Digital Gorkha,Unknown,Unknown,Unknown,Ramesh kavediya,Seed/Angel,166000.0,True,2015,1
129,16/03/2015,Meru Cabs,FinTech,Unknown,Unknown,Value Fund Advisors,Private Equity,50000000.0,True,2015,1
130,16/03/2015,NestAway,Real Estate,Unknown,Unknown,"IDG Ventures, Naveen Tewari",Seed/Angel,1300000.0,True,2015,2
131,16/03/2015,The Better India,Media & Entertainment,Unknown,Unknown,I-cube-N,Seed/Angel,166000.0,True,2015,1
132,17/03/2015,GolfLAN,Unknown,Unknown,Unknown,YourNest Angel Fund,Seed/Angel,,False,2015,1
133,18/03/2015,Drivestream,Unknown,Unknown,Unknown,Wipro,Private Equity,5000000.0,True,2015,1
134,18/03/2015,GoJavas,Logistics,Unknown,Unknown,Snapdeal,Private Equity,,False,2015,1
135,18/03/2015,wWhere,Unknown,Unknown,Unknown,Group of Angel Investors,Seed/Angel,200000.0,True,2015,1
136,19/03/2015,Graphic India,Unknown,Unknown,Unknown,"CA Media LP, Start Media",Seed/Angel,2800000.0,True,2015,2
137,19/03/2015,Tripoto,Media & Entertainment,Unknown,Unknown,"IDG Ventures, Outbox Ventures",Private Equity,2000000.0,True,2015,2
138,20/03/2015,CollateBox,Unknown,Unknown,Unknown,LetsVenture,Seed/Angel,180000.0,True,2015,1
139,20/03/2015,Harness Handitouch,Unknown,Unknown,Unknown,Armat Group,Private Equity,,False,2015,1
140,20/03/2015,Lets Corp,Unknown,Unknown,Unknown,Wu Chay Chin,Seed/Angel,3000000.0,True,2015,1
141,20/03/2015,Mahindra First Choice,Unknown,Unknown,Unknown,Valiant Capital,Private Equity,15000000.0,True,2015,1
142,21/03/2015,Round One,Unknown,Unknown,Unknown,"Arun Duggal, HT Media",Seed/Angel,,False,2015,2
143,23/03/2015,Mosambee,Unknown,Unknown,Unknown,"RVCF, SIDBI",Private Equity,,False,2015,2
144,23/03/2015,Razorpay,FinTech,Unknown,Unknown,Y Combinator,Seed/Angel,120000.0,True,2015,1
145,24/03/2015,Cubito,Unknown,Unknown,Unknown,Sol Primero,Seed/Angel,160000.0,True,2015,1
146,24/03/2015,Furlenco,Real Estate,Unknown,Unknown,LightBox Ventures,Private Equity,6000000.0,True,2015,1
147,25/03/2015,Artoo,Unknown,Unknown,Unknown,"Accion Venture Labs, Rianta Capital",Private Equity,500000.0,True,2015,2
148,25/03/2015,Fxkart,Unknown,Unknown,Unknown,"Dr Faraz Naqvi, Dr Mushtaq Shah",Seed/Angel,2000000.0,True,2015,2
149,25/03/2015,OYO Rooms,Travel & Hospitality,Unknown,Unknown,"Greenoaks capital, LightSpeed Ventures, Sequoia Capital",Private Equity,25000000.0,True,2015,3
150,25/03/2015,Rozgar Mela,Unknown,Unknown,Unknown,"Impact Investment Holding, Upaya Social Ventures",Seed/Angel,,False,2015,2
151,25/03/2015,Teabox,E-commerce,Unknown,Unknown,"Accel, Dragoneer Investment, JAFCO Asia, Keystone Group",Private Equity,6000000.0,True,2015,4
152,26/03/2015,Roposo,E-commerce,Unknown,Unknown,"Binny Bansal, Indian Quotient, Tiger Global",Private Equity,5000000.0,True,2015,3
153,26/03/2015,Teewe,Unknown,Unknown,Unknown,"India Quotient, Sequoia Capital",Seed/Angel,1750000.0,True,2015,2
154,27/03/2015,Chargein,Unknown,Unknown,Unknown,Pittie Group,Seed/Angel,100000.0,True,2015,1
155,27/03/2015,Urjas,Unknown,Unknown,Unknown,Solidarity Venture Capital,Seed/Angel,100000.0,True,2015,1
156,28/03/2015,LimeRoad,Unknown,Unknown,Unknown,"Lightspeed Venture Partners, Matrix Partners, Tiger Global",Private Equity,30000000.0,True,2015,3
157,28/03/2015,Team Indus,Unknown,Unknown,Unknown,"Ajai Chowdhary, Nandan Nilekani, Rajiv Mody",Private Equity,1500000.0,True,2015,3
158,28/03/2015,Yogurt Labs,Unknown,Unknown,Unknown,"Family Pot Investments LLP, Kiran Bhat, Nick Adams",Seed/Angel,115000.0,True,2015,3
159,30/03/2015,Arohan Financial Services,Unknown,Unknown,Unknown,Tano Capital,Private Equity,10000000.0,True,2015,1
160,30/03/2015,BillDesk,Unknown,Unknown,Unknown,TA Associates,Private Equity,75000000.0,True,2015,1
161,31/03/2015,AppsDaily,Unknown,Unknown,Unknown,"Kalaari Capital, Qualcomm Ventures, Ru-Net, Zodius Capital",Private Equity,16000000.0,True,2015,4
162,31/03/2015,Aryaka,Unknown,Unknown,Unknown,"InterWest Partners, Mohr Davidow Ventures, Presidio Ventures, Trinity Ventures",Private Equity,16000000.0,True,2015,4
163,31/03/2015,Triphobo,Unknown,Unknown,Unknown,"Kalaari Capital, Mayfield Ventures",Private Equity,3000000.0,True,2015,2
164,03/04/2015,Swiggy,Food & Beverage,Online Food Delivery,Bengaluru,"Accel, SAIF Partners",Private Equity,2000000.0,True,2015,2
165,04/04/2015,Bluegape,Media & Entertainment,Web Content Publishing,Gurugram,"Rudy Gopalakrishnan, ah! Ventures",Seed/Angel,200000.0,True,2015,2
166,06/04/2015,InstaLively,Media & Entertainment,Video Streaming,Delhi,"AECAL, Amit Ranjan, MeraEvents, Niraj Singh, Rajan Anandan, Rajesh Sawheny",Seed/Angel,120000.0,True,2015,6
167,07/04/2015,LogiNext,Logistics,Logistics Tech,Mumbai,"Ajit Surana, Sanjay Mehta",Seed/Angel,,False,2015,2
168,07/04/2015,PressPlay,Travel & Hospitality,Travel Entertainment,Delhi,"Amit Bhatiani, Jarett Posner, Jason Hirschhorn, Sequoia Capital",Seed/Angel,2200000.0,True,2015,4
169,07/04/2015,Pricejugaad,Other,Price Comparison,Hyderabad,"Amit Tyagi, Sandeep Acharya",Seed/Angel,165000.0,True,2015,2
170,07/04/2015,Quikr,E-commerce,Online Classifieds,Mumbai,"Investment AB Kinnevik, Steadview Capital, Tiger Global",Private Equity,150000000.0,True,2015,3
171,08/04/2015,FirstCry,E-commerce,eCommerce,Pune,"IDG Ventures India, NEA Ventures, SAIF Partners, Silicon Valley Ventures, Valiant Capital, Vertex Ventures",Private Equity,10000000.0,True,2015,6
172,08/04/2015,Mobikwik,FinTech,Digital / Mobile Wallet,Gurugram,"American Express, Cisco Investments, Sequoia Capital, Tree Line Asia",Private Equity,25000000.0,True,2015,4
173,08/04/2015,Ola,Mobility,Cab Aggregator,Bengaluru,"Accel, DST Global, Steadview Capital, Tiger Global",Private Equity,400000000.0,True,2015,4
174,09/04/2015,Bonhomia,Food & Beverage,Premium Beverages,Delhi,"Kanwaljit Singh, Sarvesh Shahra, Shripad Nadkarni",Seed/Angel,2000000.0,True,2015,3
175,09/04/2015,Changer Mints,FinTech,Digital / Mobile Wallet,Kolkata,Hyderabad based investor,Seed/Angel,165000.0,True,2015,1
176,09/04/2015,Gadgetwood,Consumer Services,Device Repair Svcs,Delhi,"Ajai Chowdhry, Ashvin Chadha, Nitin Singhal, Yogesh Bansal",Seed/Angel,200000.0,True,2015,4
177,09/04/2015,Purple Squirrel,EdTech,Ed-Tech,Mumbai,"India Quotient, Matrix Partners India",Private Equity,,False,2015,2
178,09/04/2015,Urban Ladder,Real Estate,Online Furnishing eCommerce,Bengaluru,"Kalaari Capital, SAIF Partners, Sequoia Capital, Steadview Capital, TR Capital",Private Equity,50000000.0,True,2015,5
179,10/04/2015,iMMi Life,Healthcare,Mobile Health Tech,Chennai,Unitus Seed Fund,Seed/Angel,,False,2015,1
180,10/04/2015,Whatfix,Other,Interactive How-To Guides,Bengaluru,"GSF, Helion Venture Partner, Other angel investors, Powerhouse Ventures",Seed/Angel,900000.0,True,2015,4
181,11/04/2015,Zomato,Food & Beverage,Restaurant Reviews,Gurugram,Info Edge (India),Private Equity,25000000.0,True,2015,1
182,13/04/2015,Capricoast,Real Estate,Online Kitchen Furniture,Bengaluru,Accel,Seed/Angel,1250000.0,True,2015,1
183,13/04/2015,Commeasure,Travel & Hospitality,Online Hotel Booking,Noida,Jungle Ventures,Seed/Angel,1000000.0,True,2015,1
184,13/04/2015,Nayi Disha,EdTech,Ed-Tech,Delhi,Ajay Relan,Seed/Angel,300000.0,True,2015,1
185,13/04/2015,The Porter,Logistics,Logistics Tech,Mumbai,Kae Capital,Seed/Angel,500000.0,True,2015,1
186,13/04/2015,ZopNow,Food & Beverage,Online Grocer,Bengaluru,"Accel, Dragoneer Investment, Qualcomm Ventures, Times Internet",Private Equity,10000000.0,True,2015,4
187,14/04/2015,LocalOye,Consumer Services,Hyper-local Online Services,Mumbai,"Lightspeed Venture Partners, Tiger Global",Private Equity,5000000.0,True,2015,2
188,15/04/2015,Grofers,Food & Beverage,Hyper-Local Online/Mobile Grocery,Gurugram,"Sequoia Capital, Tiger Global",Private Equity,35000000.0,True,2015,2
189,15/04/2015,Peppertap,Food & Beverage,Hyper-Local Online/Mobile Grocery,Gurugram,"SAIF Partners, Sequoia Capital",Private Equity,10000000.0,True,2015,2
190,15/04/2015,PolicyBazaar,FinTech,Online Policy Aggregator,Gurugram,"PremjiInvest, Ribbit Capital, Tiger Global",Private Equity,40000000.0,True,2015,3
191,16/04/2015,Taskbob,Consumer Services,OnDemand Mobile Handyman Services,Mumbai,"Mayfield India, Orios Venture Partners",Seed/Angel,1200000.0,True,2015,2
192,16/04/2015,UrbanClap,E-commerce,Hyperlocal Mobile Services Marketplace,Delhi,"Accel, Kunal Bahl, Rohit Bansal, SAIF Partners",Seed/Angel,1600000.0,True,2015,4
193,17/04/2015,Robosoft,SaaS & Enterprise Tech,Mobile App Development,Udupi,"Ascent Capital, Kalaari Capital",Private Equity,12000000.0,True,2015,2
194,18/04/2015,Doormint,Consumer Services,On-Demand Handyman Services,Mumbai,Powai Lake Ventures,Seed/Angel,,False,2015,1
195,20/04/2015,1mg (Healthkartplus),Healthcare,Online Pharmacy & Drug DB,Gurugram,"Deep Kalra, Intel Capital, Kae Capital, Omidyar Network, Sequoia Capital",Private Equity,6000000.0,True,2015,5
196,20/04/2015,FreshDesk,SaaS & Enterprise Tech,Online / Mobile Customer Support,Chennai,"Accel, Google Capital, Tiger Global",Private Equity,50000000.0,True,2015,3
197,20/04/2015,Pastiwala,Energy & CleanTech,Material Collection & Recycling,Vadodara,Agnus Capital,Private Equity,4000000.0,True,2015,1
198,20/04/2015,Sulekha,E-commerce,Online Classifieds & Listings,Chennai,GIC ventures,Private Equity,28000000.0,True,2015,1
199,20/04/2015,Vyomo,Consumer Services,Beauty & Wellness Mobile App,Gurugram,YouWeCan Ventures,Seed/Angel,,False,2015,1
200,22/04/2015,Avanti Learning,EdTech,Private Coaching Centers,Delhi,"Michael, Pearson Learning Fund, Susan Dell Foundation",Private Equity,1500000.0,True,2015,3
201,22/04/2015,Eat.Shop.Love,E-commerce,Fashion ECommerce,Bengaluru,Undisclosed Investor,Private Equity,3500000.0,True,2015,1
202,22/04/2015,FindYahan,E-commerce,Hyperlocal services marketplace,Delhi,The Phoenix Fund,Private Equity,,False,2015,1
203,23/04/2015,Craftstvilla,E-commerce,Ethnic Product eCommerce,Mumbai,"GFC, Lightspeed Ventures, Nexus venture Partners, Sequoia Capital",Private Equity,18000000.0,True,2015,4
204,23/04/2015,EazyDiner,Food & Beverage,Restaurant reservation app,Delhi,"Deepak Shahdadpuri, Gulpreet Kohli",Seed/Angel,,False,2015,2
205,23/04/2015,happay,Other,usiness expense management,Bengaluru,AngelPrime,Seed/Angel,500000.0,True,2015,1
206,23/04/2015,HeadOut,Travel & Hospitality,Last Minute Travel Deals mobile marketplace,Bengaluru,"500 Startups, Arena Ventures, Nexus Venture Partners, Version One Ventures",Seed/Angel,1800000.0,True,2015,4
207,23/04/2015,Jugnoo,Mobility,Auto Rickshaw based Logistics,Chandigarh,"Rakesh Mathur, Vikas Taneja",Seed/Angel,1000000.0,True,2015,2
208,23/04/2015,Phone Warrior,SaaS & Enterprise Tech,Spam Call block App,Delhi,Lightspeed Ventures,Seed/Angel,,False,2015,1
209,23/04/2015,Simplilearn,EdTech,Online Certification Courses,Bengaluru,"Helion Ventures, Kalaari Capital, Mayfield Ventures",Private Equity,15000000.0,True,2015,3
210,24/04/2015,Coverfox,FinTech,Online Insurance Aggregator,Mumbai,"Accel India, Accel US, SAIF Partners",Private Equity,12000000.0,True,2015,3
211,27/04/2015,GIBBS,Energy & CleanTech,Clean Tech,Delhi,Infuse Ventures fund,Private Equity,,False,2015,1
212,27/04/2015,Grab,Food & Beverage,Food Logistics & Delivery,Mumbai,"Haresh Chawla, Oliphans Capital",Seed/Angel,1000000.0,True,2015,2
213,27/04/2015,LogicRoots,EdTech,Interactive Educational Games,Jaipur,"91SpringBoard, Ah! Ventures, Calcutta Angels",Seed/Angel,400000.0,True,2015,3
214,27/04/2015,Torqus,Food & Beverage,Restaurant Management Platform,Pune,S S Mukherji,Seed/Angel,350000.0,True,2015,1
215,28/04/2015,Babajobs,HR & Jobs,Grey collar Job Board,Bengaluru,SEEK Ltd & affiliates,Private Equity,10000000.0,True,2015,1
216,28/04/2015,Jay Robotix,EdTech,Robotic Program learning,Hyderabad,Cross Border Angels,Seed/Angel,250000.0,True,2015,1
217,28/04/2015,Naaptol,E-commerce,Tele-Shopping / eCommerce,Mumbai,"Co & existing investors, Mitsui",Private Equity,21500000.0,True,2015,2
218,28/04/2015,Urban Ladder,Real Estate,Online Furniture ecommerce,Bengaluru,"Anand Rajaraman, Venky Harinarayan",Private Equity,,False,2015,2
219,29/04/2015,Dazo,Food & Beverage,Mobile Food Ordering app,Bengaluru,"Alok Goel, Amit Agrawal, Aprameya Radhakrishna, Ashish Dev Kapur, Gaurav Munjal, Rajan Anandan, Sumit Jain, Vinay Goel",Seed/Angel,,False,2015,8
220,29/04/2015,Icertis,SaaS & Enterprise Tech,Cloud Enterprise Software,Pune,"Fidelity Growth Partners, Greycroft Partners",Private Equity,6000000.0,True,2015,2
221,29/04/2015,PiQube,HR & Jobs,Hiring Analytics platform,Chennai,The HR Fund,Seed/Angel,500000.0,True,2015,1
222,29/04/2015,ReGlobe,Other,Used Gadgets Buy / Refurbishing,Gurugram,"Bessemer Ventures, Blume Ventures",Seed/Angel,1000000.0,True,2015,2
223,29/04/2015,Tracxn,SaaS & Enterprise Tech,Startup Analytics platform,Bengaluru,SAIF Partners,Private Equity,3500000.0,True,2015,1
224,29/04/2015,Tradelab,FinTech,Financial Markets Software,Bengaluru,Rainmatter,Seed/Angel,400000.0,True,2015,1
225,29/04/2015,Travel Triangle,Travel & Hospitality,Online Travel Marketplace,Noida,"Bessemer Venture Partners, SAIF Partners",Private Equity,8000000.0,True,2015,2
226,01/05/2015,Foodpanda,Food & Beverage,Online Food Delivery,Gurugram,"Goldman Sachs, Rocket Internet",Private Equity,100000000.0,True,2015,2
227,01/05/2015,Termsheet,FinTech,Fund Raising Platform,Chennai,"Anand Vijay, Azmul Haque, Gaurav Lochan, Keith Rodricks, Nikhil Bagri, Nipun Dureja, Satyajit Heeralal",Seed/Angel,100000.0,True,2015,7
228,04/05/2015,Applicate,HR & Jobs,Workforce Management Software,Bengaluru,"Amit Gupta, Rajiv Nayan, Rishi Vasudev",Seed/Angel,550000.0,True,2015,3
229,04/05/2015,SpoonJoy,Food & Beverage,Online Food Delivery,Bengaluru,SAIF Partners,Seed/Angel,1000000.0,True,2015,1
230,04/05/2015,World Art Community,E-commerce,Online Art Marketplace,Gurugram,Viraj Tyagi,Seed/Angel,200000.0,True,2015,1
231,05/05/2015,Customer360,SaaS & Enterprise Tech,Customer Engagement Platform,Mumbai,Vishwas Patel,Seed/Angel,,False,2015,1
232,05/05/2015,Fintellix,FinTech,Banking Analytics Platform,Bengaluru,"IDG Ventures, Sequoia Capital",Private Equity,15000000.0,True,2015,2
233,05/05/2015,Ignis Careers,HR & Jobs,Career Development,Hyderabad,Acumen Fund,Seed/Angel,250000.0,True,2015,1
234,05/05/2015,Seed Schools,EdTech,Affordable Education,Hyderabad,Acumen Fund,Seed/Angel,650000.0,True,2015,1
235,06/05/2015,Delhivery,Logistics,Ecommerce Logistics,Gurugram,"Multiples Alternate Asset Management, Nexus Venture Partners, Tiger Global, Times Internet",Private Equity,85000000.0,True,2015,4
236,06/05/2015,Swiggy,Food & Beverage,Online Food Delivery,Bengaluru,Norwest Venture Partners,Private Equity,15000000.0,True,2015,1
237,07/05/2015,Box8,Food & Beverage,Online Food Delivery,Mumbai,Mayfield Ventures,Private Equity,3500000.0,True,2015,1
238,07/05/2015,Toppr,EdTech,Online Education Platform,Mumbai,"Fidelity Growth Partners India, Helion Ventures, SAIF Partners",Private Equity,10000000.0,True,2015,3
239,07/05/2015,Uniphore,SaaS & Enterprise Tech,Speech Recognition Solutions,Chennai,"IDG Ventures, Kris Gopalakrishnan",Private Equity,,False,2015,2
240,07/05/2015,Vedantu,EdTech,Online Education Platform,Bengaluru,"Accel, Tiger Global",Private Equity,5000000.0,True,2015,2
241,08/05/2015,BuyHatke,Retail & Consumer Goods,Online Product Comparison,Bengaluru,"Beenos, S.Gopalakrishnan",Seed/Angel,1000000.0,True,2015,2
242,08/05/2015,GrandOpinion,Healthcare,Online Medical Diagnostic,Delhi,Florida based Angel investor,Seed/Angel,150000.0,True,2015,1
243,08/05/2015,HealthifyMe,Healthcare,Health & Fitness App,Bengaluru,Micromax Informatics,Private Equity,,False,2015,1
244,08/05/2015,KleverKid,EdTech,Online Education Platform,Delhi,Aarin Capital Partners,Seed/Angel,,False,2015,1
245,08/05/2015,Uniken,SaaS & Enterprise Tech,Online Security Platform,Pune,Exfinity Ventures,Private Equity,2000000.0,True,2015,1
246,12/05/2015,MobieFit,Healthcare,Mobile Fitness App,Goa,Prototyze,Seed/Angel,,False,2015,1
247,12/05/2015,Plancess,EdTech,Online Education Platform,Mumbai,"Chandrakant Gogri, Rajendra Gogri",Seed/Angel,2000000.0,True,2015,2
248,12/05/2015,Wassup,Consumer Services,Mobile Laundry Cleaning Service,Chennai,"Arun Chandra Mohan, Praveen Sinha",Private Equity,2000000.0,True,2015,2
249,12/05/2015,ZapStitch,SaaS & Enterprise Tech,Cloud Data Integration Platform,Bengaluru,"Helion Venture Partners, Orios Venture Partners",Private Equity,2000000.0,True,2015,2
250,13/05/2015,Innovaccer,SaaS & Enterprise Tech,Intelligent Data Analytics,Noida,"Aneesh Reddy, Rajan Anandan, Teru Sato, Venkatesh Valluri",Seed/Angel,,False,2015,4
251,13/05/2015,MyCuteOffice,Real Estate,Online Office Rental,Mumbai,Lead Angels,Seed/Angel,,False,2015,1
252,14/05/2015,IndianRoots,E-commerce,Lifestyle Ecommerce Portal,Gurugram,KJS Group,Private Equity,5000000.0,True,2015,1
253,15/05/2015,Venturesity,HR & Jobs,Online Job skills Showcase,Bengaluru,"Hemant Kanakia, Jay Sethuram, Phanindra Sama, Ravi Trivedi",Seed/Angel,270000.0,True,2015,4
254,18/05/2015,Awaaz De,SaaS & Enterprise Tech,Enterprise Communication Platform,Ahmedabad,Samir Shah,Seed/Angel,,False,2015,1
255,18/05/2015,The Better India,Media & Entertainment,Online News Media,Bengaluru,Mohandas Pai,Seed/Angel,,False,2015,1
256,19/05/2015,Akosha,Media & Entertainment,Business Messaging App,Delhi,Sequoia Capital,Private Equity,16000000.0,True,2015,1
257,19/05/2015,Chaayos,Food & Beverage,Offline Tea Chain,Delhi,Tiger Global,Private Equity,1000000.0,True,2015,1
258,19/05/2015,Cooey,Healthcare,Health Mobile App,Bengaluru,Subhash Goyal,Seed/Angel,470000.0,True,2015,1
259,19/05/2015,CrownIt,E-commerce,Hyperlocal Mobile Marketplace,Gurugram,"Accel, Helion Venture Partners",Private Equity,5500000.0,True,2015,2
260,19/05/2015,Inspirock,Travel & Hospitality,Online Travel Planning,Unknown,MakeMyTrip Innovation Fund,Private Equity,,False,2015,1
261,19/05/2015,MeetUniv,EdTech,Online Ed-Tech Platform,Noida,Peesh Venture Capital,Seed/Angel,1000000.0,True,2015,1
262,19/05/2015,Springleap,Unknown,Unknown,Unknown,Cross Border Angels,Seed/Angel,800000.0,True,2015,1
263,19/05/2015,Trucksfirst,Logistics,Trucking Logistic Operations,Gurugram,SAIF partners,Private Equity,10000000.0,True,2015,1
264,20/05/2015,Lookup,Media & Entertainment,B2C Messaging App,Bengaluru,Biz Stone,Private Equity,3000000.0,True,2015,1
265,21/05/2015,Knit,Unknown,Unknown,Unknown,"Amit Rambhia, Rohit Jain",Seed/Angel,,False,2015,2
266,21/05/2015,SunTerrace,Energy & CleanTech,Rooftop Solar Plants,Delhi,Sunergy Investors,Private Equity,,False,2015,1
267,21/05/2015,Villgro,FinTech,Unknown,Unknown,"Michael, Susan Dell Foundation",Seed/Angel,3250000.0,True,2015,2
268,22/05/2015,CarDekho,Mobility,Online Car Portal,Jaipur,HDFC Bank,Private Equity,,False,2015,1
269,22/05/2015,EveningFlavors,Food & Beverage,Online Table Reservation,Bengaluru,Sandiep Shrivatsava,Seed/Angel,500000.0,True,2015,1
270,22/05/2015,Nudgespot,SaaS & Enterprise Tech,Customer Engagement Platform,Bengaluru,"Anoop Goyal, Kae Capital, Mike Shah, VA Sastry",Seed/Angel,625000.0,True,2015,4
271,25/05/2015,Newgen Payments,FinTech,Payments Solution Provider,Delhi,Jan Manten,Seed/Angel,,False,2015,1
272,25/05/2015,Razorpay,FinTech,Online Payment Gateway,Bengaluru,Punit Soni,Seed/Angel,,False,2015,1
273,25/05/2015,ZenParent,Media & Entertainment,Parents focused Web Content,Bengaluru,i2india Ventures,Seed/Angel,500000.0,True,2015,1
274,26/05/2015,Goodbox,Media & Entertainment,On-Demand Business messaging,Bengaluru,Manipal Group,Seed/Angel,200000.0,True,2015,1
275,26/05/2015,Renderlogy,Real Estate,Online Home Décor,Hyderabad,Astarc Ventures,Private Equity,1000000.0,True,2015,1
276,26/05/2015,UrbanPro,E-commerce,On-demand Service marketplace,Bengaluru,Nirvana Venture Advisors,Private Equity,2000000.0,True,2015,1
277,27/05/2015,Casa2inns,Travel & Hospitality,Affordable Hotel Booking Online,Delhi,"Accel, Kalaari Capital",Private Equity,5000000.0,True,2015,2
278,27/05/2015,FleetRover,Logistics,Logistics Intelligence,Goa,"Sanjay Venkat, Tim Chen",Seed/Angel,180000.0,True,2015,2
279,27/05/2015,Postman,SaaS & Enterprise Tech,API Workflow platform,Bengaluru,Nexus Venture Partners,Seed/Angel,1000000.0,True,2015,1
280,28/05/2015,TheKarrier,Logistics,Last Mile Logistics,Bengaluru,"Nikunj Jain, Outbox Ventures, Sol Primero",Seed/Angel,240000.0,True,2015,3
281,28/05/2015,Truweight,Consumer Services,Weight Management Service,Hyderabad,Kalaari Capital,Private Equity,,False,2015,1
282,28/05/2015,Zoomcar,Mobility,Self-driven Car rental,Bengaluru,Sequoia Capital,Private Equity,5000000.0,True,2015,1
283,30/05/2015,Ather Energy,Mobility,Electric Scooter Manufacturer,Bengaluru,Tiger Global,Private Equity,12000000.0,True,2015,1
284,01/06/2015,Arth DesignBuild,SaaS & Enterprise Tech,Architectural Design & Consulting,Hyderabad,Srinivas Tirupati,Seed/Angel,500000.0,True,2015,1
285,01/06/2015,CredR,Mobility,Used two-wheeler Marketplace,Mumbai,GrowthStory,Seed/Angel,,False,2015,1
286,01/06/2015,Eattreatonline,Food & Beverage,Healthy Food Online Community,Delhi,Group of 15 Angel Investors,Seed/Angel,350000.0,True,2015,1
287,01/06/2015,Glamrs,E-commerce,Online Fashion Video Portal,Mumbai,"Batlivala, Blume Ventures, Karani Securities, Nikunj Jhaveri, Ventureworks India",Private Equity,1000000.0,True,2015,5
288,01/06/2015,Meritnation,EdTech,Online Learning Platform,Delhi,InfoEdge,Private Equity,4000000.0,True,2015,1
289,01/06/2015,Proviera,SaaS & Enterprise Tech,Probiotic Technology Products Manufacturer,Chennai,Infuse Ventures,Private Equity,550000.0,True,2015,1
290,01/06/2015,Truebil,Mobility,Used Car Marketplace,Mumbai,"Anupam Mittal, Kae Capital",Seed/Angel,500000.0,True,2015,2
291,01/06/2015,Veeba Foods,Food & Beverage,Healthy Food Manufacturer,Delhi,"DSG Consumer Partners, Saama Capital",Private Equity,6000000.0,True,2015,2
292,01/06/2015,Vyomo,Consumer Services,Beauty and Wellness Platform,Delhi,Aprameya Radhakrishna,Seed/Angel,,False,2015,1
293,02/06/2015,AllIzHealth,Healthcare,Preventive Healthcare Services,Pune,"Mumbai Angels, Other angel investors",Seed/Angel,350000.0,True,2015,2
294,02/06/2015,Karma Healthcare,Healthcare,Tech-enabled Rural Healthcare Services,Udaipur,Ennovent Impact Investment Holding,Private Equity,,False,2015,1
295,02/06/2015,Saama,Consumer Services,Big Data & Analytics Services,Pune,Carrick Capital Partners,Private Equity,35000000.0,True,2015,1
296,03/06/2015,Arkin Net,SaaS & Enterprise Tech,Data Center Software platform,Pune,Nexus Venture Partners,Private Equity,15000000.0,True,2015,1
297,03/06/2015,Entropy Innovations,SaaS & Enterprise Tech,Engineering Innovations,Mumbai,Mark Mobius & 9 Other Angel investors,Seed/Angel,,False,2015,1
298,03/06/2015,iCustomadeit,E-commerce,Bespoke Merchandize Marketplace,Pune,"Dr Paresh Doshi, Virendra Shahney",Seed/Angel,250000.0,True,2015,2
299,03/06/2015,Kaaryah,E-commerce,Women Lifestyle Marketplace,Gurugram,Ratan Tata,Seed/Angel,,False,2015,1
300,03/06/2015,Little Black Book,Retail & Consumer Goods,Online City & Lifestyle Guide,Delhi,"Aseem Vadehra, Niraj Singh, Rajan Anandan, Sachin Bhatia, Singapore Angel Network",Seed/Angel,150000.0,True,2015,5
301,03/06/2015,MyPoolin,FinTech,P2P Payments platform,Delhi,"Amit Ranjan, Arjun Malhotra, Gautam Gandhi, Rajan Anandan, Rohan Malhotra, Sharad Sharma, Sunil Kalra",Seed/Angel,,False,2015,7
302,03/06/2015,MyTaxiIndia,Mobility,Online Car Rental Affiliates,Delhi,Green House Ventures,Seed/Angel,100000.0,True,2015,1
303,03/06/2015,Propstack,Real Estate,Real Estate Intelligence Platform,Mumbai,DMG Information,Private Equity,3000000.0,True,2015,1
304,04/06/2015,Ecom Express,Logistics,Logistics Solution Provider,Delhi,Warburg Pincus,Private Equity,137000000.0,True,2015,1
305,04/06/2015,Flipkart,E-commerce,eCommerce platform,Bengaluru,Morgan Stanley,Private Equity,50000000.0,True,2015,1
306,04/06/2015,Vidooly,Media & Entertainment,Video Intelligence Platform,Noida,Bessemer Venture Partners,Private Equity,1000000.0,True,2015,1
307,04/06/2015,Zopper,E-commerce,Hyperlocal Shopping App,Mumbai,"Nirvana Ventures Advisors, Tiger Global",Private Equity,20000000.0,True,2015,2
308,05/06/2015,Jugnoo,Mobility,Auto Rickshaw Based Services,Chandigarh,"Paytm, Snow Leopard",Private Equity,5000000.0,True,2015,2
309,05/06/2015,Medwell Ventures,Healthcare,Healthcare Service provider,Bengaluru,"Fidelity Biosciences, Fidelity Growth Partners",Private Equity,10000000.0,True,2015,2
310,08/06/2015,Applied Solar Technologies,Energy & CleanTech,Off-grid Solar Power,Mumbai,"Bessemer Venture, Capricorn Investment, Future Fund, IFC",Private Equity,40000000.0,True,2015,4
311,08/06/2015,PosterGully,E-commerce,Artist / Designer Marketplace,Delhi,"& other Angel investors, Natarajan Iyer, Rajesh Sawhney",Seed/Angel,,False,2015,3
312,09/06/2015,Clovia,E-commerce,Private Label lingerie Ecommerce,Delhi,IvyCap Ventures,Private Equity,5000000.0,True,2015,1
313,09/06/2015,PayMango,SaaS & Enterprise Tech,Mobile Commerce Platform,Gurugram,Group of Angel Investors,Seed/Angel,234000.0,True,2015,1
314,09/06/2015,Printland,Consumer Services,Online Printing Services,Delhi,SIDBI Venture Capital Ltd,Private Equity,,False,2015,1
315,09/06/2015,Swiggy,Food & Beverage,Online Food Ordering,Bengaluru,"Accel, Norwest Venture Partners, SAIF Partners",Private Equity,16500000.0,True,2015,3
316,09/06/2015,Teritree,Media & Entertainment,Digital Marketing Services,Bengaluru,KCL,Seed/Angel,140000.0,True,2015,1
317,10/06/2015,Guiddoo,Travel & Hospitality,Travel Guide Mobile App,Mumbai,"Pawan Borle, SVP Fly Dubai",Seed/Angel,,False,2015,2
318,10/06/2015,Voonik,E-commerce,Fashion Ecommerce store,Bengaluru,"Seedfund, Sequoia Capital",Private Equity,5000000.0,True,2015,2
319,11/06/2015,AdStringO,SaaS & Enterprise Tech,Mobile Compression Software,Mumbai,"Arihant Patni, Vishal Khare, Viswanath Ramachandran",Seed/Angel,350000.0,True,2015,3
320,11/06/2015,Faircent,FinTech,Peer to Peer Lending platform,Gurugram,M&S Partners Pte. Ltd,Seed/Angel,250000.0,True,2015,1
321,12/06/2015,La Renon,Healthcare,Global Healthcare products,Ahmedabad,Sequoia Capital,Private Equity,16000000.0,True,2015,1
322,15/06/2015,HomeLane,Real Estate,Home Furnishing Solutions,Bengaluru,Sequoia Capital,Private Equity,50000000.0,True,2015,1
323,15/06/2015,iSTAR,EdTech,Skill Training & Placement Platform,Bengaluru,Unitus Seed Fund,Private Equity,,False,2015,1
324,15/06/2015,Shippr,Logistics,Intra-City Logistics service,Bengaluru,i2india Pvt Ltd,Seed/Angel,500000.0,True,2015,1
325,16/06/2015,CouponRaja,E-commerce,Online Coupon & comparison platform,Mumbai,"Mahesh Pratapneni, Pallab Chatterjee",Seed/Angel,500000.0,True,2015,2
326,16/06/2015,FoodAbhi,Food & Beverage,online tiffin service aggregator,Mumbai,Group of angel investors,Seed/Angel,,False,2015,1
327,16/06/2015,Karma Recycling,Energy & CleanTech,Electronic Goods recycling service,Delhi,"Infuse Ventures, Low Carbon Enterprise Fund",Private Equity,,False,2015,2
328,17/06/2015,BabyChakra,SaaS & Enterprise Tech,Parents & Kids Online platform,Mumbai,"Jatin Aneja, Karan Maheshwari, Kishor Ganji, Mumbai Angels, Patni Family Office, Roopa Nath, Singapore Angel Network",Seed/Angel,,False,2015,7
329,17/06/2015,Jiffstore,Food & Beverage,Online Grocery platform,Bengaluru,"Times Internet, Unitus Seed Fund",Seed/Angel,,False,2015,2
330,17/06/2015,MyDentist,Healthcare,Dental Clinic chain,Mumbai,"Asian Healthcare fund, LGT Group, Seedfund",Private Equity,8200000.0,True,2015,3
331,18/06/2015,CAKART,EdTech,Online Education Marketplace,Bengaluru,Sunil Maheshwari & group of investors,Seed/Angel,,False,2015,1
332,18/06/2015,Fracktal Works,SaaS & Enterprise Tech,3D Printer Manufacturer,Bengaluru,Neoteric Infomatique Limited,Private Equity,3000000.0,True,2015,1
333,18/06/2015,Hansa Customer Equity,SaaS & Enterprise Tech,IT / Customer Engagement Consulting,Mumbai,ASK Pravi,Private Equity,5000000.0,True,2015,1
334,18/06/2015,HealthifyMe,Healthcare,Health & Fitness App,Bengaluru,"Amit Gupta, Gopal Srinivasan, Pallav Nadhani, Sashi Reddy",Private Equity,,False,2015,4
335,18/06/2015,Moovo,Logistics,On-Demand Logistics Service,Delhi,YouWeCan Ventures,Seed/Angel,,False,2015,1
336,19/06/2015,FundsIndia,FinTech,Financial Services Platform,Chennai,"Faering Capital, Foundation Capital, Inventus Capital Partners",Private Equity,11000000.0,True,2015,3
337,19/06/2015,Housejoy,E-commerce,Home services marketplace,Bengaluru,Matrix Partners,Private Equity,4000000.0,True,2015,1
338,20/06/2015,Cupick,Media & Entertainment,Social Network for Artists,Bengaluru,Group of Angel Investors from US/India,Seed/Angel,120000.0,True,2015,1
339,20/06/2015,Tracxn,FinTech,Startup funding platform,Bengaluru,"Bunny Bansal & other investors, Sachin Bansal",Private Equity,10000000.0,True,2015,2
340,21/06/2015,HolaChef,Food & Beverage,Food Delivery Platform,Mumbai,"India Quotient, Kalaari Capital",Private Equity,3100000.0,True,2015,2
341,22/06/2015,Banihal,SaaS & Enterprise Tech,Algorithmic Match Making Platform,Delhi,Dr David Cheriton,Seed/Angel,,False,2015,1
342,22/06/2015,Belong,HR & Jobs,Data Driven recruitment recommendation,Bengaluru,"Blume Ventures, Kunal Bahl, Phanindra Sama, Raju Reddy, Rohit Bansal",Private Equity,5000000.0,True,2015,5
343,22/06/2015,elong,HR & Jobs,Data Driven recruitment recommendation,Bengaluru,"Blume Ventures, Kunal Bahl, Phanindra Sama, Raju Reddy, Rohit Bansal",Private Equity,5000000.0,True,2015,5
344,22/06/2015,Ixigo,Travel & Hospitality,Travel Search Engine,Gurugram,Micromax Informatics,Private Equity,,False,2015,1
345,22/06/2015,SkillAngels,Gaming,Brain Games Platform,Chennai,Sprout Angels LLP,Seed/Angel,,False,2015,1
346,22/06/2015,Vidgyor,Media & Entertainment,Video Advertisement Platform,Bengaluru,AngelPrime,Seed/Angel,500000.0,True,2015,1
347,23/06/2015,EduKart,EdTech,Online education marketplace,Delhi,"500 Startups, Amit Patni, Holostik Group, Manish Kheterpal, Vijay Shekhar Sharma, YouWeCan Ventures",Private Equity,1000000.0,True,2015,6
348,23/06/2015,Goodservice,Media & Entertainment,Mobile Chat based concierge service,Delhi,Sequoia Capital,Private Equity,1600000.0,True,2015,1
349,23/06/2015,Healthians,Healthcare,Preventive healthcare services,Hyderabad,YouWeCan Ventures,Seed/Angel,,False,2015,1
350,23/06/2015,Treebo,Travel & Hospitality,Online Budget Hotel Booking Service,Bengaluru,"Matrix Partners India, SAIF Partners",Private Equity,6000000.0,True,2015,2
351,24/06/2015,Indix,SaaS & Enterprise Tech,SaaS product intelligence platform,Unknown,"Avalon Ventures, Nexus Venture Partners, Nokia Growth Partners",Private Equity,15000000.0,True,2015,3
352,24/06/2015,LabInApp,EdTech,Science Learning App,Bengaluru,Unitus Seed Fund,Seed/Angel,,False,2015,1
353,24/06/2015,Retention.ai,SaaS & Enterprise Tech,App Analytics platform,Bengaluru,"Anshu Sharma, Mercury Fund, Pratyush Prasanna, Robert Winters",Seed/Angel,500000.0,True,2015,4
354,24/06/2015,Sigrid Education,EdTech,Online Education Platform,Noida,Oliphans Capital,Seed/Angel,,False,2015,1
355,24/06/2015,Syona Cosmetics,Consumer Services,Beauty and Wellness platform,Chennai,Chennai Angels,Seed/Angel,,False,2015,1
356,24/06/2015,The Porter,Logistics,Logistics Tech,Mumbai,"Anupam Mittal, Kae Capital, Sandeep Tandon, Sequoia Capital",Private Equity,5500000.0,True,2015,4
357,25/06/2015,Fusion Microfinance,FinTech,Micro Finance Platform,Delhi,"Development finance institution Belgian Investment Company, Oikocredit",Private Equity,8600000.0,True,2015,2
358,25/06/2015,Zinka,Logistics,Freight logistics platform,Bengaluru,"Accel, Flipkart",Private Equity,6000000.0,True,2015,2
359,26/06/2015,CreditMantri,FinTech,Credit Management Services,Chennai,"Accion Venture Lab, Elevar Equity, IDG Ventures India",Private Equity,2500000.0,True,2015,3
360,29/06/2015,AdWyze,Media & Entertainment,Marketing / Advertising Automation platform,Bengaluru,Mape Advisory,Seed/Angel,1000000.0,True,2015,1
361,29/06/2015,StayGlad,Consumer Services,Beauty services Mobile Marketplace,Bengaluru,"Sahil Barua, Tracxn Labs",Seed/Angel,,False,2015,2
362,29/06/2015,UrbanClap,E-commerce,Hyperlocal services marketplace,Delhi,"Accel, SAIF Partners",Private Equity,10000000.0,True,2015,2
363,29/06/2015,Zimmber,Consumer Services,Hyperlocal Handyman Services,Mumbai,"Amit Gupta, Manish Dugar, Mohit Saxena, Naveen Tiwari, Piyush Shah",Seed/Angel,400000.0,True,2015,5
364,30/06/2015,aagaar,Food & Beverage,Hyperlocal grocery delivery,Gurugram,Group of Investors,Seed/Angel,,False,2015,1
365,30/06/2015,Buttercups,E-commerce,Online Lingerie platform,Bengaluru,"Angie Mahtaney, Kanwaljit Singh, Manoj Varghese",Seed/Angel,,False,2015,3
366,30/06/2015,Flatchat,Real Estate,Flat rental Mobile App,Bengaluru,Commonfloor,Private Equity,2500000.0,True,2015,1
367,30/06/2015,MyCFO,FinTech,Wealth Management Platform,Mumbai,Sameer Koticha,Private Equity,1500000.0,True,2015,1
368,30/06/2015,RailYatri,SaaS & Enterprise Tech,Railways Information Mobile app,Bengaluru,"Blume Ventures, Helion Ventures, Omidiyar Network, Ujama",Private Equity,,False,2015,4
369,01/07/2015,CloudCherry,SaaS & Enterprise Tech,CRM / Analytics platform,Chennai,"IDG Ventures India, The Chennai Angels",Seed/Angel,1000000.0,True,2015,2
370,01/07/2015,HandyHome,Consumer Services,Hyperlocal Electronics repair Service,Mumbai,"Bessemer Ventures, Kae Capital",Seed/Angel,630000.0,True,2015,2
371,01/07/2015,iDreamCareer,EdTech,Ed-Tech Platform,Delhi,"Mohit Satyanand, Vivek Joshi, ah! Ventures",Seed/Angel,,False,2015,3
372,01/07/2015,NxtGen,Consumer Services,IT infrastructure & Data Center services,Bengaluru,"Axon Partners, IFC, Intel Capital",Private Equity,13500000.0,True,2015,3
373,01/07/2015,Ola,Mobility,Cab rental Mobile app,Bengaluru,Ratan Tata,Private Equity,,False,2015,1
374,01/07/2015,Parcelled,Logistics,Online Logistics Platform,Bengaluru,"Delhivery, Tracxn Labs",Seed/Angel,,False,2015,2
375,01/07/2015,Retigence Technologies,Consumer Services,Business IT Intelligence Services,Mumbai,Omnivore Partners,Private Equity,,False,2015,1
376,02/07/2015,BankBazaar,FinTech,Online Financial Services,Chennai,"Amazon, Fidelity Growth Partners, Mousse Partners",Private Equity,60000000.0,True,2015,3
377,02/07/2015,Gozoomo,Mobility,Used Car Marketplace,Bengaluru,SAIF Partners,Private Equity,5000000.0,True,2015,1
378,02/07/2015,Zenatix,SaaS & Enterprise Tech,Internet of Things platform,Gurugram,"Kunal Bahl, Rahul Khanna, Rajan Anandan, Rohit Bansal",Seed/Angel,161000.0,True,2015,4
379,03/07/2015,CultureAlley,EdTech,Language Learning App,Jaipur,Tiger Global,Private Equity,6500000.0,True,2015,1
380,03/07/2015,Gingercrush,E-commerce,Custom Merchandize platform,Ahmedabad,"Brand Capital, Gokul Jaykrishna",Seed/Angel,1000000.0,True,2015,2
381,03/07/2015,GOQii,Healthcare,Mobile Fitness Marketplace,Mumbai,Vijay Shekhar Sharma,Private Equity,,False,2015,1
382,04/07/2015,Elanic,E-commerce,P2P Pre-owned goods marketplace,Bengaluru,"Aneesh Reddy, Rebright Partners, Tracxn Labs",Seed/Angel,,False,2015,3
383,04/07/2015,StitchWood,Real Estate,Custom Furniture Marketplace,Mumbai,"Ajeet Khurana, Powai Lake Ventures",Seed/Angel,395000.0,True,2015,2
384,05/07/2015,Urban Tailor,Consumer Services,Online Tailoring Services,Bengaluru,Group of angel investors,Seed/Angel,,False,2015,1
385,06/07/2015,ConfirmtTkt,Other,Rail Ticket Confirmation predictor,Bengaluru,Pravin Agarwala,Seed/Angel,,False,2015,1
386,06/07/2015,getNow,E-commerce,Hyperlocal Goods marketplace,Nagpur,Atulya Mittal,Seed/Angel,,False,2015,1
387,06/07/2015,Paper Boat,Food & Beverage,Ethnic Beverages manufacturer,Gurugram,"Hillhouse Capital, Sofina",Private Equity,30000000.0,True,2015,2
388,07/07/2015,Eatlo,Food & Beverage,Food Delivery platform,Bengaluru,"Abhishekh Goyal, Globeinvestor, Powai Lake Ventures",Seed/Angel,,False,2015,3
389,07/07/2015,IndiaLends,FinTech,Financial Tech,Delhi,"DSG Consumer Partners, Siddharth Parekh",Private Equity,,False,2015,2
390,07/07/2015,Liases Foras,Real Estate,Real Estate Rating & Analysis,Delhi,DMG information Asia Pacific,Private Equity,5000000.0,True,2015,1
391,07/07/2015,Wudstay,Travel & Hospitality,Budget Accommodation aggregator,Gurugram,"Mangroves Capital Partners, Vikas Saxena",Private Equity,3000000.0,True,2015,2
392,08/07/2015,Ampere,Mobility,Electric Scooter manufacturer,Coimbatore,Ratan Tata,Seed/Angel,,False,2015,1
393,08/07/2015,Axtria,SaaS & Enterprise Tech,Big Data & Analytics platform,Unknown,"Amarpreet Sawhney, Deshpande Foundation, Fred Khosravi, Helion Venture Partners, Richard S. Braddock",Private Equity,30000000.0,True,2015,5
394,08/07/2015,Collectabillia,E-commerce,Celebrity Fashion Brand,Bengaluru,Accel,Private Equity,7500000.0,True,2015,1
395,08/07/2015,Flytxt,SaaS & Enterprise Tech,Big Data & Analytics platform,Mumbai,"Big Data Investments B.V, Sunrise Capital GmBH",Private Equity,11000000.0,True,2015,2
396,08/07/2015,Hopping Chef,Food & Beverage,Online Food-Tech Platform,Mumbai,Mirah Hospitality,Seed/Angel,470000.0,True,2015,1
397,08/07/2015,Lendingkart,FinTech,Online Finance lending platform,Ahmedabad,"Ashvin Chadha, Mayfield, Saama Capital, Shailesh Mehta",Private Equity,10000000.0,True,2015,4
398,08/07/2015,Lybrate,Healthcare,Healthcare Mobile App,Delhi,"Nexus Venture Partners, Ratan Tata, Tiger Global",Private Equity,10200000.0,True,2015,3
399,08/07/2015,Quinto,Food & Beverage,Food Discovery App,Pune,Jaydeep Barman,Seed/Angel,,False,2015,1
400,08/07/2015,Saavn,Media & Entertainment,Music Streaming App,Mumbai,"Bertelsmann India, Liberty Media, Mousse Partners, Quilvest, Steadview Capital, Tiger Global",Private Equity,100000000.0,True,2015,6
401,08/07/2015,Zoomcar,Mobility,Self-driven vehicle rental,Bengaluru,"Empire Angels, NGP, Sequoia Capital",Private Equity,11000000.0,True,2015,3
402,09/07/2015,BlueStone,E-commerce,Online Jewellery Store,Bengaluru,"Accel, Dragoneer Investment Group, IvyCap Ventures",Private Equity,16200000.0,True,2015,3
403,09/07/2015,NewsInShorts,Media & Entertainment,News Aggregator mobile app,Noida,Tiger Global,Private Equity,20000000.0,True,2015,1
404,09/07/2015,Notesgen,EdTech,Online Study Notes Marketplace,Delhi,"Arvind Jha, R. Satya Narayanan, Rajeev Saraf",Seed/Angel,16200000.0,True,2015,3
405,09/07/2015,Shopsity,E-commerce,Fashion Info Aggregator App,Gurugram,"Sandeep Aggarwal, Teruhide Sato",Seed/Angel,16200000.0,True,2015,2
406,10/07/2015,Footprints Education,EdTech,Pre-School Chain,Gurugram,"Kshitij Jain, Kumar Bansal, LetsVenture",Seed/Angel,685000.0,True,2015,3
407,10/07/2015,Infinity Assurance,Consumer Services,Warranty Programs Service Administration,Delhi,Indian Angel Network,Seed/Angel,600000.0,True,2015,1
408,10/07/2015,Loylty Rewards,Other,Premium Loyalty Rewards Point Management,Mumbai,IndianIdeas.com,Private Equity,19350000.0,True,2015,1
409,13/07/2015,Ameyo,SaaS & Enterprise Tech,Contact Center Software Platform,Gurugram,Forum Synergies PE Fund,Private Equity,5000000.0,True,2015,1
410,13/07/2015,Mamagoto,Food & Beverage,Casual Dining restaurant Chain,Delhi,Goldman Sachs,Private Equity,10000000.0,True,2015,1
411,13/07/2015,Satvacart,Food & Beverage,Online Grocery Delivery,Gurugram,Palaash Ventures,Seed/Angel,10000000.0,True,2015,1
412,14/07/2015,Boxmyspace,Logistics,Physical Storage warehouses,Mumbai,"Orios Venture Partners, Ritesh Veera, Singapore Angel Network",Seed/Angel,300000.0,True,2015,3
413,14/07/2015,HackerRank,HR & Jobs,Tech Recruitment platform,Bengaluru,HR Technology fund,Private Equity,7500000.0,True,2015,1
414,14/07/2015,MySmartPrice,Other,Online comparison engine,Hyderabad,"Accel, Helion Venture Partners",Private Equity,10000000.0,True,2015,2
415,14/07/2015,WoWexpress,Logistics,Tech enabled logistics platform,Mumbai,Tamarind Family Private Trust,Seed/Angel,500000.0,True,2015,1
416,14/07/2015,Zenify,Real Estate,Residential Rental management platform,Bengaluru,Atul Jalan,Seed/Angel,10000000.0,True,2015,1
417,15/07/2015,InstaLively,Media & Entertainment,Live video streaming app,Delhi,"Anand Chandrasekaran, Anupam Mittal, Chetan Bhagat, Uday Shankar",Seed/Angel,,False,2015,4
418,15/07/2015,Mobikon,Food & Beverage,Restaurant customer engagement platform,Pune,Jungle Ventures,Private Equity,2300000.0,True,2015,1
419,15/07/2015,OYO Rooms,Travel & Hospitality,Budget Hotel Accommodation,Gurugram,"Sequoia Capital, SoftBank",Private Equity,100000000.0,True,2015,2
420,15/07/2015,Roadrunnr,Logistics,Hyper local logistics platform,Bengaluru,"Blume Ventures, Nexus Venture Partners, Sequoia Capital",Private Equity,11000000.0,True,2015,3
421,16/07/2015,Ketto,FinTech,Crowd Funding Platform,Mumbai,"Pradyumna Dalmia, Sudhir Rao",Seed/Angel,700000.0,True,2015,2
422,17/07/2015,Omnikart,E-commerce,Industrial Supplies B2B ecommerce,Mumbai,"Manish Gandhi, Sumit Gandhi",Seed/Angel,100000.0,True,2015,2
423,17/07/2015,QuikWallet,FinTech,F&B sector Mobile Payment platform,Mumbai,Snow Leopard Technology Ventures,Private Equity,1600000.0,True,2015,1
424,20/07/2015,Innoviti,FinTech,Payment Solutions platform,Bengaluru,"Catamaran Ventures, New India Investment Corporation",Private Equity,4850000.0,True,2015,2
425,20/07/2015,Zo Rooms,Travel & Hospitality,Online budget hotel chain,Delhi,"Orios Venture Partners, Tiger Global",Private Equity,15000000.0,True,2015,2
426,21/07/2015,Joy by nature,Food & Beverage,Organic Food ecommerce,Delhi,"Mumbai Angels, Vriddhi Fund",Private Equity,1000000.0,True,2015,2
427,21/07/2015,ZenRadius,HR & Jobs,Online Hiring Platform,Bengaluru,"Deepak Singh, Tracxn Labs",Seed/Angel,,False,2015,2
428,22/07/2015,deGustibus,Food & Beverage,Fine Dining Restaurant Chain,Mumbai,India Value Fund Advisors,Private Equity,30000000.0,True,2015,1
429,22/07/2015,iqlect,SaaS & Enterprise Tech,Big Data & Analytics platform,Bengaluru,Exfinity Venture Partners,Private Equity,2000000.0,True,2015,1
430,23/07/2015,Fitternity,Healthcare,Fitness Marketplace,Mumbai,Exfinity Venture Partners,Private Equity,1000000.0,True,2015,1
431,23/07/2015,HolidayIQ,Travel & Hospitality,Travel information portal,Bengaluru,MakeMyTrip,Private Equity,15000000.0,True,2015,1
432,23/07/2015,iCrushiFlush,Media & Entertainment,Casual Dating App,Mumbai,IDG Ventures India,Seed/Angel,,False,2015,1
433,23/07/2015,JetSetGo,E-commerce,Private Jet/ Helicopter Marketplace,Delhi,YourWeCan Ventures,Seed/Angel,,False,2015,1
434,23/07/2015,MedGenome,Healthcare,Clinical Genomics Provider,Bengaluru,Sequoia Capital,Private Equity,20000000.0,True,2015,1
435,23/07/2015,Mswipe,FinTech,Mobile Point of Sale payment solution,Unknown,"Axis Bank, DSG Consumer Partners, Falcon Edge Capital, Matrix Partners, Meru Capital, Ola",Private Equity,25000000.0,True,2015,6
436,23/07/2015,Myonsto,Food & Beverage,Online Grocers,Ahmedabad,Jayant Bokadia,Seed/Angel,320000.0,True,2015,1
437,23/07/2015,NestAway,Other,Luxury Rental Homes,Bengaluru,"Flipkart, Tiger Global",Private Equity,12750000.0,True,2015,2
438,23/07/2015,Quikr,E-commerce,Online & Mobile classified listings,Mumbai,"AB Kinnevik, Coatue Management, Falcon Edge Capital",Private Equity,60000000.0,True,2015,3
439,24/07/2015,BroEx,Real Estate,Real Estate Broker network App,Gurugram,Lightspeed India,Private Equity,1000000.0,True,2015,1
440,25/07/2015,CredR,Mobility,Used Bikes Marketplace,Mumbai,Fidelity Growth Partners,Private Equity,15000000.0,True,2015,1
441,25/07/2015,Shopatplaces,E-commerce,Ethnic/ Traditional Fashion Store,Delhi,Indian Angel Network,Seed/Angel,,False,2015,1
442,27/07/2015,Bevy,HR & Jobs,Online Hiring Platform,Bengaluru,Varun Agarwal,Seed/Angel,,False,2015,1
443,27/07/2015,Locus,Logistics,Logistics Automation Platform,Bengaluru,"Manish Singhal, growX ventures",Seed/Angel,,False,2015,2
444,27/07/2015,ManageMySpa,Consumer Services,Spa & Salon Management Software,Hyderabad,Accel,Private Equity,6000000.0,True,2015,1
445,27/07/2015,Townrush,Logistics,B2B logistics delivery platform,Bengaluru,Lightspeed Venture Partners,Seed/Angel,,False,2015,1
446,28/07/2015,Flipkart,E-commerce,Online Marketplace,Bengaluru,Steadview Capital,Private Equity,700000000.0,True,2015,1
447,28/07/2015,Opinio,Food & Beverage,Hyperlocal food & grocery store,Bengaluru,"Accel, Traxcn Labs",Seed/Angel,1300000.0,True,2015,2
448,28/07/2015,Pepperfry,Real Estate,Online home décor marketplace,Mumbai,"Bertelsmann India Investments Norwest Venture Partners, Goldman Sachs, Zodius Technology Fund",Private Equity,100000000.0,True,2015,3
449,28/07/2015,Zoctr,Healthcare,Health-Tech platform,Mumbai,"Krishan Gupta, Sandeep Parwal",Seed/Angel,1000000.0,True,2015,2
450,29/07/2015,Swajal,Energy & CleanTech,Innovative Water Solutions,Gurugram,Abhishek Gupta,Private Equity,1200000.0,True,2015,1
451,29/07/2015,trueHb,Healthcare,Medical Tech Instruments,Delhi,"Binny Bansal, Gurpreet Singh, Malvinder, Sachin, Shivinder Singh",Seed/Angel,2400000.0,True,2015,5
452,29/07/2015,Zimmber,Consumer Services,Hyperlocal Handyman Services,Mumbai,"IDG Ventures India, Mohandas Pai, Omidyar Network, Sherpalo Ventures",Private Equity,2000000.0,True,2015,4
453,29/07/2015,Zovi.com / Little App,E-commerce,Hyperlocal Deals Marketplace,Bengaluru,"Paytm, SAIF Partners, Tiger Global",Private Equity,50000000.0,True,2015,3
454,30/07/2015,Cartisan,Mobility,On-Demand Car services App,Bengaluru,"Aprameya Radhakrishna, YouWeCan Ventures",Seed/Angel,,False,2015,2
455,30/07/2015,Droom,Mobility,Used Vehicle Marketplace,Delhi,"Beenos, Lightbox Ventures",Private Equity,16000000.0,True,2015,2
456,30/07/2015,MadRat Games,EdTech,Educational Board Games,Bengaluru,"Kunal Bahl, Rohit Bansal",Seed/Angel,168000.0,True,2015,2
457,30/07/2015,Noodle Play,Food & Beverage,Chinese food delivery,Mumbai,"Ambarish Ray, Elliot Stechman, Gautam Sinha",Seed/Angel,168000.0,True,2015,3
458,30/07/2015,Pipabella,E-commerce,Online Jewelry Store,Mumbai,LionRock Capital,Private Equity,600000.0,True,2015,1
459,30/07/2015,Pragmatix,SaaS & Enterprise Tech,Business intelligence & Analytics,Mumbai,SIDBI Venture Capital Ltd,Private Equity,2400000.0,True,2015,1
460,30/07/2015,Wassup,Consumer Services,On-Demand Laundry & Dry cleaning App,Chennai,B S Nagesh,Private Equity,,False,2015,1
461,31/07/2015,Bona Vita,Travel & Hospitality,Travel Tech,Gurugram,MakeMyTrip,Private Equity,5000000.0,True,2015,1
462,31/07/2015,LazyLad,Food & Beverage,Hyperlocal Grocery App,Gurugram,"Hirokazu, Jai Choi, Kiyohiro Sugashita",Private Equity,500000.0,True,2015,3
463,31/07/2015,Prothom,Retail & Consumer Goods,Hasbro Toy Manufacturer,Pune,Oliphabs Capital,Private Equity,2000000.0,True,2015,1
464,31/07/2015,TripFactory,Travel & Hospitality,Online Curated Holiday package bookings,Bengaluru,Aarin Capital Partners,Private Equity,,False,2015,1
465,01/08/2015,Ressy,Food & Beverage,Restaurant Discount app,Pune,Mohandas Pai,Seed/Angel,400000.0,True,2015,1
466,01/08/2015,Snapdeal,E-commerce,Ecommerce Marketplace,Delhi,"Alibaba, Foxconn, SoftBank",Private Equity,500000000.0,True,2015,3
467,03/08/2015,Connect India,Logistics,ECommerce Logistics provider,Delhi,Aavishkaar,Private Equity,5000000.0,True,2015,1
468,03/08/2015,Cuelearn,EdTech,Tech-enabled learning,Delhi,Alok Mittal,Seed/Angel,,False,2015,1
469,03/08/2015,Glowship,Energy & CleanTech,Energy & Environment Online Marketplace,Bengaluru,Infuse Ventures,Seed/Angel,,False,2015,1
470,03/08/2015,Jusride,Mobility,Self Driven Car rental,Mumbai,"Alok Mittal, Anirudh Damani, Nikunj Jain, Niraj Singh, Punit Goyal, Zeeshan Hayat",Seed/Angel,,False,2015,6
471,03/08/2015,OYO Rooms,Travel & Hospitality,Budget Hotel accommodation brand,Delhi,"Greenoaks Capital, Lightspeed India, Sequoia Capital, SoftBank",Private Equity,100000000.0,True,2015,4
472,03/08/2015,The Home Salon,Consumer Services,on-demand home beauty and wellness portal,Mumbai,VentureNursery,Seed/Angel,,False,2015,1
473,03/08/2015,Wizrocket,SaaS & Enterprise Tech,User Engagment & Analytics platform,Mumbai,"Accel, Sequoia Capital",Private Equity,9600000.0,True,2015,2
474,04/08/2015,Pickingo,Logistics,On-Demand Delivery Logistics,Delhi,"Orios Venture Partners, Zishaan Hayath",Private Equity,1300000.0,True,2015,2
475,05/08/2015,Doormint,Consumer Services,Hyperlocal Handyman services,Mumbai,"Helion Venture Partners, Kalaari Capital",Private Equity,3000000.0,True,2015,2
476,05/08/2015,Grex,FinTech,fund raising platform for startups,Pune,"Chandru Badrinarayanan, Kunal Bajaj",Seed/Angel,650000.0,True,2015,2
477,05/08/2015,LetsTransport,Logistics,Logistics Tech Platform,Bengaluru,"Ankush Nijhawan, Gaurav Bhatnagar, Manish Dhingra, Rebright Partners",Seed/Angel,1300000.0,True,2015,4
478,05/08/2015,Nightstay,Travel & Hospitality,hotel booking app,Noida,"BedRock Ventures, Rajesh Sawhney, Shailesh Singh",Seed/Angel,500000.0,True,2015,3
479,05/08/2015,Sunday Realty Solutions,Real Estate,Tech Platform for property brokers,Mumbai,"Jay Srinivasan, Ramesh Jogani, Shailesh Viswanathan",Seed/Angel,785000.0,True,2015,3
480,05/08/2015,Zocalo,Real Estate,Rental Accomodation finder,Delhi,"Rajesh Sawhney, Sachin Bhatia",Seed/Angel,,False,2015,2
481,05/08/2015,Zo Rooms,Travel & Hospitality,Online budget hotel chain,Delhi,"Orios Venture Partners, Tiger Global",Private Equity,30000000.0,True,2015,2
482,06/08/2015,Appvigil,SaaS & Enterprise Tech,App security testing platform,Mumbai,"Gaurav Sharma, Ravi Gururaj, RippleWave, Viswanath Ramachandran",Seed/Angel,500000.0,True,2015,4
483,06/08/2015,Ezetap,FinTech,Mobile based PoS solution,Bengaluru,"Berggruen Holdings, Capricorn Investment Group, Helion Advisors, Horizons Ventures, Social+Capital",Private Equity,25000000.0,True,2015,5
484,06/08/2015,Ketto,FinTech,Crowd funding platform,Mumbai,"Calcutta Angels, Chennai Angels, India Internet Fund, Indus Age Partners, Intellecap Impact Investment Network, LetsVenture, Singapore Angel Network, ah! Ventures",Seed/Angel,700000.0,True,2015,8
485,06/08/2015,Klozee,E-commerce,Luxury Apparel rental,Bengaluru,Tracxn Labs,Seed/Angel,,False,2015,1
486,06/08/2015,LoudShout,SaaS & Enterprise Tech,anonymous bulletin board app,Delhi,"Ravi Jaipuria, Sanjay Sethi",Seed/Angel,,False,2015,2
487,06/08/2015,NDTV ecommerce venture,Mobility,Car & Bike ecommerce platform,Mumbai,"Hiro Mashita, Inflexionpoint, Pramod Bhasin, Sixth Sense Ventures, Vindi Banga",Private Equity,,False,2015,5
488,06/08/2015,Practo,Healthcare,Doctor Appointment booking app,Bengaluru,"Altimeter Capital, Google Capital, Matrix Partners, Sequoia Capital, Sequoia Capital Global Equities, Sofina, Yuri Milner",Private Equity,90000000.0,True,2015,7
489,06/08/2015,Wetravelsolo,Travel & Hospitality,Travel community platform,Delhi,"CCube Angels, Frontline Strategy",Seed/Angel,,False,2015,2
490,07/08/2015,Carl's Jr,Food & Beverage,Fast food Chain Franchisee,Gurugram,YouWeCan Ventures,Seed/Angel,630000.0,True,2015,1
491,07/08/2015,EasyRewardz,Other,Loyalty Programs & Reward Points,Mumbai,"Ashneer Grover, Atul Phadnis, Wealth First",Private Equity,500000.0,True,2015,3
492,07/08/2015,GIBSS,Energy & CleanTech,Energy saving solutions provider,Mumbai,"Infuse Ventures, responsAbility Investments",Private Equity,,False,2015,2
493,07/08/2015,iOrderFresh,Food & Beverage,Grocery retail Mobile app,Delhi,Best Foodworks,Seed/Angel,,False,2015,1
494,07/08/2015,StoreMore,Logistics,Self-Storage Spaces,Noida,Bedrock Ventures,Seed/Angel,,False,2015,1
495,10/08/2015,Actionable Analytics,EdTech,Machine Learning Platform,Delhi,"B M Gupta, Vinod Singhal",Seed/Angel,,False,2015,2
496,10/08/2015,eSadar,E-commerce,ecommerce,Delhi,"Gaurav Vats, Neha Vats",Seed/Angel,80000.0,True,2015,2
497,10/08/2015,Grey Orange,Real Estate,Automated Storage & Warehousing Solution,Gurugram,Tiger Global,Private Equity,30000000.0,True,2015,1
498,10/08/2015,Inkmonk,E-commerce,Online printing marketplace,Chennai,"Girish Mathrubootham, Others from LetsVenture, Phanindra Sama, Vikram Chachra",Seed/Angel,250000.0,True,2015,4
499,10/08/2015,MyPoolin,Media & Entertainment,mobile social network,Delhi,QPrize from Qualcomm Ventures,Seed/Angel,250000.0,True,2015,1
500,10/08/2015,MyTaxiIndia,Mobility,Taxi Rental platform,Gurugram,Nihon Kotsu,Private Equity,500000.0,True,2015,1
501,10/08/2015,NearBuy,E-commerce,Hyper-Local Ecommerce,Delhi,Sequoia Capital,Private Equity,16000000.0,True,2015,1
502,10/08/2015,Tonetag,FinTech,mobile payment software platform,Bengaluru,Reliance Capital Venture,Private Equity,1000000.0,True,2015,1
503,11/08/2015,Allygrow Technologies,Consumer Services,engineering services company,Mumbai,Zodius Technology Fund,Private Equity,20000000.0,True,2015,1
504,11/08/2015,Infogain,SaaS & Enterprise Tech,Business and IT consulting,Delhi,ChrysCapital,Private Equity,63000000.0,True,2015,1
505,11/08/2015,LivSpace,Real Estate,Home Design & Décor solutions,Bengaluru,"Bessemer Venture Partners, Helion Ventures, Jungle Ventures",Private Equity,8000000.0,True,2015,3
506,11/08/2015,RainCan,Food & Beverage,Subscription based Online Grocery platform,Pune,Ajeet Khurana,Seed/Angel,100000.0,True,2015,1
507,11/08/2015,WOW! MOMO,Food & Beverage,Quick Service Restaurant Chain,Kolkata,Indian Angel Network,Seed/Angel,1600000.0,True,2015,1
508,12/08/2015,BigBasket,Food & Beverage,Online & mobile Grocery store,Bengaluru,Bessemer Venture Partners,Private Equity,50000000.0,True,2015,1
509,12/08/2015,OneAssist,FinTech,Credit Card Fraud protection solutions,Mumbai,"Lightspeed Ventures, Sequoia Capital",Private Equity,7500000.0,True,2015,2
510,12/08/2015,Scripbox,FinTech,Mutual Fund Investing platform,Bengaluru,"Accel, Deep Kalra, Mohit Gupta, Rajesh Magow, Shamik Sharma",Private Equity,2500000.0,True,2015,5
511,12/08/2015,Sheroes,HR & Jobs,Career Community for Women,Noida,"500 Startups, Quintillion Media",Seed/Angel,770000.0,True,2015,2
512,13/08/2015,Agrostar,AgriTech,Mobile Commerce for Farmers,Pune,IDG Ventures,Private Equity,4000000.0,True,2015,1
513,13/08/2015,BetaOut,E-commerce,Ecommerce Marketing Software Platform,Noida,"Amit Ranjan, Girish Mathrubootham, Group of other Angel investors, Kunal Bahl, Vijay Shekhar Sharma",Seed/Angel,500000.0,True,2015,5
514,13/08/2015,etaout,E-commerce,Ecommerce Marketing Software Platform,Noida,"Amit Ranjan, Girish Mathrubootham, Group of other Angel investors, Kunal Bahl, Vijay Shekhar Sharma",Seed/Angel,500000.0,True,2015,5
515,13/08/2015,IFMR Holdings,FinTech,Financial Inclusion platform,Chennai,"Accion, LeapFrog Investments, Lok Capital",Private Equity,25000000.0,True,2015,3
516,13/08/2015,Massblurb,Media & Entertainment,Digital Marketing automation solution,Mumbai,"LetsVenture, Mumbai Angels",Seed/Angel,,False,2015,2
517,14/08/2015,Trukky,Logistics,Logistics service platform,Ahmedabad,"Gujarat based angel investors, MMY co-Founder",Seed/Angel,245000.0,True,2015,2
518,14/08/2015,VanityCube,Consumer Services,On-Demand Beauty Services,Delhi,Group of angel investors,Seed/Angel,,False,2015,1
519,14/08/2015,Voxweb,Media & Entertainment,Picture based Social App,Mumbai,Jitendra Gupta,Seed/Angel,100000.0,True,2015,1
520,17/08/2015,Edu4Share,EdTech,Exam Preparation Platform,Delhi,Nalin Jain & other angel investors,Seed/Angel,220000.0,True,2015,1
521,17/08/2015,Fixy,Consumer Services,On demand cleaning & fixing services,Mumbai,VentureNursery,Seed/Angel,,False,2015,1
522,17/08/2015,Gadgets 360,Mobility,Car & Bike ecommerce platform,Delhi,One97 Communications,Private Equity,,False,2015,1
523,17/08/2015,MSM Box,Consumer Services,Beauty & Lifestyle platform,Delhi,Rohit Goel,Seed/Angel,,False,2015,1
524,17/08/2015,Orobind,EdTech,App based Fitness coaching,Bengaluru,"Existing, New Investors",Private Equity,,False,2015,2
525,17/08/2015,Sampurnearth,Energy & CleanTech,Waste Management Solutions,Mumbai,"Intellecap Impact Investment Network, family office fund",Seed/Angel,160000.0,True,2015,2
526,17/08/2015,Shadowfax,Logistics,on-demand delivery service,Gurugram,"Kunal Bahl, Prashant Malik, Rohit Bansal, Zishaan Hayath",Seed/Angel,310000.0,True,2015,4
527,17/08/2015,YourStory,Media & Entertainment,Startup Focused Online Publisher,Mumbai,"Karthee Madasamay, Ratan Tata, T V Mohandas Pai, Vani Kola",Seed/Angel,,False,2015,4
528,18/08/2015,HyperVerge,EdTech,Deep Learning Cloud Algorithms,Chennai,"Milliways Ventures, NEA, Naya Ventures",Seed/Angel,1000000.0,True,2015,3
529,18/08/2015,IDfy,Consumer Services,Online Identity Verification Services platform,Mumbai,"Blume Ventures, NEA",Private Equity,,False,2015,2
530,18/08/2015,IntelligenceNODE,SaaS & Enterprise Tech,Data Analytics Platform,Mumbai,"New Enterprise Associates, Orios Venture Partners",Private Equity,4200000.0,True,2015,2
531,18/08/2015,Roposo,E-commerce,Fashion Discovery platform,Gurugram,Tiger Global,Private Equity,15000000.0,True,2015,1
532,18/08/2015,Twyst,SaaS & Enterprise Tech,Location based engagement & rewards platform,Gurugram,"Rohit Bhatia, Siddharth Nautiyal, Sunil Nikhar, Vaibhav Domkundwar",Seed/Angel,,False,2015,4
533,18/08/2015,Zoojoo.be,Healthcare,Corporate Wellness App,Bengaluru,RoundGlass Partners,Private Equity,1000000.0,True,2015,1
534,19/08/2015,Envoged,E-commerce,pre-owned Luxury online apparel seller,Mumbai,"Ankush Nijhawa, Gaurav Bhatnagar, Manish Dhingra",Seed/Angel,,False,2015,3
535,19/08/2015,Fashionove,E-commerce,Fashion Search & Review Platform,Kolkata,Umesh Yadav,Seed/Angel,,False,2015,1
536,19/08/2015,MebelKart,Real Estate,Online Furniture Marketplace,Bengaluru,AskMe,Private Equity,20000000.0,True,2015,1
537,19/08/2015,Timesaverz,Consumer Services,"Hyperlocal Maintenance, Repair & Cleaning services",Mumbai,Unilazer Ventures,Private Equity,2400000.0,True,2015,1
538,20/08/2015,Bluegape,Media & Entertainment,Visual Blogging platform,Delhi,"Rudy Gopalakrishnan, Times Internet, ah! Ventures",Seed/Angel,600000.0,True,2015,3
539,20/08/2015,Flatpebble,E-commerce,Online marketplace for Photographers,Hyderabad,Indian Angel Network,Seed/Angel,600000.0,True,2015,1
540,20/08/2015,LabsAdvisor,Healthcare,Online Diagnostic Tests Marketplace,Delhi,Group of Angel Investors,Seed/Angel,156000.0,True,2015,1
541,21/08/2015,ePoise,HR & Jobs,Job Search Platform,Bengaluru,"Amit Ranjan, Orios Venture Partners",Seed/Angel,500000.0,True,2015,2
542,24/08/2015,BookMeIn,Consumer Services,Professional Service Appointment booking service,Mumbai,Ajmera Group of Companies,Seed/Angel,400000.0,True,2015,1
543,24/08/2015,iZofy,SaaS & Enterprise Tech,Scientific Horoscope Online Assistance platform,Kolkata,Prime Capital Markets Ltd,Seed/Angel,,False,2015,1
544,24/08/2015,JollyFoodFellow,Food & Beverage,Food Customer analytics platform,Ahmedabad,The 1947,Seed/Angel,300000.0,True,2015,1
545,24/08/2015,rBus,Mobility,Tech enabled AC bus service,Mumbai,"Anupam Mittal, India Quotient",Seed/Angel,,False,2015,2
546,25/08/2015,EazyDiner,Food & Beverage,Restaurant Reservation Platform,Gurugram,"DSG Consumer Partners, Saama Capital",Private Equity,3000000.0,True,2015,2
547,25/08/2015,icustommadeit,E-commerce,Professional Custom creators Marketplace,Pune,Group of Angel Investors,Seed/Angel,250000.0,True,2015,1
548,25/08/2015,Qyk App,Consumer Services,On-Demand App based Professional service provider,Bengaluru,"GrowX ventures, Powai Lake Ventures, Sahil Barua, Tracxn Labs",Private Equity,1000000.0,True,2015,4
549,25/08/2015,RevX,SaaS & Enterprise Tech,Cross-channel CRM platform,Mumbai,"Draper Fisher Jurvetson, Helion Venture Partners, Nexus Venture Partners, Norwest Venture Partners, Peepul Capital",Private Equity,4000000.0,True,2015,5
550,26/08/2015,Belita,Consumer Services,On-Demand Beauty Service,Mumbai,"India Quotient, Lead Angels, LetsVenture investors",Seed/Angel,400000.0,True,2015,3
551,26/08/2015,EzySolare,Energy & CleanTech,solar products and services marketplace,Ahmedabad,Infuse Ventures,Seed/Angel,,False,2015,1
552,26/08/2015,FoodTalkIndia,Food & Beverage,Online Food Community Platform,Gurugram,Undisclosed Investor,Seed/Angel,500000.0,True,2015,1
553,26/08/2015,PickMyLaundry,Consumer Services,on-Demand Washing & Dry-Cleaning,Delhi,GHV Accelerator,Seed/Angel,100000.0,True,2015,1
554,27/08/2015,Djubo,Travel & Hospitality,Cloud Based Hotel Sales Platform,Delhi,Ibibo Group,Private Equity,,False,2015,1
555,27/08/2015,Eazy Coach,EdTech,Education Marketplace,Kolkata,Ravi Agarwal,Seed/Angel,,False,2015,1
556,27/08/2015,InstaSafe,Media & Entertainment,Private Cloud Networks SAAS platform,Bengaluru,Group of Investors,Seed/Angel,,False,2015,1
557,28/08/2015,BetterButter,SaaS & Enterprise Tech,online recipe sharing platform,Delhi,"Growx Ventures, Manish Singhal",Seed/Angel,,False,2015,2
558,28/08/2015,RollMafia,Food & Beverage,QSR Restaurant Chain,Pune,Equentia Natural Resources,Seed/Angel,160000.0,True,2015,1
559,28/08/2015,Vyomo,Consumer Services,Beauty & Lifestyle Mobile Marketplace,Bengaluru,Rocket Internet,Private Equity,2000000.0,True,2015,1
560,29/08/2015,iamwire,Media & Entertainment,Digital Media publishing platform,Gurugram,"Draphant Consultants, Li Jian, Li Tao, Mohit Agarwal, Nitin Garg, Saurabh Jain",Seed/Angel,,False,2015,6
561,31/08/2015,Dropkaffe,Food & Beverage,Online Coffee Delivery platform,Bengaluru,"Manish Singhal, P39 Capital",Seed/Angel,300000.0,True,2015,2
562,31/08/2015,Infinite Analytics,SaaS & Enterprise Tech,Big Data & predictive Analysis Platform,Mumbai,"Nikhil Vora, Ratan Tata",Private Equity,,False,2015,2
563,31/08/2015,Reverie,SaaS & Enterprise Tech,Language Localization Cloud platform,Bengaluru,"Aspada Investment Advisors, Qualcomm Ventures",Private Equity,4000000.0,True,2015,2
564,01/09/2015,FXMartIndia,FinTech,Payment Services platform,Chandigarh,Flipkart,Private Equity,,False,2015,1
565,01/09/2015,Luxuryhues,E-commerce,Luxury goods Shopping Platform,Gurugram,Reliance Capital,Private Equity,900000.0,True,2015,1
566,01/09/2015,Stylecracker,SaaS & Enterprise Tech,Personalized Styling platform,Mumbai,Group of HNI investors,Private Equity,1000000.0,True,2015,1
567,01/09/2015,TOFlo,FinTech,FinTech Startup Incubation platform,Mumbai,Tania Johny Palathinkal,Seed/Angel,100000.0,True,2015,1
568,02/09/2015,Capillary,SaaS & Enterprise Tech,Cloud software solutions,Delhi,"Norwest Venture Partners, Sequoia Capital, Warburg Pincus",Private Equity,45000000.0,True,2015,3
569,02/09/2015,HolaChef,Food & Beverage,Food Delivery Platform,Mumbai,Ratan Tata,Private Equity,,False,2015,1
570,02/09/2015,Zivame,E-commerce,Online Lingerie Marketplace,Bengaluru,"Khazanah Nasional Berhad, Zodius Technology Fund",Private Equity,40000000.0,True,2015,2
571,03/09/2015,HiJinny,Consumer Services,Beauty & Wellness Services Marketplace,Mumbai,"CMYK Health Boutique Pvt Ltd, Other individual investors",Seed/Angel,,False,2015,2
572,03/09/2015,Jobspire,HR & Jobs,Job Search Platform,Bengaluru,Purvi Capital,Seed/Angel,260000.0,True,2015,1
573,03/09/2015,MeraDoctor,Healthcare,Doctor consultancy Mobile App,Mumbai,India Quotient & other investors,Seed/Angel,,False,2015,1
574,03/09/2015,Vistaar Finance,FinTech,Small Business Financing (NBFC),Bengaluru,"Elevar Equity, Lok Capital, Omidyar Network, Saama Capital, WestBridge Capital",Private Equity,40000000.0,True,2015,5
575,04/09/2015,Blubox,E-commerce,ECommerce Brands' Full Service Agency,Mumbai,Ashish Jhalani,Seed/Angel,100000.0,True,2015,1
576,04/09/2015,Clapsnslaps,Media & Entertainment,Online Movie Review Platform,Mumbai,R M Picture Company Pvt. Ltd,Seed/Angel,150000.0,True,2015,1
577,04/09/2015,RoomCentral,Travel & Hospitality,Cloud-based Hotel Booking Platform,Bengaluru,Karanpal Singh,Seed/Angel,2000000.0,True,2015,1
578,07/09/2015,Prozo,EdTech,Study Material Marketplace,Delhi,"Dinesh Kundu, Nalin Jain, Shomil Pant",Seed/Angel,205000.0,True,2015,3
579,07/09/2015,Sahayog Dairy,Food & Beverage,Dairy Based Product Manufacturer,Bhopal,Acumen Fund,Private Equity,1800000.0,True,2015,1
580,07/09/2015,YouthKiAwaaz,Media & Entertainment,Community Driven News/Views Platform,Delhi,"Raghav Bahl, Ritu Kapur",Seed/Angel,600000.0,True,2015,2
581,07/09/2015,Zomato,Food & Beverage,Restaurant Ratings & Reviews platform,Gurugram,"Temasek, Vy Capital",Private Equity,60000000.0,True,2015,2
582,08/09/2015,GuruG Learning,EdTech,Teacher empowerment platform,Bengaluru,India Educational Investment Fund,Seed/Angel,,False,2015,1
583,08/09/2015,MockBank,EdTech,Government Test Preparation platform,Bengaluru,Blume Ventures,Seed/Angel,400000.0,True,2015,1
584,08/09/2015,ReportBee,EdTech,Smart Report Cards for Schools,Chennai,India Educational Investment Fund,Seed/Angel,,False,2015,1
585,10/09/2015,IndustryBuying,E-commerce,Industrial Tools Marketplace,Delhi,"Beenextan investment fund, Kalaari Capital, SAIF Partners",Private Equity,9200000.0,True,2015,3
586,10/09/2015,OnlineTyari,EdTech,Multilingual Test Preparation Platform,Gurugram,"500 Startups, Aloke Bajpai, TV Mohandas Pai, Tandem Capital, Vikram Chachra",Private Equity,770000.0,True,2015,5
587,10/09/2015,The/Nudge Foundation,Other,Non Profit Organization to alleviate poverty,Bengaluru,"InMobi, Nanadan Nilekani, Paytm",Seed/Angel,315000.0,True,2015,3
588,11/09/2015,Envoged,E-commerce,pre-used luxury item Marketplace,Mumbai,"Ankush Nijhawan, Gaurav Bhatnagar, Manish Dhingra",Seed/Angel,,False,2015,3
589,11/09/2015,Fitmein,Healthcare,Gym & Fitness Studios Subscription platform,Delhi,Green House Ventures,Seed/Angel,100000.0,True,2015,1
590,11/09/2015,Renomania,Real Estate,Home Design & Décor platform,Delhi,Subodh Gupta,Seed/Angel,,False,2015,1
591,12/09/2015,CredR,Mobility,Used Vehicles Marketplace,Mumbai,Eight Road Ventures,Private Equity,15000000.0,True,2015,1
592,12/09/2015,YatraGenie,Mobility,Online Bus & Cab ticketing platform,Hyderabad,Ash Bhardwaj,Private Equity,,False,2015,1
593,14/09/2015,CanvasFlip,SaaS & Enterprise Tech,Mobile App testing platform,Hyderabad,Bessemer Venture Partners,Seed/Angel,1200000.0,True,2015,1
594,14/09/2015,Ola,Mobility,Cab rental Mobile app,Bengaluru,"Falcon Edge Capital, NY based Hedge Fund, SoftBank, Tiger Global",Private Equity,225000000.0,True,2015,4
595,14/09/2015,Shadowfax,Logistics,Hyperlocal Delivery Services,Gurugram,Eight Roads Ventures,Private Equity,9000000.0,True,2015,1
596,14/09/2015,UE LifeSciences,Healthcare,Early Cancer Detection Solutions,Unknown,"Aarin Capital, Unitus Seed Fund",Private Equity,3000000.0,True,2015,2
597,15/09/2015,Coverfox,FinTech,Online Insurance Distribution Platform,Mumbai,Cataraman Ventures,Private Equity,2000000.0,True,2015,1
598,15/09/2015,FYNE,Real Estate,Home Fitting & Fixtures Marketplace,Bengaluru,Sandeep Dama,Seed/Angel,,False,2015,1
599,15/09/2015,MoEngage,Media & Entertainment,Mobile Marketing Automation Platform,Bengaluru,"Exfinity Ventures, Helion Venture Partners",Private Equity,4250000.0,True,2015,2
600,15/09/2015,Mubble,FinTech,Prepaid Mobile Bill Manager App,Bengaluru,Nandan Nilekani,Seed/Angel,,False,2015,1
601,15/09/2015,Room On Call,Travel & Hospitality,Branded Budget Hotel Marketplace,Noida,Payal Syal,Seed/Angel,300000.0,True,2015,1
602,15/09/2015,Tea Trails,Food & Beverage,Chain of Tea Café's,Mumbai,"Anil Matai, Shyam Sundar R, Vikram Tandon",Seed/Angel,1000000.0,True,2015,3
603,16/09/2015,ChaiPoint,Food & Beverage,Food Subscription platform,Bengaluru,Eight Roads Ventures,Private Equity,10000000.0,True,2015,1
604,16/09/2015,WedmeGood,Consumer Services,Wedding Planning Platform,Gurugram,Indian Angel Network,Seed/Angel,410000.0,True,2015,1
605,16/09/2015,XSTOK,E-commerce,B2B Mobile Auction Marketplace,Mumbai,Oliphans Capital,Seed/Angel,450000.0,True,2015,1
606,17/09/2015,Bueno,Food & Beverage,Online Food ordering & delivery,Gurugram,High Networth Individuals (No details),Seed/Angel,600000.0,True,2015,1
607,17/09/2015,Paintcollar,E-commerce,Designer Merchandize Marketplace,Mumbai,Applyifi,Seed/Angel,,False,2015,1
608,17/09/2015,UniLog,E-commerce,ECommerce Data Analytics Platform,Bengaluru,Kalaari Capital,Private Equity,,False,2015,1
609,17/09/2015,YepMe,E-commerce,Private label Fashion eTailer,Gurugram,"Helion Venture Partners, Khazanah Nasional Berhad",Private Equity,75000000.0,True,2015,2
610,18/09/2015,CureJoy,Healthcare,Online Health & Wellness platform,Bengaluru,"Accel, Larry Braitman, Subrata Mitra, Venk Krishna",Private Equity,1150000.0,True,2015,4
611,18/09/2015,LabStreet,Healthcare,Diagnostic Labs aggregator platform,Gurugram,Multiple investors,Seed/Angel,150000.0,True,2015,1
612,18/09/2015,Plabro,Real Estate,Real Estate Broker Platform App,Delhi,"Binny Bansal, Outbox Ventures, Sachin Bansal, Sangram Singh, Sol Primero",Seed/Angel,350000.0,True,2015,5
613,19/09/2015,Daily Ninja,Logistics,Hyperlocal Delivery Platform,Bengaluru,"Afsal Salu, Aprameya Radhakrishna, Naman Sarawagi",Seed/Angel,,False,2015,3
614,21/09/2015,ConnectAbank,FinTech,Financial Products lead generation platform,Mumbai,Prakhar Bumb,Seed/Angel,,False,2015,1
615,21/09/2015,DishCo,Food & Beverage,Food discovery & table booking app,Mumbai,"Anand Mahindra, Ashish Hemrajani, Sanjeev Mehra, Uday Punj",Seed/Angel,,False,2015,4
616,21/09/2015,LafaLafa,E-commerce,coupons and cashback aggregator app,Mumbai,500 Startups,Seed/Angel,125000.0,True,2015,1
617,21/09/2015,Neotrade Analytics,FinTech,Real-Time stock data platform,Bengaluru,Rainmatter,Seed/Angel,235000.0,True,2015,1
618,21/09/2015,Portea,Healthcare,Home Medical Care Services,Bengaluru,"Accel, International Finance Corporation (IFC), Qualcomm Ventures, Ventureast",Private Equity,37500000.0,True,2015,4
619,22/09/2015,Bestdealfinance,FinTech,Financial Services Portal,Mumbai,"Kalaari Capital, YourNest Angel Fund",Private Equity,3000000.0,True,2015,2
620,22/09/2015,Furdo,Real Estate,Online Interior Designing platform,Bengaluru,Bhavdeep Reddy,Seed/Angel,400000.0,True,2015,1
621,22/09/2015,GameXS,E-commerce,Pre-owned games Marketplace,Delhi,Lead Angels,Seed/Angel,,False,2015,1
622,22/09/2015,Korra,E-commerce,Private Label Apparel sales,Delhi,Asha Jadeja Motwani,Seed/Angel,300000.0,True,2015,1
623,22/09/2015,LogiNext,Logistics,End-to-end Logistics platform,Mumbai,Paytm,Private Equity,10000000.0,True,2015,1
624,22/09/2015,The Man Company,E-commerce,Content-based Subscription eCommerce platform,Delhi,"Amanpreet Bajaj, Karan Bajwa, Manish Vij",Seed/Angel,,False,2015,3
625,22/09/2015,VillFarm,AgriTech,Sustainable Agri-inputs Firm,Bengaluru,"R Ramaraj, Rianta Capital, Sunil Edwards, Unitus Seed Fund",Seed/Angel,,False,2015,4
626,22/09/2015,Virtual Logic,SaaS & Enterprise Tech,"virtual reality, 3d simulation and stereoscopic products",Bengaluru,Swarnim Multiventures,Private Equity,800000.0,True,2015,1
627,23/09/2015,Amigobulls,FinTech,Stock Market Portal,Bengaluru,"Mohandas Pai. Pallav Nadhani, Sharad Sharma, Singapore Angels Network, Vijay Anand",Seed/Angel,,False,2015,4
628,23/09/2015,CrediHealth,Healthcare,Healthcare Consulting platform,Gurugram,Rajat Malhotra,Seed/Angel,,False,2015,1
629,23/09/2015,InnerChef,Food & Beverage,Food Delivery Platform,Delhi,"Anupam Mittal, Phanindra Sama, Sateesh Andara, Vijay Shekhar Sharma, Vishal Gondal",Private Equity,1750000.0,True,2015,5
630,23/09/2015,Juggernaut,Media & Entertainment,Digital & Physical Publishing platform,Delhi,"Nandan Nilekani, Neeraj Aggarwal, William Bissell",Private Equity,2250000.0,True,2015,3
631,23/09/2015,SilverPush,SaaS & Enterprise Tech,Cross-device retargeting platform,Gurugram,M&S Partners,Private Equity,1200000.0,True,2015,1
632,24/09/2015,Capabiliti,SaaS & Enterprise Tech,Employee OnBoarding & Orientation platform,Noida,"500 Startups, Girish Matrubootham, Kunal Bahl, Rohit Bansal, Smile Multimedia",Seed/Angel,400000.0,True,2015,5
633,24/09/2015,Fourth Partner Energy,Energy & CleanTech,Solar Power Solutions company,Hyderabad,"Infuse Ventures, The Chennai Angels",Private Equity,2000000.0,True,2015,2
634,24/09/2015,Licious,Food & Beverage,Online Meat Ordering platform,Bengaluru,"Kanwaljit Singh, TV Mohandas Pai",Seed/Angel,1000000.0,True,2015,2
635,24/09/2015,Quintype,Media & Entertainment,Data Driven Publishing platform,Bengaluru,Raghav Bahl,Private Equity,3300000.0,True,2015,1
636,25/09/2015,TravelKhana,Food & Beverage,online meal-booking platform for train travelers,Delhi,Astarc Ventures,Seed/Angel,,False,2015,1
637,28/09/2015,Ola,Mobility,Cab Booking app platform,Bengaluru,Didi Kuaidi,Private Equity,30000000.0,True,2015,1
638,28/09/2015,Quickli,Logistics,hyperlocal delivery platform,Delhi,"500 Startups, Mato Peric",Seed/Angel,,False,2015,2
639,29/09/2015,Brigge,Media & Entertainment,Activity Based Social Network,Chennai,The Chennai Angels,Seed/Angel,,False,2015,1
640,29/09/2015,Hugefly,E-commerce,Ecommerce Product recommendation platform,Pune,Mayank Singhal,Seed/Angel,,False,2015,1
641,29/09/2015,Inmobi,Media & Entertainment,Mobile Advertising platform,Bengaluru,Tennenbaum Capital Partners,Private Equity,100000000.0,True,2015,1
642,29/09/2015,LoanCircle,FinTech,Consumer lending marketplace,Bengaluru,"Rahul Khanna, Zishaan Hayath",Seed/Angel,,False,2015,2
643,29/09/2015,Paytm,E-commerce,E-Commerce & M-Commerce platform,Delhi,"Alibaba Group, Ant Financial",Private Equity,680000000.0,True,2015,2
644,29/09/2015,Peppertap,Food & Beverage,Hyperlocal Grocery Delivery,Gurugram,"SAIF Partners, Sequoia Capital",Private Equity,36000000.0,True,2015,2
645,29/09/2015,Zakoopi,E-commerce,Fashion Discovery platform,Delhi,Uniqorn Ventures,Seed/Angel,350000.0,True,2015,1
646,30/09/2015,Eywa Media,SaaS & Enterprise Tech,Digital Signal processing platform,Bengaluru,"Mantra Ventures, Viktor Koenig PE Fund, ah! Ventures",Seed/Angel,1000000.0,True,2015,3
647,30/09/2015,FirstTouch,SaaS & Enterprise Tech,Local Mobile OS,Gurugram,"Amit Gupta, Kunal Bahl, Mayank Singhal, Naveen Tiwari, Pranay Chulet, Rohit Bansal",Seed/Angel,,False,2015,6
648,30/09/2015,Infoworks,SaaS & Enterprise Tech,Big Data Management Platform,Bengaluru,"Knoll Ventures, Nexus Venture Partners",Private Equity,5000000.0,True,2015,2
649,30/09/2015,Reddoorz,Travel & Hospitality,Budget Accommodation Platform,Noida,Jungle Ventures,Seed/Angel,1000000.0,True,2015,1
650,01/10/2015,Abhibus,Consumer Services,us ticketing and fleet management platform,Hyderabad,Paytm (One97 communications),Private Equity,,False,2015,1
651,01/10/2015,Cleartax,FinTech,Online Income Tax Filing platform,Delhi,Paytm (One97 communications),Private Equity,,False,2015,1
652,01/10/2015,EasyFix,E-commerce,Professional Services Marketplace,Gurugram,Axilor Ventures,Seed/Angel,,False,2015,1
653,01/10/2015,Indifi,FinTech,Easy Business Loans platform,Gurugram,"Abhishek Goyal, Accel, Arun Tadanki, Elevar Equity, Gagan Hasteer, Gaurav Dalmia, Pramod Bhasin, Rajan Anandan",Seed/Angel,,False,2015,8
654,01/10/2015,Muvizz,Media & Entertainment,Movie-on-demand platform,Singapore,"Abhinav Patodia, Ashish Todi, Kumar Shwetabh",Seed/Angel,350000.0,True,2015,3
655,01/10/2015,Wydr,E-commerce,Performance based Wholesale Marketplace,Delhi,Sandeep Aggarwal,Seed/Angel,,False,2015,1
656,02/10/2015,Shopalyst,SaaS & Enterprise Tech,Product discovery & recommendation platform,Bengaluru,Kalaari Capital,Private Equity,2000000.0,True,2015,1
657,03/10/2015,Chillr,FinTech,Mobile Payments App,Mumbai,Sequoia Capital,Private Equity,6000000.0,True,2015,1
658,05/10/2015,IndiaLends,FinTech,Online Consumer Lending platform,Delhi,"DSG consumer Partners, Paragon Partners",Private Equity,1000000.0,True,2015,2
659,05/10/2015,Nykaa,Consumer Services,Beauty & Wellness Products e-tailer,Mumbai,"Atul Nishar, Dalip Pathak, Harsh Mariwala, Michael Carlos",Private Equity,9500000.0,True,2015,4
660,05/10/2015,Rock N Shop,E-commerce,Premium Apparel shopping portal,Delhi,High Networth Individuals (undisclosed),Seed/Angel,150000.0,True,2015,1
661,05/10/2015,Voylla,E-commerce,Fashion jewelry and accessories e-tailer,Jaipur,Peepul Capital,Private Equity,15000000.0,True,2015,1
662,06/10/2015,Burger Singh,Food & Beverage,QSR & Online delivery portal,Gurugram,"Ashvin Chadha, Avtar Monga, Dheeraj Jain, Udaan Angels",Seed/Angel,500000.0,True,2015,4
663,06/10/2015,DocPlexus,Healthcare,Exclusive Platform for Doctors & Healthcare professionals,Pune,"ASP Consulting, Uniqorn ventures",Seed/Angel,700000.0,True,2015,2
664,06/10/2015,SportyBeans,EdTech,multi-sport program for preschoolers,Pune,YouWeCan Ventures,Seed/Angel,,False,2015,1
665,06/10/2015,SportzVillage,EdTech,Sports Management & Physical Education Business,Bengaluru,Gaja Capital Private Equity Fund,Private Equity,10000000.0,True,2015,1
666,06/10/2015,Welcome Cure,Healthcare,Online Homeopathy Clinic,Mumbai,"HNIs, Unnamed Media house",Private Equity,6000000.0,True,2015,2
667,06/10/2015,WorkIndia,HR & Jobs,Job Board,Mumbai,"Keshav Sanghi, Riddhesh Gandhi, Satyen Kothari",Seed/Angel,500000.0,True,2015,3
668,07/10/2015,GoJavas,Logistics,Delivery & Logistics Service provider,Gurugram,Snapdeal,Private Equity,20000000.0,True,2015,1
669,07/10/2015,Naturally Yours,Food & Beverage,Organic Food etailer,Mumbai,Sanjay Mehta,Seed/Angel,,False,2015,1
670,07/10/2015,Scandid,SaaS & Enterprise Tech,Product Discovery & comparison App,Pune,Micromax Informatics,Private Equity,,False,2015,1
671,07/10/2015,SchoolGuru,EdTech,E-Learning Service Provider,Mumbai,"High Networth Individuals from India, USA",Private Equity,3000000.0,True,2015,2
672,07/10/2015,StalkBuyLove,E-commerce,Online Apparels Fashion brand,Delhi,"Mato Peric, Peter Kabel",Private Equity,,False,2015,2
673,08/10/2015,Cube26,SaaS & Enterprise Tech,Gesture based Mobile Development,Delhi,"Flipkart, Tiger Global",Private Equity,7700000.0,True,2015,2
674,08/10/2015,Grabhouse,Real Estate,Rental Accommodation Search platform,Bengaluru,"Kalaari Capital, Sequoia",Private Equity,10000000.0,True,2015,2
675,08/10/2015,Mobikon,Travel & Hospitality,Hotel Mobile CRM Software platform,Pune,"Life.SREDA, Qualgro",Private Equity,,False,2015,2
676,08/10/2015,Quifers,Logistics,Logistics Tech Platform,Mumbai,"Sanjeev Kakkar, Smile Group, Vikas Agarwal, Vishal Khare",Seed/Angel,310000.0,True,2015,4
677,08/10/2015,ZuperMeal,Food & Beverage,Home Cooked Food marketplace & Delivery,Mumbai,"Ravi Saxena, Sanjeev Kapoor",Private Equity,2000000.0,True,2015,2
678,09/10/2015,Cloud Lending,FinTech,End-to-End Lending platform,Bengaluru,SF Capital Group,Private Equity,8000000.0,True,2015,1
679,09/10/2015,Curofy,Healthcare,Doctors Network Mobile App,Delhi,RoundGlass Partners,Private Equity,,False,2015,1
680,09/10/2015,Inayo,Healthcare,on-demand healthcare marketplace,Mumbai,"Amit Ranjan, Kemark Ventures, Zishaan Hayath",Seed/Angel,300000.0,True,2015,3
681,09/10/2015,Kulzy,Media & Entertainment,Advertising & Marketing Community Networking platform,Delhi,"Bedrock Ventures, Seedfund",Seed/Angel,1000000.0,True,2015,2
682,09/10/2015,WoNoBo,SaaS & Enterprise Tech,360-degree view creating platform,Bengaluru,Quikr,Private Equity,,False,2015,1
683,09/10/2015,Zeppery,Food & Beverage,Food Ordering & Delivery App,Delhi,Suyash Sharma,Seed/Angel,77000.0,True,2015,1
684,12/10/2015,Bizongo,E-commerce,B2B marketplace for industrial goods,Mumbai,Accel,Seed/Angel,,False,2015,1
685,12/10/2015,Faircent,FinTech,Online P2P lending marketplace,Gurugram,Aarin Capital Partners,Private Equity,,False,2015,1
686,12/10/2015,Gridle,SaaS & Enterprise Tech,Cloud Based Collaboration platform,Ahmedabad,LetsVenture,Seed/Angel,100000.0,True,2015,1
687,12/10/2015,Mubble,FinTech,Prepaid Bill manager App,Bengaluru,Accel,Private Equity,,False,2015,1
688,12/10/2015,Tripoto,Travel & Hospitality,global community for travellers,Delhi,"500 Startups, Advantedge fund, IDG Ventures, Leon Seynave, Neeraj Arora",Private Equity,,False,2015,5
689,12/10/2015,Zify,Mobility,Ride Sharing platform,Hyderabad,Sean O'Sullivan,Seed/Angel,190000.0,True,2015,1
690,13/10/2015,Lookup,Media & Entertainment,Mobile Messaging Assistant App,Bengaluru,"Biz Stone, Catamaran Ventures, European investment fund, Global Founders Capital, Khosla Impact",Private Equity,2500000.0,True,2015,5
691,13/10/2015,Voodoo,E-commerce,Mobile Only Shopping Assistant,Delhi,SAIF Partners,Seed/Angel,1000000.0,True,2015,1
692,14/10/2015,AskMyGift,SaaS & Enterprise Tech,Personalized Wish List creator app,Noida,Turning Ideas,Seed/Angel,50000.0,True,2015,1
693,14/10/2015,Gaana,Media & Entertainment,Music Streaming mobile app,Mumbai,Micromax Informatics Ltd,Private Equity,,False,2015,1
694,14/10/2015,GymTrekker,Healthcare,Gym Discovery platform,Mumbai,"Dewang Neralla, Manisha Gupta, Roopak Taneja",Seed/Angel,,False,2015,3
695,15/10/2015,Bounty App,SaaS & Enterprise Tech,Online Purchase rewards app,Bengaluru,"Fireside Ventures, Mumbai Angels MAPE Advisory Group",Seed/Angel,,False,2015,2
696,16/10/2015,BolRealty,Real Estate,Real Estate Insights platform,Delhi,Manpreet Singh,Seed/Angel,,False,2015,1
697,16/10/2015,Homers,Real Estate,Home rental platform,Gurugram,"Amitpal Bhutani, Devesh Rai G, Rajesh Aggarwal",Seed/Angel,,False,2015,3
698,16/10/2015,mShipper,FinTech,Crowdsourced Delivery platform,Delhi,Vijai Laxmi,Seed/Angel,,False,2015,1
699,17/10/2015,S-Cube Futuretech,Consumer Services,Structural & Civil Engg Service Automation,Mumbai,Parampara Capital,Private Equity,1000000.0,True,2015,1
700,19/10/2015,Citrus Payment,FinTech,Payments Solution platform,Mumbai,"Ascent Capital, Beenos Asia, Sequoia Capital, eContext Asia",Private Equity,25000000.0,True,2015,4
701,19/10/2015,Holidify,Travel & Hospitality,Travel Destination Discovery platform,Delhi,Aarti Group,Seed/Angel,100000.0,True,2015,1
702,19/10/2015,LetsVenture,FinTech,Startup Funding Marketplace,Bengaluru,"Accel, Anupam Mittal & other marquee investors",Private Equity,,False,2015,2
703,20/10/2015,Attune Technologies,Healthcare,Healthcare IT Solutions & services,Chennai,"Norwest Venture Partners, Qualcomm Venture",Private Equity,10000000.0,True,2015,2
704,20/10/2015,iChef,Food & Beverage,Gourmet Meals Delivery,Mumbai,Springboard Ventures,Private Equity,,False,2015,1
705,20/10/2015,Opinio,Logistics,Last Mile Delivery Service,Bengaluru,"Accel, Delhivery, Sands Capital",Private Equity,7000000.0,True,2015,3
706,20/10/2015,PrimaSeller,Logistics,Order Fulfillment SAAS platform,Bengaluru,"Dr. Aniruddha Malpani Manish Gupta, M&S Partners",Seed/Angel,,False,2015,2
707,21/10/2015,AgentDesks,Real Estate,Real Estate Mobile CRM,New York,"Cota Capital, Sierra Ventures, Vegas Tech Fund",Seed/Angel,2950000.0,True,2015,3
708,21/10/2015,Jiyo Natural,Food & Beverage,Healthy Meals Food delivery platform,Bengaluru,Indian Angel Network,Seed/Angel,,False,2015,1
709,21/10/2015,MealHopper,Food & Beverage,Home Made Food Marketplace,Gurugram,"Alok Bajpai, Amit Dey, Rajnish Kumar",Seed/Angel,100000.0,True,2015,3
710,21/10/2015,Stockal,FinTech,Personalized Stock Intelligence Platform,Bengaluru,"Mohan Alexander, R Natarajan",Seed/Angel,,False,2015,2
711,21/10/2015,White Owl Brewery,Food & Beverage,Micro-Brewery,Mumbai,"Arihant Patni, RAAY Global Investments",Private Equity,1530000.0,True,2015,2
712,21/10/2015,Zenify,Real Estate,residential rental management platform,Bengaluru,"Atul Jalan, Bharath, Shrikanth",Seed/Angel,640000.0,True,2015,3
713,23/10/2015,Frsh,Food & Beverage,Online food ordering & Delivery service,Gurugram,"Kae Capital, Mayank Bhangdia, Mumbai Angels",Private Equity,1000000.0,True,2015,3
714,23/10/2015,Leaping Caravan,Food & Beverage,Online food ordering & Delivery service,Gurugram,Group of Angel investors,Seed/Angel,150000.0,True,2015,1
715,23/10/2015,Medd,Healthcare,Personal Diagnostic Mobile App,Mumbai,Group of Angel investors,Seed/Angel,150000.0,True,2015,1
716,23/10/2015,Qik Stay,Travel & Hospitality,Hotel Aggregator & booking platform,Delhi,ID Enablers Pvt Ltd,Seed/Angel,250000.0,True,2015,1
717,26/10/2015,AlmaMapper,EdTech,Online Student & Campus Social Networking platform,Ahmedabad,Oswal Techno Ventures LLP,Seed/Angel,400000.0,True,2015,1
718,26/10/2015,Flexing It,E-commerce,Professionals & Project Search Marketplace,Delhi,undisclosed private investors,Seed/Angel,500000.0,True,2015,1
719,26/10/2015,Netmeds,Healthcare,Online Pharmacy,Chennai,"OrbiMed, Pradip Dadha Group",Private Equity,50000000.0,True,2015,2
720,26/10/2015,Parcelled,Logistics,Online Logistics Platform,Bengaluru,Delhivery,Private Equity,5000000.0,True,2015,1
721,26/10/2015,Razorpay,FinTech,Online Payment Gateway,Jaipur,"Matrix Partners, Tiger Global",Private Equity,9000000.0,True,2015,2
722,27/10/2015,Care24,Healthcare,Professional Health Services Platform,Mumbai,India Quotient,Seed/Angel,350000.0,True,2015,1
723,27/10/2015,Happitoo,SaaS & Enterprise Tech,Location based Nightlife recommendation Platform,Mumbai,Unnamed investor,Seed/Angel,77000.0,True,2015,1
724,27/10/2015,Jombay,SaaS & Enterprise Tech,Psychometric Test Online Software,Pune,Ventureworks India,Private Equity,,False,2015,1
725,27/10/2015,Roadrunnr,Logistics,Hyperlocal Logistics Service,Bengaluru,"Nexus Venture Partners, Sequoia Capital",Private Equity,10000000.0,True,2015,2
726,27/10/2015,Simpli5d,SaaS & Enterprise Tech,Online user engagement platform,Gurugram,"Redcliffe Capital, YourNest Angel Fund",Private Equity,,False,2015,2
727,28/10/2015,ORIGA Leasing,FinTech,Asset Financing platform,Mumbai,"500 Startups, Other HNIs, ah! Ventures",Seed/Angel,1100000.0,True,2015,3
728,28/10/2015,Smartivity,EdTech,Virtual Reality activity based learning platform,Delhi,"Co Pvt Ltd, S Chand",Seed/Angel,200000.0,True,2015,2
729,28/10/2015,UrDoorStep,Food & Beverage,Online Grocery Store,Bengaluru,Jupiter Capital,Private Equity,,False,2015,1
730,29/10/2015,Moglix,E-commerce,Industrial Toons Marketplace,Noida,"Accel Partner, Jungle Ventures",Private Equity,,False,2015,2
731,29/10/2015,Tavaga,FinTech,Investment management platform,Mumbai,Tracxn Syndicate,Seed/Angel,,False,2015,1
732,29/10/2015,ZopHop,Mobility,Public Commute helper App,Mumbai,"Amit Singhal, PK Gulati",Seed/Angel,450000.0,True,2015,2
733,30/10/2015,BeaconsTalk,Media & Entertainment,proximity marketing & Mobile Advertising platform,Mumbai,Puneet Bhatia,Seed/Angel,80000.0,True,2015,1
734,30/10/2015,Instavans,Logistics,Truck Aggregator & Logistics service,Bengaluru,Suresh Vaswani,Seed/Angel,,False,2015,1
735,30/10/2015,Kleeto,SaaS & Enterprise Tech,Document Digitization platform,Gurugram,GREX,Seed/Angel,230000.0,True,2015,1
736,30/10/2015,LiftO,Mobility,Ridesharing Mobile app,Mumbai,"Dheeraj Mehta, Rajesh Bhatia",Seed/Angel,130000.0,True,2015,2
737,30/10/2015,Niki.ai,E-commerce,Artificial Intelligence Ecommerce Chatbot,Bengaluru,Unilazer Ventures,Seed/Angel,,False,2015,1
738,30/10/2015,TinyOwl,Food & Beverage,Food Discovery & Delivery Mobile app,Mumbai,"Matrix Partners, Sequoia Capital",Private Equity,7500000.0,True,2015,2
739,30/10/2015,Toppr,EdTech,Competitive exam learning platform,Mumbai,InnoVen Capital,Private Equity,2000000.0,True,2015,1
740,31/10/2015,Jugnoo,Mobility,Autorickshaw Aggregator & Booking platform,Chandigarh,Paytm,Private Equity,10000000.0,True,2015,1
741,02/11/2015,CityFlo,Mobility,Bus Aggregation and rental mobile app,Mumbai,IDG Ventures,Seed/Angel,750000.0,True,2015,1
742,02/11/2015,Twigly,Food & Beverage,Online Food Ordering & Delivery platform,Gurugram,"Amit Gupta, Mukul Singhal, Sahil Barua, Tracxn Labs",Seed/Angel,200000.0,True,2015,4
743,03/11/2015,Bidgely,Energy & CleanTech,Efficient Energy Management platform,Unknown,"Constellation Technology Ventures (Exelon Corporation), E.ON, Khosla Ventures, RWE",Private Equity,16600000.0,True,2015,4
744,03/11/2015,BoiBanit,Food & Beverage,Online Food Ordering Marketplace,Vadodara,"Anubhav Verma, Varun Ahuja",Seed/Angel,150000.0,True,2015,2
745,03/11/2015,Deyor Rooms,Travel & Hospitality,Budget Hotels Aggregator,Delhi,Dheeraj Jain,Seed/Angel,500000.0,True,2015,1
746,03/11/2015,FindYahan,Consumer Services,hyperlocal online Services platform,Noida,Times Group Brand Capital,Private Equity,,False,2015,1
747,03/11/2015,oibanit,Food & Beverage,Online Food Ordering Marketplace,Vadodara,"Anubhav Verma, Varun Ahuja",Seed/Angel,150000.0,True,2015,2
748,03/11/2015,Pokkt,SaaS & Enterprise Tech,Alternate Mobile Monetization platform,Mumbai,"JAFCO Asia, Jungle Ventures, K Ganesh, Segnel Venture, Shinji Kimura, SingTel's Innov8, Sundar Chanrai",Private Equity,5000000.0,True,2015,7
749,03/11/2015,Sabse,SaaS & Enterprise Tech,WiFi - first Cloud communication platform,Mumbai,Ratan Tata,Private Equity,,False,2015,1
750,03/11/2015,Stuffed,Food & Beverage,Quick Service Restaurant & Online Delivery,Mumbai,Riqueza Capital,Seed/Angel,385000.0,True,2015,1
751,04/11/2015,Paytunes,SaaS & Enterprise Tech,Voice Call incentivization mobile app,Delhi,CIO Angel Network,Seed/Angel,,False,2015,1
752,04/11/2015,Shirsa Labs,EdTech,Digital Intelligent learning platform,Mumbai,ah! Ventures,Seed/Angel,250000.0,True,2015,1
753,04/11/2015,YourDost,Healthcare,Online Counselling and psychological support platform,Gwalior,"Aneesh Reddy, Aprameya Radhakrishna, Neeraj Jawalkar, Pavan Ongole, Phanindra Sama, Sanjay Anandaram, Venk Krishnan",Seed/Angel,400000.0,True,2015,7
754,05/11/2015,Bobble,SaaS & Enterprise Tech,Selfie Mobile App,Delhi,SAIF Partners,Private Equity,,False,2015,1
755,05/11/2015,BookMyBai,Consumer Services,Domestic Help Aggregation platform,Mumbai,Vineel Nalla,Seed/Angel,150000.0,True,2015,1
756,06/11/2015,Explara,Consumer Services,Event Ticketing platform,Pune,"Hyderabad Angels, Ness Wadia, Singapore Angel Network",Private Equity,490000.0,True,2015,3
757,06/11/2015,POPxo,Media & Entertainment,Online content platform for women,Delhi,"500 Startups, IDG Ventures India, Kalaari Capital",Private Equity,2000000.0,True,2015,3
758,06/11/2015,RepUp,SaaS & Enterprise Tech,Online Reputation Management Platform,Gurugram,Indian Angel Network,Seed/Angel,,False,2015,1
759,06/11/2015,Satvacart,Food & Beverage,Online Grocery platform,Gurugram,Undisclosed HNIs,Private Equity,1800000.0,True,2015,1
760,06/11/2015,Soothe Healthcare,Healthcare,affordable Personal Healthcare Products,Noida,Saina Nehwal,Seed/Angel,,False,2015,1
761,06/11/2015,SparesHub,Mobility,Online Vehicle Spare Parts etailer,Pune,"Hyderabad Angels, M&S Partners",Seed/Angel,460000.0,True,2015,2
762,06/11/2015,Yuvi Hospitality,Food & Beverage,Premium dining Lounges & restaurants,Gurugram,Chandralekha Construction Pvt. Ltd,Private Equity,15000000.0,True,2015,1
763,09/11/2015,AppVirality,SaaS & Enterprise Tech,Mobile Growth Hacking Platform,Hyderabad,"Ashim Mehra, Internet Group, Mike Galgon, Mohit Saxena, Rajan Anandan, Ravi Gururaj, TNN Capital",Seed/Angel,500000.0,True,2015,7
764,09/11/2015,BigStylist,Consumer Services,Beauty and Wellness Marketplace,Mumbai,Info Edge (India),Private Equity,1000000.0,True,2015,1
765,09/11/2015,Didi,Consumer Services,On-demand Maids Service Provider,Mumbai,"Jozef Bardik, Leo Wang Sangeeth Ram",Seed/Angel,150000.0,True,2015,2
766,09/11/2015,iStar Skill Development,EdTech,Skill Training Startup,Bengaluru,"Michael, Susan Dell Foundation, Unitus Seed Fund",Private Equity,1500000.0,True,2015,3
767,09/11/2015,Skoov,E-commerce,eCommerce Product Search Engine,Mumbai,undisclosed investor,Seed/Angel,150000.0,True,2015,1
768,09/11/2015,Zilingo,E-commerce,Marketplace App for Bangkok,Bengaluru,"BEENEXT Ventures, Kunal Shah, Sandeep Tandon, Sequoia Capital",Private Equity,1900000.0,True,2015,4
769,10/11/2015,Chefs Basket,Food & Beverage,Ready to cook packaged Foods,Mumbai,"Haresh Chawla, SAIF Partners",Private Equity,6000000.0,True,2015,2
770,11/11/2015,6Degree,HR & Jobs,Talent platform for Fashion professionals,Goa,"Business Acceleration (CIBA), Centre For Incubation, Goa",Seed/Angel,,False,2015,3
771,11/11/2015,Delight Foods,Food & Beverage,Branded Food products online sales,Bengaluru,"Fireside Ventures, Lensbridge Capital, Mape Advisory Group",Private Equity,600000.0,True,2015,3
772,11/11/2015,Gingercrush,SaaS & Enterprise Tech,Product Customization Platform,Vadodara,TV Mohandas Pai's family office,Seed/Angel,,False,2015,1
773,11/11/2015,Grab,Logistics,Hyperlocal Logistics Service Provider,Mumbai,Sixth Sense Ventures,Seed/Angel,,False,2015,1
774,11/11/2015,RenewBuy,FinTech,Auto Insurance Online platform,Gurugram,Mount Nathan Advisors Pte Ltd,Seed/Angel,500000.0,True,2015,1
775,12/11/2015,Hitwicket,Gaming,Cricket Management Mobile Game,Hyderabad,Chennai Angels,Seed/Angel,250000.0,True,2015,1
776,13/11/2015,Flashdoor,Consumer Services,On Demand Laundry Service platform,Bengaluru,"Ankit Nagori, Sujeet Kumar, Traxcn Labs",Seed/Angel,,False,2015,3
777,16/11/2015,Absentia,SaaS & Enterprise Tech,Virtual Reality Headset creator,Bengaluru,"50K Ventures, Astarc Ventures",Seed/Angel,180000.0,True,2015,2
778,16/11/2015,Cashkaro,E-commerce,Ecommerce Discount & Cashback coupons platform,Gurugram,Kalaari Capital,Private Equity,3700000.0,True,2015,1
779,16/11/2015,Renowala,Real Estate,Home Improvement Service platform,Hyderabad,Logtally,Seed/Angel,,False,2015,1
780,16/11/2015,TaskBucks,E-commerce,mobile-only tasks marketplace,Delhi,Times Internet,Private Equity,15000000.0,True,2015,1
781,17/11/2015,BiBox,SaaS & Enterprise Tech,Kids Tool kit for Innovation platform,Bengaluru,Ravi Krishnamurthy,Seed/Angel,530000.0,True,2015,1
782,17/11/2015,Convegenius,EdTech,Mobile Learning Solutions,Noida,Enablers platform,Seed/Angel,300000.0,True,2015,1
783,17/11/2015,Craftsvilla,E-commerce,Women Ethnic Wear Online Marketplace,Mumbai,"Apoletto, Global Founders Capital, Lightspeed Venture Partners, Nexus Venture Partners, Sequoia Capital",Private Equity,34000000.0,True,2015,5
784,17/11/2015,Julia Computing,SaaS & Enterprise Tech,Numerical Computing & Data Science Platform,Bengaluru,"Betty Moore Foundation, Gordon",Seed/Angel,600000.0,True,2015,2
785,17/11/2015,Smytten,SaaS & Enterprise Tech,Online Products Discovery Platform,Gurugram,"Anuj Srivastava, Rimpal Chawla",Seed/Angel,200000.0,True,2015,2
786,17/11/2015,StyleTag,E-commerce,Designer fashion Jewellery Marketplace,Bengaluru,Jitu Virwani,Seed/Angel,7500000.0,True,2015,1
787,18/11/2015,Goodbox,SaaS & Enterprise Tech,conversational commerce mobile app,Bengaluru,Nexus Venture Partners,Private Equity,2500000.0,True,2015,1
788,18/11/2015,Hipship,Logistics,Express local delivery platform,Bengaluru,"Inara Capital, Rishi Khiani",Seed/Angel,,False,2015,2
789,18/11/2015,Ola,Mobility,Car Aggregator & Retail Mobile App,Bengaluru,"Baillie Gifford, DST Global, Didi Kuaidi, Falcon Edge Capital, SoftBank, Tiger Global",Private Equity,500000000.0,True,2015,6
790,18/11/2015,Pickrr,Logistics,On-Demand Local Logistics provider,Delhi,Palaash Ventures,Seed/Angel,,False,2015,1
791,18/11/2015,ScoopWhoop,Media & Entertainment,Viral Content web Platform,Delhi,Kalaari Capital,Private Equity,4000000.0,True,2015,1
792,18/11/2015,Truelancer,HR & Jobs,Curated Freelancer Marketplace,Delhi,"Aditya Dev Sood, Blackstone Valley Group, Kamal Bansal, Raghu Vohra",Seed/Angel,,False,2015,4
793,19/11/2015,AHA Taxis,Mobility,Online Taxi Rental Platform,Noida,ah! Ventures,Seed/Angel,,False,2015,1
794,19/11/2015,Fourseven,E-commerce,Online Jewellery etailer,Delhi,Indian Angel Network,Seed/Angel,455000.0,True,2015,1
795,19/11/2015,PlaceofOrigin,Food & Beverage,Online Gourmet Food Marketplace,Bengaluru,"Ganapathy Venugopal, Kris Gopalakrishnan, Professor Tarun Khanna, S.D. Shibulal, Srinath Batni",Seed/Angel,,False,2015,5
796,19/11/2015,SenseGiz,Other,Smartwatch Maker,Belagavi,Karnataka Semiconductor Venture Capital firm,Seed/Angel,500000.0,True,2015,1
797,19/11/2015,UrbanClap,E-commerce,Mobile Services Marketplace,Gurugram,"Accel, Bessemer Venture Partner, SAIF Partners",Private Equity,25000000.0,True,2015,3
798,20/11/2015,HeyPillow,Real Estate,Online Real Estate Marketplace,Bengaluru,Hampton Capital,Private Equity,3000000.0,True,2015,1
799,20/11/2015,Medinfi,Healthcare,Health-Tech platform,Bengaluru,"Gurmeet Chahal, Hemant Kaul, Pradeep K Jaisingh, Ram Kumar Kakani, Sunil T V, Vijay Ghadge",Seed/Angel,305000.0,True,2015,6
800,20/11/2015,MindTickle,SaaS & Enterprise Tech,Sales & Productivity Software,Pune,New Enterprise Associates,Private Equity,12500000.0,True,2015,1
801,20/11/2015,Shopsense,E-commerce,ecommerce related software product platform,Mumbai,"Kae Capital, Kunal Bahl, Rohit Bansal",Seed/Angel,,False,2015,3
802,21/11/2015,Caravan Craft,E-commerce,Indian Ethnic Crafts Etailer,Bengaluru,"Bijou Kurien, Narayan Ramachandran, Unitus Seed Fund",Private Equity,1200000.0,True,2015,3
803,21/11/2015,Healers At Home,Healthcare,"Home Healthcare Services platform,",Delhi,"BVR Mohan Reddy, Daljit Singh, Dr. Pramath Raj Sinha",Seed/Angel,,False,2015,3
804,23/11/2015,Medikoe,Healthcare,Healthcare Services Discovery platform,Bengaluru,Anil Menon,Seed/Angel,100000.0,True,2015,1
805,23/11/2015,Rentomo,Real Estate,"Online Furniture, Home Appliances Rental Platform",Bengaluru,"Accel, IDG Ventures India",Private Equity,2000000.0,True,2015,2
806,24/11/2015,Crayon Data,SaaS & Enterprise Tech,Big Data Analytics Platform,Chennai,Ratan Tata,Private Equity,,False,2015,1
807,24/11/2015,Naaptol,E-commerce,Online and TV Shopping Marketplace,Mumbai,"Canaan Partners, Co, Mitsui, New Enterprise Associates, Silicon Valley Bank",Private Equity,52000000.0,True,2015,5
808,24/11/2015,ServX,Mobility,Automotive Services platform,Delhi,Manish Gupta,Seed/Angel,,False,2015,1
809,24/11/2015,Stylofie,Consumer Services,Health and Beauty Services Marketplace,Gurugram,Swastika,Seed/Angel,250000.0,True,2015,1
810,25/11/2015,Early Salary,FinTech,Mobile App based Loan disbursement platform,Mumbai,Ashok Agarwal,Seed/Angel,1500000.0,True,2015,1
811,25/11/2015,S Chand,EdTech,Education Content Provider,Delhi,IFC Everstone Group,Private Equity,27000000.0,True,2015,1
812,25/11/2015,Tooler,Consumer Services,On Demand Laundry Services App,Delhi,"Raghu Khanna, Sameer Gupta",Seed/Angel,110000.0,True,2015,2
813,26/11/2015,GOQii,Healthcare,Fitness Tracking Management Solutions,Mumbai,"Cheetah Mobile, New Enterprise Associates",Private Equity,13400000.0,True,2015,2
814,26/11/2015,Grofers,Food & Beverage,Hyper-local Grocery Delivery platform,Gurugram,"Apoletto Managers, Sequoia Capital, SoftBank, Tiger Global",Private Equity,120000000.0,True,2015,4
815,26/11/2015,KountMoney,FinTech,Online Lending Marketplace,Bengaluru,"Ashish Goenka, Tracxn",Seed/Angel,,False,2015,2
816,26/11/2015,Pluss,Healthcare,Hyperlocal healthcare product Delivery Service provider,Gurugram,"IDG Ventures, M, Powerhouse Ventures (USA), S partners",Private Equity,1000000.0,True,2015,4
817,26/11/2015,Stelae,Media & Entertainment,Content Management Software Solutions,Chennai,Earlsfield Capital,Private Equity,,False,2015,1
818,27/11/2015,Fastudent,EdTech,Education Content etailer,Noida,Ashish Gupta,Seed/Angel,,False,2015,1
819,27/11/2015,LearnOn,EdTech,Clud based Learning platform,Chennai,JMR Infotech India Pvt Ltd,Seed/Angel,,False,2015,1
820,27/11/2015,StayGlad,Consumer Services,On Demand Beauty Services Platform,Bengaluru,"Anil Chopra, Bessemer Venture Partners",Private Equity,,False,2015,2
821,27/11/2015,Talentrack,HR & Jobs,Talent Exchange & Talent Services Marketplace,Delhi,Unigrowth Inc,Seed/Angel,,False,2015,1
822,28/11/2015,M-TAXI,Mobility,Two-Wheeler Taxi Service,Gurugram,"Jairaj Singh, Mandeep Singh",Seed/Angel,,False,2015,2
823,30/11/2015,Baxi,Mobility,Two-Wheeler Taxi Service,Gurugram,"Alok Mittal, Manish Kheterpal, Puneet Dalmia",Seed/Angel,1450000.0,True,2015,3
824,30/11/2015,Bro4U,Consumer Services,Hyperlocal Online Home services provider,Bengaluru,Sargod Ventures,Seed/Angel,,False,2015,1
825,30/11/2015,MoMagic,SaaS & Enterprise Tech,Mobile Application Developer,Delhi,FIH Mobile Ltd,Private Equity,,False,2015,1
826,30/11/2015,QikPod,Logistics,Ecommerce Delivery locker services,Bengaluru,"Accel, Delhivery, Flipkart, Foxconn",Private Equity,9000000.0,True,2015,4
827,30/11/2015,Superhero Brands,E-commerce,character merchandize sales platform,Mumbai,DSG Consumer Partners,Seed/Angel,540000.0,True,2015,1
828,01/12/2015,Biteclub,Food & Beverage,Gourmet Food Discovery & Delivery platform,Gurugram,growX ventures,Private Equity,,False,2015,1
829,01/12/2015,Black White Orange Brands,E-commerce,Brand Licensing Startup,Mumbai,YouWeCan Ventures,Seed/Angel,,False,2015,1
830,01/12/2015,CollegeDekho,EdTech,Online Education Information platform,Jaipur,GirnarSoft,Seed/Angel,1000000.0,True,2015,1
831,01/12/2015,Godof Hospitals,Healthcare,Digital Healthcare,Delhi,Pankaj Gupta,Seed/Angel,2000000.0,True,2015,1
832,01/12/2015,Patel Logistics,Logistics,Transportation & Logistics Platform,Mumbai,Frontline Strategy,Private Equity,5600000.0,True,2015,1
833,01/12/2015,Wigzo,Media & Entertainment,Enterprise Marketing Automation platform,Delhi,"Aarin Capital Partners, TV Mohandas Pai",Seed/Angel,500000.0,True,2015,2
834,02/12/2015,Kaaryah,E-commerce,Womens Fashion Wear Portal,Delhi,"TV Mohandas Pai, The Saha Fund",Private Equity,,False,2015,2
835,02/12/2015,RoomsTonite,Travel & Hospitality,Last Minute Hotel Booking App,Bengaluru,"Balamurali Krishna, Lashit Sanghvi, Mohammed Bin Abdul Rehman Al Khalifa, Nikhil Vora, Ralph Berezan, Venkat Vardhan, Vissal Mathew",Seed/Angel,1500000.0,True,2015,7
836,03/12/2015,Anakage,EdTech,Product Learning platform,Bengaluru,CIO Angel Network (CAN),Seed/Angel,,False,2015,1
837,03/12/2015,Eckovation,EdTech,Social Learning Platform,Delhi,Chandigarh Angel Network (CAN),Seed/Angel,,False,2015,1
838,03/12/2015,Fitcircle,Healthcare,Social Fitness platform,Mumbai,"Beerud Sheth, Ravi Mantha",Seed/Angel,,False,2015,2
839,03/12/2015,Shuttl,Mobility,App based Bus Pooling Services,Gurugram,"One more Fund, Sequoia Capital, Times Internet Ltd",Private Equity,20000000.0,True,2015,3
840,04/12/2015,AppLop,Consumer Services,On Demand Mobile app developer,Kolkata,GHV Accelerator,Seed/Angel,100000.0,True,2015,1
841,04/12/2015,CaRPM,Mobility,Car Maintenance & Management mobile app,Gurugram,GHV Accelerator,Seed/Angel,100000.0,True,2015,1
842,04/12/2015,NDTV Wedding portal,E-commerce,Online Wedding Marketplace,Delhi,CerraCap,Private Equity,20000000.0,True,2015,1
843,04/12/2015,Splitkart,FinTech,Splitting Bills Mobile App,Delhi,"Anupam Mittal, Dinesh Agarwal, Gaurav Gupta, Rajesh Sawhney",Seed/Angel,,False,2015,4
844,07/12/2015,Coolshare,Mobility,Cab Sharing service Mobile app,Mumbai,Gopal Aggarwal,Seed/Angel,100000.0,True,2015,1
845,07/12/2015,Customfurnish,Real Estate,Custom Made furniture e-tailer,Hyderabad,Agnus Capital,Private Equity,4500000.0,True,2015,1
846,07/12/2015,Faasos,Food & Beverage,QSR Chain,Pune,"Lightbox Ventures, Sequoia Capital, ru-Net",Private Equity,30000000.0,True,2015,3
847,07/12/2015,Leaf Wearables,Media & Entertainment,Smart Safety Wearable Devices,Delhi,"Ajeet Khurana Jinesh Shah, Dr. Aniruddha Malpani, Vikram Chachra",Seed/Angel,250000.0,True,2015,3
848,07/12/2015,Vlurn,EdTech,eLearning platform,Mumbai,Vidyadhar Sarfare,Seed/Angel,,False,2015,1
849,07/12/2015,Zenatix,Energy & CleanTech,IOT Energy Management Analytics platform,Gurugram,Blume Ventures,Private Equity,,False,2015,1
850,08/12/2015,HeyBiz,E-commerce,Online Shopping Assistant Mobile app,Delhi,Shopclues,Seed/Angel,,False,2015,1
851,08/12/2015,Yumist,Food & Beverage,Home Cooked Food Order & Delivery platform,Gurugram,"Orios Venture Partners, Steven Lurie, Unilazer Ventures",Private Equity,2000000.0,True,2015,3
852,09/12/2015,Aye Finance,FinTech,Nonbanking finance company,Delhi,"Accion, SAIF Partners",Private Equity,3000000.0,True,2015,2
853,09/12/2015,Jigsaw Academy,EdTech,Online School for Analytics learning,Bengaluru,Manipal Global Education Services,Private Equity,3000000.0,True,2015,1
854,09/12/2015,JoeHukum,Media & Entertainment,Chat based personal Assistant App,Gurugram,"Jitendra Gupta, Prashant Tandon, TracxnLabs",Seed/Angel,,False,2015,3
855,09/12/2015,JumboBasket,E-commerce,eCommerce returns etailer,Chandigarh,Chandigarh Angels Network,Seed/Angel,,False,2015,1
856,09/12/2015,Voxweb,Media & Entertainment,Picture creation & Social mobile app,Mumbai,Undisclosed Investor,Seed/Angel,350000.0,True,2015,1
857,10/12/2015,BlackBuck,Logistics,Online Freight Services Aggregator,Bengaluru,"Accel, Apoletto, Flipkart, Tiger Global, Yuri Milner",Private Equity,25000000.0,True,2015,5
858,10/12/2015,Chillr,FinTech,Peer-to-Peer Money Transfer & Recharge App,Mumbai,"Blume Ventures, Sequoia Capital, Uniqorn Ventures",Private Equity,70000000.0,True,2015,3
859,10/12/2015,Holisol Logistics,Logistics,Supply Chain & Logistics Solutions,Delhi,CLSA Capital Partners ARIA IV Funds,Private Equity,10000000.0,True,2015,1
860,10/12/2015,HomeStudio,Real Estate,Online Branded Furniture etailer,Bengaluru,Bren Corporation,Private Equity,5000000.0,True,2015,1
861,10/12/2015,i2e1,Media & Entertainment,Internet Network Infrastructure Services,Delhi,GrowX Ventures,Seed/Angel,500000.0,True,2015,1
862,10/12/2015,Paynear,FinTech,Mobile Point of Sale solutions,Hyderabad,Mitesh Majithia,Private Equity,2500000.0,True,2015,1
863,10/12/2015,PropheSee,SaaS & Enterprise Tech,Digital Analytics Platform,Delhi,"Entrepreneurs India, Indian Angel Network, Stanford Angels",Seed/Angel,500000.0,True,2015,3
864,10/12/2015,Stay Simple Resorts,Travel & Hospitality,Holiday Resort Chain,Bengaluru,"Mr. Praveen Someshwar, Mr. Sudhir, Ms. Shalini Sethi",Seed/Angel,,False,2015,3
865,11/12/2015,EureQa,SaaS & Enterprise Tech,Test Automation SAAS platform,Hyderabad,"Gabriel Investments, Sashi Reddi",Seed/Angel,600000.0,True,2015,2
866,11/12/2015,Intelligent Interfaces,SaaS & Enterprise Tech,Interface development platform for Government officials,Bengaluru,"Binny Bansal, Sachin Bansal",Seed/Angel,,False,2015,2
867,11/12/2015,LocalCircles,SaaS & Enterprise Tech,Citizens Engagement Platform,Noida,Anand Mahindra,Private Equity,,False,2015,1
868,11/12/2015,OnlineRTI,Consumer Services,Online RTI application services,Bengaluru,"LetsVenture, Mohandas Pai",Seed/Angel,150000.0,True,2015,2
869,11/12/2015,Powerstores,E-commerce,ECommerce Website Creation SAAS platform,Goa,Extreme Venture Partners William Bissell,Seed/Angel,,False,2015,1
870,11/12/2015,UrbanClap,Consumer Services,Hyperlocal On-Demand Household Services platform,Gurugram,Ratan Tata,Private Equity,,False,2015,1
871,11/12/2015,Weddingz,E-commerce,Wedding Venues & Vendors Marketplace,Mumbai,"Amrish Kumar, Hrishikesh Parandekar, Rajan Anandan, Reema Kagati, Ruchi Narain, Zoya Akhtar",Seed/Angel,1000000.0,True,2015,6
872,14/12/2015,Cabsguru,Mobility,Cab search Comparison & Booking platform,Delhi,Prashanth Ranganathan,Seed/Angel,200000.0,True,2015,1
873,14/12/2015,Capricoast,Real Estate,Modular Furnishings Marketplace,Bengaluru,"Accel, RB Investments",Private Equity,3500000.0,True,2015,2
874,14/12/2015,JetSetGo,E-commerce,Private Jet Bookings Marketplace,Bengaluru,Puneet Dalmia,Private Equity,,False,2015,1
875,14/12/2015,Whoop,SaaS & Enterprise Tech,Performance Optimization Platform for athletes,Boston,Infosys,Private Equity,3000000.0,True,2015,1
876,15/12/2015,BookEventz,Consumer Services,Event Venue Booking Platform,Mumbai,"Mumbai Angels, Singapore Angel Network, Zishaan Hayath",Seed/Angel,,False,2015,3
877,15/12/2015,Deal Street Asia,Media & Entertainment,Digital Media Platform,Singapore,"Singapore Angels Network, Vijay Shekhar Sharma",Seed/Angel,,False,2015,2
878,16/12/2015,Bluebirch,Logistics,End to End reverse logistics Solution platform,Bengaluru,"Chicago Capital Ventures, Sanjay Mehta",Seed/Angel,2000000.0,True,2015,2
879,16/12/2015,Housejoy,E-commerce,Home services marketplace,Bengaluru,"Amazon, Matrix Partners, Qualcomm, Ru-Net Technology Partners, Vertex Ventures",Private Equity,22500000.0,True,2015,5
880,16/12/2015,MeraDoctor,Healthcare,Virtual Health consultation app,Mumbai,Unilazer,Private Equity,1200000.0,True,2015,1
881,16/12/2015,STAGE 3,SaaS & Enterprise Tech,Online Renting platform,Delhi,"Balaji Prabhakar, Nisha Sharma, Puneet Dalmia",Seed/Angel,,False,2015,3
882,17/12/2015,Eatfresh,Food & Beverage,Online marketplace for Chef Meals,Bengaluru,Kalaari Capital,Private Equity,,False,2015,1
883,17/12/2015,Rivigo,Logistics,Logistics Services Provider,Gurugram,SAIF Partners,Private Equity,30000000.0,True,2015,1
884,17/12/2015,Springboard,EdTech,Data Science & UX design Learning platform,Bengaluru,"500 Startups, Allen Blue, Blue Fog Capital, John Katzman, Kartik Hosanagar, Kashyap Deorah, Naveen Tewari",Seed/Angel,1700000.0,True,2015,7
885,18/12/2015,Ampere,Mobility,Electric Bike Manufacturers,Coimbatore,Kris Gopalakrishnan,Seed/Angel,1200000.0,True,2015,1
886,18/12/2015,CBREX,HR & Jobs,International Hiring Platform,Mumbai,"Prahlad Rao, Sundara Rajan, Vikram Chachra",Seed/Angel,200000.0,True,2015,3
887,18/12/2015,Focus Digit,E-commerce,ECommerce platform solutions,Delhi,Turning Ideas,Seed/Angel,,False,2015,1
888,18/12/2015,The News Minute,Media & Entertainment,Online Media Publication,Bengaluru,Quintillion Media,Seed/Angel,,False,2015,1
889,21/12/2015,KOOH Sports,EdTech,Sports Education Platform,Mumbai,"Elevate Sports, Faering Capital, HDFC, TCS",Private Equity,2000000.0,True,2015,4
890,21/12/2015,Peppertap,Food & Beverage,Hyperlocal Grocery Delivery Service,Gurugram,Innoven Capital,Private Equity,4000000.0,True,2015,1
891,21/12/2015,TruckMandi,Logistics,Logistics Service Provider Marketplace,Delhi,"Mount Nathan Advisors, Ramakant Sharma, Ritesh Dwivedy",Private Equity,2000000.0,True,2015,3
892,22/12/2015,Arya.ai,SaaS & Enterprise Tech,Artificial Intelligence platform,Mumbai,"Venture Nursery, YourNest Angel Fund",Private Equity,750000.0,True,2015,2
893,22/12/2015,Doctor Insta,Healthcare,Medical Consultation & Doctor appointment booking platform,Gurugram,"BrahmaX Ventures, Rishi Parti",Private Equity,500000.0,True,2015,2
894,22/12/2015,IndustryBuying,E-commerce,Online Marketplace for Industrial Goods,Delhi,"Arathi Krishna, Arun Venkatachalam, Murugappa Group, TVS Group, Vellayan Subbiah",Seed/Angel,,False,2015,5
895,22/12/2015,LatestOne,E-commerce,Mobile accessories online store,Hyderabad,Palred Technologies Ltd,Private Equity,3000000.0,True,2015,1
896,22/12/2015,MobieFit,Healthcare,Mobile Fitness App,Goa,Medi Assist,Private Equity,1000000.0,True,2015,1
897,22/12/2015,PlanetGogo,Media & Entertainment,Content Discovery & reward points platform,Gurugram,HT Digital Media Holdings Ltd,Seed/Angel,,False,2015,1
898,22/12/2015,RentOnGo,Mobility,"Bike, Appliances Renting marketplace",Bengaluru,"Anand Chandrasekaran, Kalpana Tatavarti, Rajesh Sawhney, Shivanandan Pare",Seed/Angel,,False,2015,4
899,22/12/2015,Zapr,SaaS & Enterprise Tech,Reward points mobile app,Gurugram,Dinesh Agarwal,Seed/Angel,,False,2015,1
900,23/12/2015,CityFurnish,Real Estate,Furniture and appliances rental platform,Gurugram,Jitendra Gupta,Seed/Angel,,False,2015,1
901,23/12/2015,LafaLafa,E-commerce,"Digital Coupons, Deal & Cashback aggregator app",Mumbai,Vectr Ventures,Private Equity,,False,2015,1
902,23/12/2015,Mech Mocha,Gaming,Mobile Game development & Design platform,Bengaluru,"Blume Ventures, Flipkart",Seed/Angel,1000000.0,True,2015,2
903,23/12/2015,Shotang,E-commerce,B2B eCommerce Marketplace,Bengaluru,"Exfinity Venture Partners, Unitus Impact Livelihoods Fund",Private Equity,5000000.0,True,2015,2
904,24/12/2015,Black White Orange,E-commerce,B2B Merchandize platform,Mumbai,Collaborative Licensing Ventures LLP,Seed/Angel,303000.0,True,2015,1
905,24/12/2015,Canvera,Media & Entertainment,Photographer Online search & booking platform,Bengaluru,Info Edge (India) Ltd,Private Equity,2200000.0,True,2015,1
906,24/12/2015,Kolabro,EdTech,Real Estate focused Tech platform,Gurugram,"Ruchir Arora, Umang Kumar",Seed/Angel,,False,2015,2
907,28/12/2015,Bumper,Mobility,Mobile Car Servicing appointment app,Bengaluru,SAIF Partners,Seed/Angel,500000.0,True,2015,1
908,28/12/2015,Town Essentials,Food & Beverage,Grocery Delivery platform,Bengaluru,"Girish Reddy, Sharad Hegde, Shrikant Patil, Siddharth Patil",Seed/Angel,1000000.0,True,2015,4
909,29/12/2015,Hotify,SaaS & Enterprise Tech,New Curation Mobile App,Bengaluru,Mahavir Pratap Sharma,Seed/Angel,150000.0,True,2015,1
910,29/12/2015,Mobikwik,FinTech,Mobile Wallet,Gurugram,"Innoven Capital, Sequoia Capital, Tree Line Asia",Private Equity,6600000.0,True,2015,3
911,30/12/2015,Intelligent Interfaces,SaaS & Enterprise Tech,Interface development platform for Government officials,Bengaluru,Yuvraj Singh,Seed/Angel,,False,2015,1
912,01/01/2016,Smartcooky,E-commerce,Health Food / Personal Care Marketplace,Delhi,"Manvinder Singh Banga, Pramod Bhasin, Rajan Anandan, Siddharth Pai, TV Mohandas Pai",Seed/Angel,,False,2016,5
913,04/01/2016,B9 Beverages,Food & Beverage,Craft Beer manufacturing company,Delhi,"Ashish Dhawan, Deepinder Goyal, Kunal Bahl, Mayank Singhal, Rohit Bansal, Sequoia Capital",Private Equity,6000000.0,True,2016,6
914,04/01/2016,Career360,EdTech,College Education Portal,Delhi,MeritTrac,Private Equity,,False,2016,1
915,04/01/2016,DogSpot,E-commerce,Online Pet Store,Gurugram,Ratan Tata,Seed/Angel,,False,2016,1
916,05/01/2016,Alef Mobitech,Mobility,Cloud Mobility Solutions,Mumbai,Tata Capital Innovation Fund,Private Equity,5000000.0,True,2016,1
917,05/01/2016,Instaproc,E-commerce,B2B Procurement Marketplace for Office Products,Noida,Dinesh Agarwal,Seed/Angel,,False,2016,1
918,05/01/2016,MyChild App,EdTech,Child Disorder Information & Education,Bhopal,"Amit Gupta, Anisha Mittal, Arihant Patni, Deobrat Singh, Dr. Ritesh Malik, Lalit Mangal, Pallav Nadhani, Samir Bangara, Saurab Paruthi, Singapore Angel Network",Seed/Angel,100000.0,True,2016,10
919,05/01/2016,WIMWI Foods,Food & Beverage,Healthy food manufacturing & sales startup,Ahmedabad,"Centre for Innovation Incubation, Entrepreneurship (CIIE)",Seed/Angel,,False,2016,2
920,06/01/2016,Justdakhila,EdTech,School Student admissions platform,Delhi,Ankur Gupta,Seed/Angel,750000.0,True,2016,1
921,06/01/2016,MyCity4kids,EdTech,Children Education & Information platform,Gurugram,"SIDBI Venture Capital Limited, YourNest Angel Fund",Private Equity,3000000.0,True,2016,2
922,06/01/2016,PlanMy MedicalTrip,Healthcare,Medical Tourism platform,Pune,"Bhanu Vikram Parsotam, Paras Patel, Rohan Desai",Seed/Angel,150000.0,True,2016,3
923,06/01/2016,Qdesq,Real Estate,Branded Workspaces Aggregator,Gurugram,"Ankush Saigal, Bharat Gupta, Dheeraj Jain, Jagdish Kumar, Praveen Saini",Seed/Angel,,False,2016,5
924,06/01/2016,Sensara,Technology,"TV Search, Guide and Remote mobile app",Bengaluru,"Ganayantrika Systems, Lalitesh Katragadda",Seed/Angel,750000.0,True,2016,2
925,06/01/2016,Tracxn,FinTech,Startup Funding Deal Discovery & Execution platform,Bengaluru,Ratan Tata,Seed/Angel,,False,2016,1
926,06/01/2016,Zebpay,FinTech,Bitcoin Buying & Selling Mobile App,Ahmedabad,"Amit Jindal, Arjun Handa, Nagendra Chaudhary",Private Equity,1000000.0,True,2016,3
927,07/01/2016,Infurnia,Real Estate,Online Furniture Customization platform,Bengaluru,Idein Ventures,Seed/Angel,160000.0,True,2016,1
928,07/01/2016,MakeMyTrip,Travel & Hospitality,Online Travel/Hotel Booking platform,Gurugram,Ctrip.com International Ltd,Private Equity,180000000.0,True,2016,1
929,07/01/2016,Myly,EdTech,Mobile Based Education platform,Jaipur,Newbie Promoter Pvt Ltd,Seed/Angel,100000.0,True,2016,1
930,07/01/2016,Pitstop,Mobility,Automobile Service Booking App,Bengaluru,Myntra/LivSpace Founders,Seed/Angel,,False,2016,1
931,08/01/2016,ConfirmTKT,Consumer Internet,Train PNR Status Prediction Platform,Bengaluru,"Anand Ladsariya, Anirudh Damani, Dr. Apoorv Ranjan Sharma, Krishna Jhujhunwala, Sanjay Mehta",Seed/Angel,250000.0,True,2016,5
932,08/01/2016,FlatFurnish,Real Estate,Online Furnishing Rental Platform,Gurugram,Arun Chandra Mohan,Seed/Angel,,False,2016,1
933,08/01/2016,Gyaanzone,EdTech,Career Planning and Education Advisory Platform,Mumbai,GBIM Technologies Pvt Ltd,Seed/Angel,45000.0,True,2016,1
934,08/01/2016,Melorra,E-commerce,Online/ Mobile Jewellery Retailer,Bengaluru,Lightbox Ventures,Private Equity,5000000.0,True,2016,1
935,11/01/2016,Fashionablyin,E-commerce,Mobile based Geo-target Fashion Marketplace,Mumbai,Ranjan Mahtani,Seed/Angel,,False,2016,1
936,11/01/2016,FreshMenu,Food & Beverage,Online / Mobile Food Ordering platform,Bengaluru,"Lightspeed Venture Partners, Zodius Capital",Private Equity,16500000.0,True,2016,2
937,11/01/2016,Koovs,E-commerce,Online Fashion Apparel Retailer,Gurugram,"Nahata Family, Waheed Alli",Private Equity,5400000.0,True,2016,2
938,11/01/2016,SavvyMob,E-commerce,Last Minute Hotel Bookings mobile marketplace,Bengaluru,"LetsVenture, TV Mohandas Pai",Seed/Angel,1000000.0,True,2016,2
939,11/01/2016,Wishup,Consumer Internet,Mobile app based Concierge Service,Delhi,"500 Startups, Mato Peric, TracxnLabs",Seed/Angel,,False,2016,3
940,12/01/2016,Happy2Refer,Consumer Internet,Mobile based Referral Platform,Mumbai,"Equity Crest, Sparknext, Vinners",Seed/Angel,250000.0,True,2016,3
941,12/01/2016,Hike Messenger,Media & Entertainment,P2P Messaging Service,Delhi,"Adam D'Angelo, Aditya Agarwal, Matt Mullenweg, Ruchi Sanghvi",Private Equity,,False,2016,4
942,12/01/2016,iBus Networks,Technology,Next Generation in-building connectivity,Bengaluru,"Jagdish, N Squared Management LLC, Sandeep Mehta Family Office, Vallabh Bhanshali",Private Equity,2300000.0,True,2016,4
943,12/01/2016,Shopclues,E-commerce,ECommerce Marketplace,Gurugram,"GIC, Nexus Venture Partners, Tiger Global",Private Equity,100000000.0,True,2016,3
944,13/01/2016,Bucker,Food & Beverage,Food Ordering Mobile App,Hyderabad,"50k Ventures, Munish Jauhar, Pulkit Jain, Rohit Narang",Seed/Angel,,False,2016,4
945,13/01/2016,Care24,Healthcare,Professional Health Services Platform,Mumbai,"India Quotient, SAIF Partners",Private Equity,4000000.0,True,2016,2
946,13/01/2016,Cartrade,Mobility,Auto Classifieds Portal,Mumbai,"March Capital, Temasek Holdings, Warburg Pincus",Private Equity,145000000.0,True,2016,3
947,13/01/2016,Obino,Healthcare,Weigh Loss Coaching,Mumbai,RoundGlass Partners,Private Equity,,False,2016,1
948,13/01/2016,Rentomo,E-commerce,peer-to-peer renting Marketplace,Bengaluru,"Other unnamed investors, Shiva Ashok",Seed/Angel,100000.0,True,2016,2
949,13/01/2016,Roder,Mobility,inter-city cab aggregator,Delhi,Unicorn India Ventures,Seed/Angel,240000.0,True,2016,1
950,14/01/2016,Buildkar,E-commerce,Construction Material Marketplace,Bengaluru,"Mustafa Wajid, Umang Kumar",Seed/Angel,,False,2016,2
951,14/01/2016,Orahi,Consumer Internet,Carpooling Mobile App,Gurugram,Indian Angel Network,Seed/Angel,520000.0,True,2016,1
952,14/01/2016,Snapshopr,Consumer Internet,Visual Search & Image Recognition Platform,Bengaluru,Amod Malviya,Seed/Angel,,False,2016,1
953,14/01/2016,Zapr,Technology,TV to Mobile audience Platform,Gurugram,"Ambiga Dhiraj, Arihant Patni, Dhiraj Rajaram, Dinesh Agarwal, Flipkart, Micromax, Saavn, Samir Bangara, Sanjay Nath",Seed/Angel,,False,2016,9
954,15/01/2016,evibe,Consumer Internet,Party Hall Booking platform,Bengaluru,"Gaurav Bhalotia, Hyderabad Angels, LV Prasad, Lalit Mangal, Vikas Malpani",Seed/Angel,,False,2016,5
955,15/01/2016,Fitso,Healthcare,Fitness related Social Networking App & Forum,Gurugram,"Samar Singla, Varun Khurana, Vinay Bansal",Seed/Angel,200000.0,True,2016,3
956,15/01/2016,Jobick,HR & Jobs,Mobile app based Job Search,Noida,Abhinav Mathur,Seed/Angel,,False,2016,1
957,15/01/2016,Remidio,Healthcare,Healthcare Product Manufacturer,Bengaluru,"Cipher-Plexus Capital Advisors, Indian HNIs",Private Equity,,False,2016,2
958,15/01/2016,Zoctr,Healthcare,healthcare aggregator platform,Mumbai,Times Group,Seed/Angel,,False,2016,1
959,16/01/2016,Plick,Media & Entertainment,Instant Content Transfer Mobile App,Mumbai,Sanjay Mehta,Seed/Angel,,False,2016,1
960,18/01/2016,Kartrocket,E-commerce,SAAS DIY ECommerce Platform,Delhi,"500 Startups, Bertelsmann India Investments, Nirvana Digital India Fund, Nirvana Digital Investment Holding",Private Equity,6000000.0,True,2016,4
961,18/01/2016,Voice Friends,Media & Entertainment,Dating & Singles Chat Platform,Mumbai,Huzaifa Khorakiwala,Seed/Angel,,False,2016,1
962,19/01/2016,Cashkaro,E-commerce,Coupon & Cashback platform,Gurugram,Ratan Tata,Private Equity,,False,2016,1
963,19/01/2016,CollegeDunia,EdTech,Educational College Search platform,Delhi,Umang Kumar,Seed/Angel,445000.0,True,2016,1
964,19/01/2016,DailyObjects,E-commerce,Mobile Accessories etailer,Delhi,"Peyush Bansal, Phanindra Sama, Unilazer Fund",Private Equity,1400000.0,True,2016,3
965,19/01/2016,Gameezop,Gaming,Casual Gaming platform,Delhi,Anand Chandrasekaran,Seed/Angel,,False,2016,1
966,19/01/2016,Indus OS,Technology,Local language Mobile OS,Mumbai,Omidyar Network,Private Equity,5000000.0,True,2016,1
967,19/01/2016,Swiggy,Food & Beverage,Online/Mobile food ordering platform,Bengaluru,"Harmony Partners, RB Investments & existing investors",Private Equity,35000000.0,True,2016,2
968,19/01/2016,TinyStep,Media & Entertainment,Parenting Social Network,Bengaluru,Flipkart,Seed/Angel,,False,2016,1
969,19/01/2016,Villgro,FinTech,Social Business Incubator & Fund,Chennai,"Lemelson Foundation, Michael, Susan Dell Foundation",Private Equity,3500000.0,True,2016,3
970,20/01/2016,IMbesharam,E-commerce,Adult Products Etailers,Delhi,Undisclosed US Based Investors,Private Equity,4000000.0,True,2016,1
971,20/01/2016,IndustryBuying,E-commerce,B2B Industrial Goods Marketplace,Delhi,Trifecta Capital,Private Equity,1800000.0,True,2016,1
972,20/01/2016,Just Buy Live,E-commerce,B2B Marketplace for Distributors,Mumbai,Alpha Capital,Private Equity,20000000.0,True,2016,1
973,20/01/2016,Moodoo,Media & Entertainment,Social Meeting organizer App,Mumbai,Saïd Business School Seed Fund,Seed/Angel,40000.0,True,2016,1
974,20/01/2016,Reddoorz,Travel & Hospitality,Budget Accomodation Aggregator,Delhi,500 Startups,Private Equity,,False,2016,1
975,20/01/2016,Saral Designs,Healthcare,Women Hygiene Product Manufacturer,Mumbai,"Ambi Parameswaran, Farooq Adam",Seed/Angel,,False,2016,2
976,21/01/2016,CREO,Technology,Smartphone OS Developer,Bengaluru,"Anand Chandrasekaran, Beenext Ventures, India Quotient, Sequoia Capital",Private Equity,3000000.0,True,2016,4
977,21/01/2016,EasyPolicy,FinTech,Online insurance policy aggregator,Noida,Unilazer Ventures,Private Equity,2200000.0,True,2016,1
978,21/01/2016,FirstCry,E-commerce,Kids Focused eTailer,Pune,Ratan Tata,Private Equity,,False,2016,1
979,21/01/2016,Fisdom,FinTech,Personal Finance Mobile App,Bengaluru,Rob Chandra,Seed/Angel,500000.0,True,2016,1
980,21/01/2016,Housing,Real Estate,Online Real Estate Portal,Mumbai,SoftBank Corp,Private Equity,15000000.0,True,2016,1
981,22/01/2016,EPS,FinTech,Electronic Payments Solution Company,Mumbai,APIS Partners,Private Equity,35000000.0,True,2016,1
982,22/01/2016,Gajty,Healthcare,Salons & Spa Chain,Gurugram,Purvi Ventures,Seed/Angel,,False,2016,1
983,22/01/2016,Little,Consumer Internet,Deal Discovery App,Bengaluru,GIC,Private Equity,,False,2016,1
984,22/01/2016,PlexusMD,Healthcare,Social Network for Healthcare Professionals,Ahmedabad,"Arihant Patni, Avnish Mehra, Pranay Adhvaryu, Ravi Sampat",Seed/Angel,,False,2016,4
985,22/01/2016,Qlivery,Consumer Internet,on-demand concierge services,Gurugram,Chandigarh Angels Funding,Seed/Angel,,False,2016,1
986,22/01/2016,Qubole,Technology,Enterprise Cloud Based Data Processing,Bengaluru,"CRV, Institutional Venture Partners, Lightspeed Venture Partners, Norwest Venture Partners",Private Equity,30000000.0,True,2016,4
987,22/01/2016,ShabdaNagari,Media & Entertainment,Hindi Language Social Networking Portal,Kanpur,Kanpur Angels,Seed/Angel,200000.0,True,2016,1
988,22/01/2016,Silvan,Technology,Home Automation & Security Solutions,Bengaluru,The Chennai Angels,Seed/Angel,515000.0,True,2016,1
989,22/01/2016,Snapbizz,E-commerce,Mobile based Retail Market Ecosystem,Bengaluru,"Blume Ventures, Jungle Ventures, Konly Venture, Taurus Value Creation",Private Equity,7200000.0,True,2016,4
990,25/01/2016,Power2SME,Consumer Internet,SME Online Buying Hub,Gurugram,"Accel, Inventus Capital, Kalaari Capital, Nandan Nilekani",Private Equity,21000000.0,True,2016,4
991,25/01/2016,SIFTR Labs,Media & Entertainment,Photography curation & Aggregator platform,Mumbai,Venture Catalysts,Seed/Angel,150000.0,True,2016,1
992,25/01/2016,SkyCandle,E-commerce,Home Décor Product etailer,Delhi,GPA group,Private Equity,,False,2016,1
993,27/01/2016,Buildzar,E-commerce,Construction Material ETailer,Gurugram,Puneet Dalmia,Private Equity,4000000.0,True,2016,1
994,27/01/2016,Teabox,E-commerce,Specialty Tea ETailer,Siliguri,Ratan Tata,Private Equity,,False,2016,1
995,27/01/2016,WhatsOnRent,E-commerce,Online Rental Marketplace,Bengaluru,Lalit Mangal,Seed/Angel,,False,2016,1
996,28/01/2016,JustDoc,Healthcare,Medical Video Consultation platform,Bengaluru,"Mohit Saxena, Raghunandan G, Singapore Angel Network, TV Mohandas Pai, TracxnLabs",Seed/Angel,,False,2016,5
997,28/01/2016,Myeglu,Media & Entertainment,Connected Smart Home Solutions,Bengaluru,Foxconn Technology Group,Seed/Angel,,False,2016,1
998,28/01/2016,Truce,Retail & Consumer Goods,Vegetables & Fruits Supply Chain,Mumbai,"Amit Gupta, Anupam Mittal, Farooq Adam Mukadam, Neeraj Goenka, Utsav Somani",Seed/Angel,370000.0,True,2016,5
999,28/01/2016,Zebi (yet to launch),Technology,Data Intelligence & Analytics,Hyderabad,Un disclosed investors,Seed/Angel,1000000.0,True,2016,1
1000,29/01/2016,Aisle,Consumer Internet,Indians focused Matchmaking App,Bengaluru,"TermSheet, ah! Ventures",Seed/Angel,185000.0,True,2016,2
1001,29/01/2016,BitGiving,FinTech,Crowd Funding Platform,Delhi,"Harminder Sahni, Krishna Mehra, Sanjay Bakshi",Seed/Angel,,False,2016,3
1002,29/01/2016,CodingLabs,Technology,Coding Skill Showcase & Resume Builder,Hyderabad,Vineet Nalla,Seed/Angel,,False,2016,1
1003,29/01/2016,FreshMenu,Food & Beverage,Fresh Food Delivery platform,Bengaluru,"Lightspeed Venture Partners, Zodius Technology Fund",Private Equity,17000000.0,True,2016,2
1004,29/01/2016,N.O.W,Mobility,Rental Bike Aggregator App,Noida,Maple Capital Advisors,Seed/Angel,,False,2016,1
1005,29/01/2016,Qriyo,EdTech,Online Fitness & Educational information Aggregator,Jodhpur,Idein Ventures,Seed/Angel,160000.0,True,2016,1
1006,29/01/2016,Rare Media,Technology,Mobile & Cloud based App developer,Delhi,Info Edge (India) Ltd,Private Equity,1100000.0,True,2016,1
1007,29/01/2016,Tinmen,Food & Beverage,Food Delivery Platform,Hyderabad,Lead Angel Network,Seed/Angel,,False,2016,1
1008,29/01/2016,Truebil,E-commerce,Online marketplace for cars,Mumbai,"Inventus Capital, Kae Capital, Kalaari Capital, Tekton Ventures",Private Equity,5150000.0,True,2016,4
1009,30/01/2016,DesignBids,Real Estate,Interior Design Marketplace,Delhi,Indian Angel Network,Seed/Angel,,False,2016,1
1010,30/01/2016,FindUrClass,Consumer Internet,Hobby & Activity Class Aggregator,Mumbai,"Amit Patni, Anirudh Damani, Samir Shah",Seed/Angel,,False,2016,3
1011,01/02/2016,Blue Tokai Coffee,E-commerce,Specialty Coffee Etailer,Delhi,Snow Leopard Technology Ventures,Seed/Angel,,False,2016,1
1012,02/02/2016,Altizone,Technology,IoT & M2M Solutions,Pune,"Lumis Partners, Wipro Ventures",Private Equity,4000000.0,True,2016,2
1013,02/02/2016,Gamooz,Technology,Augmented Reality Solutions,Gurugram,Multiple investors through Ten Minute Million competition,Seed/Angel,22500.0,True,2016,1
1014,02/02/2016,MaaxMarket,Media & Entertainment,Marketing Automation platform,Unknown,Multiple investors through Ten Minute Million competition,Seed/Angel,22500.0,True,2016,1
1015,02/02/2016,Oust App,EdTech,Competitive Exam Preparation Platform,Bengaluru,"Aarin Capital, T V Mohandas Pai",Seed/Angel,,False,2016,2
1016,02/02/2016,SoundSurround,Technology,Audio Technology Solutions,Mumbai,Multiple investors through Ten Minute Million competition,Seed/Angel,22500.0,True,2016,1
1017,02/02/2016,Strike,Consumer Internet,Mobile Email productivity tool,Bengaluru,Multiple investors through Ten Minute Million competition,Seed/Angel,22500.0,True,2016,1
1018,03/02/2016,Mazkara,Consumer Internet,Beauty & Wellness Platform,Pune,Dunamis Ventures Pte Ltd,Seed/Angel,1000000.0,True,2016,1
1019,03/02/2016,Pindropmusic,Media & Entertainment,Music Discovery Mobile App,Noida,Green House Ventures (GHV),Seed/Angel,100000.0,True,2016,1
1020,03/02/2016,RoadGods,E-commerce,Auto Spare Parts eTailer,Delhi,Green House Ventures (GHV),Seed/Angel,100000.0,True,2016,1
1021,03/02/2016,Woodpie,Consumer Internet,Book Recommendation Service,Bengaluru,Ingram Content Group,Seed/Angel,30000.0,True,2016,1
1022,04/02/2016,Perfumery,E-commerce,Fragrances & Perfume eTailer,Delhi,Oranda Global,Seed/Angel,30000.0,True,2016,1
1023,05/02/2016,BHIVE,Real Estate,Workspace Rentals,Bengaluru,"Arihant Patni, Raghunandan G, Venturesity",Seed/Angel,,False,2016,3
1024,05/02/2016,Gingercrush,E-commerce,Personalized Products & Merchandize eTailer,Vadodara,"Ananda Kallugadde, Mumbai Angels, Rakesh Desai, Rakesh Malhotra, Saha Fund, TV Mohandas Pai, Zia Mody",Private Equity,1000000.0,True,2016,7
1025,05/02/2016,Magic Crate,EdTech,Children Education Platform,Bengaluru,"Aarin Capital, TV Mohandas Pai",Seed/Angel,,False,2016,2
1026,05/02/2016,Smartcooky,E-commerce,Marketplace for Health Foods,Delhi,Vandana Luthra,Private Equity,,False,2016,1
1027,05/02/2016,Turtlemint,FinTech,online personalized insurance platform,Mumbai,Nexus Venture Partners,Private Equity,,False,2016,1
1028,05/02/2016,Zendrive,Technology,Safe Driving Data & Analytics platform,Bengaluru,"Nyca Partners, Sherpa Capital, Thomvest Ventures",Private Equity,13500000.0,True,2016,3
1029,06/02/2016,LiveNutriFit,Healthcare,Weight loss & Healthcare Info portal,Delhi,"Mohit Goel, Vinod Jain",Seed/Angel,,False,2016,2
1030,08/02/2016,AdUrCup,Media & Entertainment,Ad Network,Delhi,Green House Ventures (GHV),Seed/Angel,100000.0,True,2016,1
1031,08/02/2016,Gray Routes,Logistics,Last mile logistics solutions,Mumbai,"Mahesh Parasuraman, Rahul Gautam",Seed/Angel,,False,2016,2
1032,08/02/2016,Hansel.io,Technology,Mobile App Tech Solutions,Bengaluru,"Endiya Partners, Mekin Maheshwari, Rajesh Sawhney",Seed/Angel,,False,2016,3
1033,08/02/2016,Invictus Oncology,Healthcare,Cancer therapeutic Info & Solutions,Delhi,Ratan Tata,Private Equity,,False,2016,1
1034,08/02/2016,iStyleYou,E-commerce,Personal Fashion Stylist App,Gurugram,Green House Ventures (GHV),Seed/Angel,100000.0,True,2016,1
1035,08/02/2016,Moglix,E-commerce,Industrial & Home Products Marketplace,Delhi,Ratan Tata,Private Equity,,False,2016,1
1036,08/02/2016,Urban Dhobi,Consumer Internet,On Demand Laundry Services,Jaipur,"Sanjeev Singhal, Vinod Bansal",Seed/Angel,,False,2016,2
1037,08/02/2016,Weddingz,E-commerce,online marketplace for wedding venues and vendors,Mumbai,Sixth Sense Ventures,Private Equity,,False,2016,1
1038,08/02/2016,Xpressbees,E-commerce,ECommerce Logistics solutions,Pune,"IDG Ventures India, SAIF Partners, Valiant Capital, Vertex Ventures",Private Equity,12500000.0,True,2016,4
1039,09/02/2016,GOQii,EdTech,Personalized fitness coaching & Fitness band,Mumbai,Edelweiss Financial Services,Private Equity,,False,2016,1
1040,09/02/2016,Inc42,Media & Entertainment,Startup Focused Media News Portal,Delhi,"Aarin Capital, India Ventures",Seed/Angel,,False,2016,2
1041,10/02/2016,Capzest,FinTech,Digital Lending Platform,Mumbai,Lion Ventures,Seed/Angel,200000.0,True,2016,1
1042,10/02/2016,GlamStudios,Consumer Internet,Online Salon Aggregator,Noida,Aqeel Ahmed,Seed/Angel,,False,2016,1
1043,10/02/2016,JoulestoWatts,HR & Jobs,IT services & Talent collaboration services startup,Bengaluru,Manipal Global Education Services,Seed/Angel,,False,2016,1
1044,10/02/2016,OyBob,E-commerce,Hyperlocal Products & Services marketplace,Gurugram,Sachin Dalal,Seed/Angel,,False,2016,1
1045,10/02/2016,ShopKirana,Logistics,Retailer Supply Chain platform,Indore,"Anil Gelra, Atul Jain, Jaikumar Nair",Seed/Angel,,False,2016,3
1046,10/02/2016,Stylofie,Consumer Internet,Online Beauty Parlour search & discovery Platform,Gurugram,Jaideep Mehta,Seed/Angel,,False,2016,1
1047,12/02/2016,ActOnMagic,Technology,Cloud Analytics and Management Products,Bengaluru,Jayabalan Subramanian,Seed/Angel,125000.0,True,2016,1
1048,12/02/2016,Bonhomia,Food & Beverage,premium Tea and Coffee,Delhi,"Alok Rawat, Grey Orange Robotics",Seed/Angel,1000000.0,True,2016,2
1049,12/02/2016,iGrenEnergi,Energy & CleanTech,Solar Power Solutions,Mumbai,Sunil Mehta,Seed/Angel,1000000.0,True,2016,1
1050,12/02/2016,RKSV,FinTech,Online Stock Trading Platform,Mumbai,Kalaari Capital,Private Equity,4000000.0,True,2016,1
1051,15/02/2016,Aasaanjobs,HR & Jobs,Online Recruitment Marketplace,Mumbai,"Aspada Advisors, IDG Ventures, Inventus Capital",Private Equity,5000000.0,True,2016,3
1052,15/02/2016,Buddy,FinTech,Micro Lending Platform for eCommerce purchases,Bengaluru,"Blume Ventures, Tracxn Labs",Seed/Angel,500000.0,True,2016,2
1053,15/02/2016,GoYaNo,Food & Beverage,Events & Restaurant Discovery Marketplace App,Gurugram,Mukesh Kumar Gupta,Seed/Angel,50000.0,True,2016,1
1054,15/02/2016,Jugnoo,Mobility,Transportation & On-demand delivery aggregator,Chandigarh,Saumya Tandon,Private Equity,,False,2016,1
1055,15/02/2016,Legistify,Consumer Internet,Online Legal services platform,Delhi,Ranjit Singh,Seed/Angel,,False,2016,1
1056,15/02/2016,RentSher,Consumer Internet,Online Household Product Rental platform,Bengaluru,"Abhay Singhal, Abhishek Acharya, Joby Babu, Manish Shah, Vaibhav Doshi, Vibhu Garg",Seed/Angel,300000.0,True,2016,6
1057,15/02/2016,Snapbizz,Food & Beverage,Connectivity platform for local grocery stores,Bengaluru,Ratan Tata,Private Equity,,False,2016,1
1058,15/02/2016,Snapdeal,E-commerce,Horizontal Online Marketplace,Delhi,Ontario Teachers' Pension Plan,Private Equity,200000000.0,True,2016,1
1059,16/02/2016,Betterplace,Technology,Data analytics based Verification services Platform,Bengaluru,Unitus Seed Fund,Seed/Angel,970000.0,True,2016,1
1060,16/02/2016,icustommadeit,E-commerce,Professional Custom creators Marketplace,Pune,"Brand Capital, Dinesh R. Challa, Siddhivinayak Skyscrapers",Private Equity,4000000.0,True,2016,3
1061,16/02/2016,Medinfi,Healthcare,Doctor & Clinics Discovery platform,Bengaluru,"Kanchan Ghoshal, Prijit Debnath, Rajnish Sinha",Seed/Angel,,False,2016,3
1062,16/02/2016,SaleBhai,E-commerce,"Sweets, Eatables, Handicrafts Online Marketplace",Ahmedabad,"Deepak Chokhani, Virendra Shekhawat, Yogesh Patel",Seed/Angel,,False,2016,3
1063,16/02/2016,TableHero,Food & Beverage,Dynamic Restaurant Website creator,Bengaluru,"Globevestor, GrowX Ventures, Haresh Chawla, Kunal Shah, Powai Lake Ventures, Sandeep Tandon",Seed/Angel,1000000.0,True,2016,6
1064,16/02/2016,Tring,Media & Entertainment,Instant Messaging App,Pune,Vishwadeep Bajaj,Seed/Angel,,False,2016,1
1065,17/02/2016,Avanti Learning,EdTech,Private Coaching Classes,Delhi,"Michael, Susan Dell Foundation",Private Equity,5000000.0,True,2016,2
1066,17/02/2016,Bollant Industries,Retail & Consumer Goods,Eco-friendly consumer & packaging products,Hyderabad,Ratan Tata,Private Equity,,False,2016,1
1067,17/02/2016,GameZop,Gaming,Mobile Gaming Platform,Delhi,"KWAN Entertainment, Marketing Solutions, Powerhouse Ventures",Seed/Angel,350000.0,True,2016,3
1068,17/02/2016,Notary Mama,Consumer Internet,On-demand Legal documentation and registration service,Bengaluru,"Amit Sandill, Dr Nandish Domlur",Seed/Angel,,False,2016,2
1069,17/02/2016,The Viral Fever,Media & Entertainment,Independent Online Video production company,Mumbai,Tiger Global,Private Equity,10000000.0,True,2016,1
1070,17/02/2016,Timemytask,Consumer Internet,On-Demand home cleaning services,Mumbai,Lead Angels,Seed/Angel,,False,2016,1
1071,18/02/2016,Ark Robot,Logistics,Warehouse Automation,Bengaluru,Qualcomm (Through QPrize Contest),Seed/Angel,350000.0,True,2016,1
1072,18/02/2016,CareonGO,E-commerce,Online Pharmacy store,Delhi,"Farooq Oomerbhoy, Other angel investors",Seed/Angel,300000.0,True,2016,2
1073,18/02/2016,GetVee,Consumer Internet,Matrimony & Couples only mobile platform,Delhi,"K Ganesh, Lightspeed Venture Partners",Private Equity,,False,2016,2
1074,18/02/2016,HealthKumbh,Healthcare,Health related Information portal,Ahmedabad,Undisclosed investor,Seed/Angel,73000.0,True,2016,1
1075,18/02/2016,Tracxn,FinTech,Indian Startup ecosystem trends analyzer & funding platform,Bengaluru,"Anand Rajaraman, Aneesh Reddy, Girish Mathrubootham, Mohandas Pai, Nandan Nilekani, Neeraj Arora, Teruhide Sato",Private Equity,,False,2016,7
1076,18/02/2016,Unlaze,Media & Entertainment,Social Networking app for outdoor interests,Gurugram,"Dino Morea, Sujal Shah",Seed/Angel,,False,2016,2
1077,19/02/2016,Advantage Club,Consumer Internet,mobile platform for corporate employee benefits,Gurugram,Purvi Ventures,Seed/Angel,400000.0,True,2016,1
1078,19/02/2016,AlmaConnect,Media & Entertainment,Alumni social network,Delhi,"Mohandas Pai, Varun Aggarwal",Seed/Angel,,False,2016,2
1079,19/02/2016,Finance Buddha,FinTech,Online Loan Comparison & Discovery platform,Bengaluru,Chennai Angels,Seed/Angel,,False,2016,1
1080,19/02/2016,Jaypore,E-commerce,Ethnic Products marketplace,Delhi,Aavishkaar,Private Equity,5000000.0,True,2016,1
1081,19/02/2016,LocalRamu,Consumer Internet,mobile based aggregator for local service providers,Bengaluru,3 undisclosed investors,Seed/Angel,,False,2016,1
1082,22/02/2016,Baby Berry,Consumer Internet,Parenting Mobile app,Bengaluru,"Nitin Bagmane, Other undisclosed investors",Seed/Angel,1000000.0,True,2016,2
1083,22/02/2016,First Eat,Food & Beverage,Healthy Food Delivery platform,Delhi,Undisclosed investor,Seed/Angel,100000.0,True,2016,1
1084,22/02/2016,Magicpin,Consumer Internet,Hyperlocal Discover Mobile App,Delhi,Lightspeed India,Private Equity,3000000.0,True,2016,1
1085,22/02/2016,NewsLaundry,Media & Entertainment,Independent News Media Portal,Delhi,"Abhijit Bhandari, Mahesh Murthy, Omidyar Network, Shashank Bhagat, Vikram Lal",Private Equity,,False,2016,5
1086,22/02/2016,Sigtuple,EdTech,Healthcare based Tech Solutions,Bengaluru,"Accel, Binny Bansal, Sachin Bansal",Seed/Angel,,False,2016,3
1087,22/02/2016,StyleDotMe,E-commerce,Mobile Fashion App,Delhi,Indian Angel Network,Seed/Angel,37000.0,True,2016,1
1088,22/02/2016,Taskbob,Consumer Internet,Hyperlocal Handyman services platform,Mumbai,"IvyCap Ventures, Mayfield India, Orios Venture Partners",Private Equity,4500000.0,True,2016,3
1089,23/02/2016,Aarav UAV,Mobility,unmanned aerial vehicles creator,Kanpur,"StartupXseed Ventures, The Phoenix Fund",Seed/Angel,,False,2016,2
1090,23/02/2016,CupoNation,Consumer Internet,Deals and Discount platform,Gurugram,"Deutsche Telekom Strategic Investments (DTSI), Holtzbrink Ventures, New Enterprise Associates (NEA), Rocket Internet AG, Silicon Valley Bank, e.ventures, ru-Net",Private Equity,11000000.0,True,2016,7
1091,24/02/2016,AppilyEver,E-commerce,Online wedding services marketplace,Hyderabad,"Raj Y, Suresh Venkat, Varun Aggarwal",Seed/Angel,400000.0,True,2016,3
1092,24/02/2016,FeetApart,Consumer Internet,Employee engagements & Rewards platform,Bengaluru,Vishal Bali,Seed/Angel,,False,2016,1
1093,24/02/2016,Loanzen,FinTech,Peer to peer Lending marketplace,Bengaluru,Tracxn Syndicate,Seed/Angel,,False,2016,1
1094,24/02/2016,NoBroker,Real Estate,Peer to peer property listing platform,Bengaluru,"Beenext, Beenos, Digital Garage, Mamoru Taniya, Qualgro, SAIF Partners",Private Equity,10000000.0,True,2016,6
1095,24/02/2016,Pocketin,Travel & Hospitality,Hotel reservations & Deal platform,Noida,Swastika Company Ltd,Seed/Angel,150000.0,True,2016,1
1096,24/02/2016,Sayfix,Consumer Internet,Hyperlocal Home Services Provider,Bengaluru,Yajnanarayana Kammaje,Seed/Angel,160000.0,True,2016,1
1097,25/02/2016,CarveNiche,EdTech,Personalized Learning Solutions & products,Bengaluru,"Calcutta Angels, Lead Angels",Seed/Angel,,False,2016,2
1098,25/02/2016,Funcart,E-commerce,Party Supplies Etailer,Delhi,Undisclosed HNIs,Seed/Angel,70000.0,True,2016,1
1099,25/02/2016,Juspay,FinTech,Digital Payments solutions,Bengaluru,"Accel, Ashish Hemrajani, Parikshit Dar, Rajesh Balpande",Private Equity,5800000.0,True,2016,4
1100,25/02/2016,OfBusiness,E-commerce,B2B commerce Marketplace,Gurugram,Matrix Partners India,Private Equity,5000000.0,True,2016,1
1101,26/02/2016,EduBridge,EdTech,Skill development and vocational training platform,Mumbai,"Acumen Fund, Insitor Impact Asia Fund",Private Equity,2500000.0,True,2016,2
1102,26/02/2016,Freedom Smart Labs,E-commerce,IoT retail solutions,Delhi,Kapil Goel,Seed/Angel,145000.0,True,2016,1
1103,29/02/2016,Hopscotch,E-commerce,Baby & Kids Products Online Flash sales platform,Mumbai,Eduardo Saverin,Private Equity,13000000.0,True,2016,1
1104,29/02/2016,NestAway,Real Estate,Online Home Rental Marketplace,Bengaluru,Ratan Tata,Private Equity,,False,2016,1
1105,01/03/2016,DriveU,Mobility,Chauffeurs Discovery for private car owners,Bengaluru,Unitus Seed Fund,Seed/Angel,,False,2016,1
1106,01/03/2016,Gympik,Healthcare,"Fitness Centres, Gym Discovery online marketplace",Bengaluru,RoundGlass Partners,Private Equity,,False,2016,1
1107,01/03/2016,iqlect,Technology,Big Data Analytics Platform,Bengaluru,"Lip-Bu Tan, Michael Marks, Nicolas Braithwaite",Private Equity,,False,2016,3
1108,01/03/2016,TestBook,EdTech,Online Test Preparation Platform,Mumbai,"Co, S Chand",Private Equity,,False,2016,2
1109,02/03/2016,MoMark,FinTech,Mobile Wallet Aggregation platform,Noida,YourNest Angel Fund,Private Equity,600000.0,True,2016,1
1110,02/03/2016,Skedool,Consumer Internet,AI based Office Assistant Mobile App,Seattle,"Kludein LLC Phanindra Sama, Narayan Ramachandran, Pranav Pai",Seed/Angel,,False,2016,3
1111,02/03/2016,Systemantics,Technology,Industrial robots maker,Bengaluru,"Accel, Nandan Nilekani",Private Equity,1400000.0,True,2016,2
1112,03/03/2016,Imarticus Learning,EdTech,Financial Services & Analytics Education Institute,Mumbai,"Amit Khanna, Amit Nanavati, Blinc Advisors, Taranjit Jaswal, Tashwinder Singh",Private Equity,1000000.0,True,2016,5
1113,03/03/2016,Shouut,Media & Entertainment,Social Discovery Mobile app,Delhi,Undisclosed investor,Seed/Angel,500000.0,True,2016,1
1114,03/03/2016,Vertuals,E-commerce,Audio Visual Digital Content creators for Brands,Mumbai,Dino Morea,Seed/Angel,,False,2016,1
1115,04/03/2016,Aahaa,E-commerce,Office Products Super Store,Chennai,YourNest Angel Fund,Private Equity,1000000.0,True,2016,1
1116,04/03/2016,Arcatron Mobility,Media & Entertainment,Smart wheelchair Design and Development,Pune,"Anoop Hingorani, Sudhir Mehta",Seed/Angel,,False,2016,2
1117,04/03/2016,Civilsdaily,Media & Entertainment,Civil Services News Aggregator,Delhi,"Manoj Kumar, Other undisclosed investors",Seed/Angel,,False,2016,2
1118,04/03/2016,Ftcash,FinTech,Mobile Payments Platform,Kolkata,IvyCap Ventures,Seed/Angel,150000.0,True,2016,1
1119,04/03/2016,medECUBE,Healthcare,Healthcare related Services provider,Gurugram,Artiman Ventures,Private Equity,4000000.0,True,2016,1
1120,04/03/2016,Tarusa World,E-commerce,Handicraft products eTailer,Mumbai,Mohit Gulati,Seed/Angel,,False,2016,1
1121,04/03/2016,TinyStep,Media & Entertainment,Parenting Social Network Platform,Bengaluru,Matt Glickman,Private Equity,,False,2016,1
1122,04/03/2016,Zappka,Consumer Internet,Mobile App discovery and review platform,Gurugram,"Daman Soni, Rajat Gupta",Seed/Angel,100000.0,True,2016,2
1123,07/03/2016,Medidaili,Healthcare,Medical Support service platform,Bengaluru,Undisclosed private investors,Seed/Angel,100000.0,True,2016,1
1124,07/03/2016,Ninjacart,E-commerce,B2B marketplace for Farmers & Retailers,Bengaluru,"Accel, M&S Partners, Qualcomm Ventures, Zop Smart",Private Equity,3000000.0,True,2016,4
1125,07/03/2016,N.O.W,Mobility,Bike Taxi Service & Hyperlocal Delivery App,Noida,"Anuj Sanghi, Ruchirans Jaipuria",Seed/Angel,500000.0,True,2016,2
1126,07/03/2016,Reach,Consumer Internet,Cross Platform P2P file sharing mobile app,Bengaluru,"Ankur Singla, Ankur Warikoo, Rebright Partners, Sol Primero, Sudhir Anandarao",Seed/Angel,500000.0,True,2016,5
1127,07/03/2016,VanityCube,Consumer Internet,Hyperlocal Beauty Services platform,Delhi,Unicorn Ventures,Seed/Angel,250000.0,True,2016,1
1128,07/03/2016,Wooplr,E-commerce,Curated Fashion ECommerce portal,Bengaluru,"Abhay Singhal, Amit Gupta, Naveen Tewari, Piyush Shah, Raghunandan G, Rajiv Mehta",Seed/Angel,,False,2016,6
1129,08/03/2016,Cookaroo,Food & Beverage,Food Delivery Platform,Bengaluru,Vijay Krishna Yadav,Seed/Angel,,False,2016,1
1130,08/03/2016,Dunzo,Consumer Internet,Daily Task Management App,Bengaluru,"Aspada Investment Advisors, Blume Ventures",Seed/Angel,650000.0,True,2016,2
1131,08/03/2016,Finomena,FinTech,Credit Worthiness Big Data Analytics,Delhi,Matrix Partners India,Private Equity,,False,2016,1
1132,08/03/2016,Kartrocket,E-commerce,ECommerce SAAS platform,Delhi,"500 Start-Ups, Bertelsmann India Investments, Nirvana Digital India Fund, Nirvana Digital Investment Holding Co Ltd, Undisclosed Japanese investor",Private Equity,8000000.0,True,2016,5
1133,08/03/2016,LoveCycles,Healthcare,Women's health Tracker,Bengaluru,Prime Venture Partners,Seed/Angel,750000.0,True,2016,1
1134,08/03/2016,vPhrase Analytics,Technology,AI based data analytics platform,Mumbai,"Apoorv Ranjan Sharma, Daud Ali",Seed/Angel,,False,2016,2
1135,09/03/2016,Cloudacar,Consumer Internet,Carpooling Mobile App,Pune,"Amit Choudhary, Anuj Puri",Seed/Angel,,False,2016,2
1136,09/03/2016,Indiamart,E-commerce,B2B Marketplace for SMBs,Noida,Amadeus Capital,Private Equity,,False,2016,1
1137,09/03/2016,JustRide,Mobility,Self Drive Car Rental,Mumbai,"Dheeraj Jain, Other angel investors",Seed/Angel,400000.0,True,2016,2
1138,09/03/2016,MyGubbi,Real Estate,Interior Design & Home Décor Solutions,Bengaluru,"Vipul Parekh, ajesh K Murthy",Seed/Angel,2500000.0,True,2016,2
1139,09/03/2016,Nukkad Shops,Food & Beverage,Hyperlocal Grocery Delivery Service,Hyderabad,PurpleTalk Inc,Seed/Angel,1000000.0,True,2016,1
1140,09/03/2016,SmartVizX,Technology,Virtual Reality Solutions,Noida,"Entrepreneurs India, Indian Angel Network, Stanford Angels",Seed/Angel,500000.0,True,2016,3
1141,09/03/2016,Yana,Consumer Internet,Personal AI Transaction Engine App,Gurugram,Puneet Gupta,Seed/Angel,,False,2016,1
1142,10/03/2016,Icertis,Technology,Contract Management Software Solutions platform,Pune,"Fidelity Growth Partners India, Greycroft Partners, Ignition Partners",Private Equity,15000000.0,True,2016,3
1143,10/03/2016,Stylflip,E-commerce,Pre-Owned Fashion marketplace mobile app,Mumbai,"Raj Gala Shah, Zaheer Memon",Seed/Angel,,False,2016,2
1144,10/03/2016,Supplified,E-commerce,Construction material eTailer,Delhi,Mohit Goel,Seed/Angel,1000000.0,True,2016,1
1145,11/03/2016,JollyFoodFellow,Food & Beverage,Food Related Marketing & Branding platform,Ahmedabad,Janak Parikh,Seed/Angel,,False,2016,1
1146,14/03/2016,eSwasthya,Healthcare,Online Medicine Delivery Aggregator,Ahmedabad,Hemang Sahani,Seed/Angel,,False,2016,1
1147,14/03/2016,PinkBlue,E-commerce,Medical Supplies eTailer,Bengaluru,"Abhishek Jain, Ajay Modani, Anirudh Rastogi, Dr V Ravinder, Hari Krishna, Nagendra Prasad Bhanuprakash, Rajeev Mudumba, Rakesh Gakhar",Seed/Angel,223608.0,True,2016,8
1148,14/03/2016,TruckingCube,Logistics,"Domestic, Commercial, and Industrial Goods Movers",Delhi,Agarwal Movers Group,Private Equity,14900000.0,True,2016,1
1149,15/03/2016,FlipClass,EdTech,Tutor Search Platform,Bengaluru,"Blume Ventures, Co Pvt Ltd, S Chand",Private Equity,1000000.0,True,2016,3
1150,15/03/2016,Proximit,Media & Entertainment,Advertising Technology,Pune,Funding through 1Crowd platform,Seed/Angel,150000.0,True,2016,1
1151,15/03/2016,WithMe,E-commerce,Personalized Fashion App,Gurugram,"Alex Kuruvilla, Pradeep Guha, Rajan Pandhare, Saket Dhankar",Seed/Angel,250000.0,True,2016,4
1152,16/03/2016,Avagmah,EdTech,Online Education Portal,Bengaluru,"Atul Nishar, Kris Gopalakrishnan",Seed/Angel,,False,2016,2
1153,16/03/2016,Gapoon,Consumer Internet,Hyperlocal Home Maintenance services,Bengaluru,"Chandrashekar Tallapragada, Pankaj Kapoor",Seed/Angel,180000.0,True,2016,2
1154,16/03/2016,Wealthy,FinTech,Online Investment management portal,Bengaluru,"Abhishek Goyal, Arjun, Gagan Dugal, Harpreet Singh Grover, Rohan Malhotra, Zishaan Hayath",Seed/Angel,250000.0,True,2016,6
1155,16/03/2016,WorkIndia,HR & Jobs,Online Job Board,Mumbai,Beenext,Seed/Angel,,False,2016,1
1156,17/03/2016,Liftiee,Mobility,Car/ bike Pooling App,Mumbai,"Anita Hassanandani, Rannvijay Singh",Seed/Angel,108000.0,True,2016,2
1157,17/03/2016,Qlivery,Consumer Internet,Ondemand Concierge Service,Gurugram,Swastika Company Ltd,Seed/Angel,230000.0,True,2016,1
1158,18/03/2016,Hello Curry,Food & Beverage,Quick Service Restaurant Chain,Hyderabad,"Other unnamed investors, Sashi Reddi",Private Equity,1500000.0,True,2016,2
1159,19/03/2016,goSporto,Consumer Internet,Online Sports discovery and booking platform,Delhi,Naveen Gupta,Seed/Angel,30000.0,True,2016,1
1160,21/03/2016,Girnar Software,Media & Entertainment,Online News Media Network,Jaipur,Google Capital,Private Equity,,False,2016,1
1161,21/03/2016,OneClickWash,Consumer Internet,Online Laundry & Washing service Booking & Delivery,Gurugram,Unitus Seed Fund,Seed/Angel,,False,2016,1
1162,21/03/2016,Room On Call,Travel & Hospitality,Budget hotel aggregator,Gurugram,CASHurDRIVE Marketing Pvt Ltd,Private Equity,2000000.0,True,2016,1
1163,22/03/2016,BigBasket,E-commerce,Online Grocery Shop,Bengaluru,Abraaj Group,Private Equity,150000000.0,True,2016,1
1164,22/03/2016,Byju's,EdTech,Educational Video Content Creator,Bengaluru,"Sequoia Capital, Sofina",Private Equity,75000000.0,True,2016,2
1165,22/03/2016,CityShor,Media & Entertainment,online lifestyle media recommendation portal,Ahmedabad,GAIN,Seed/Angel,,False,2016,1
1166,22/03/2016,CreditSeva,FinTech,Online Credit management tools,Hyderabad,"Infocomm Development Authority of Singapore, Pix Vine Capital",Seed/Angel,360000.0,True,2016,2
1167,22/03/2016,DrivoJoy,Consumer Internet,On-demand 2-wheeler Servicing platform,Bengaluru,"Indian Angel Network, Tracxn Labs",Seed/Angel,600000.0,True,2016,2
1168,22/03/2016,LifCare,Healthcare,Online Pharmacy portal,Jaipur,"Alok Mittal, Dexter Angel Circle, Dheeraj Jain, Kunal Shah, Rajul Garg, Rishi Mandawat, Sandeep Tandon",Seed/Angel,,False,2016,7
1169,22/03/2016,Smartron,Technology,Internet of Things Device manufacturer,Bengaluru,Sachin Tendulkar,Private Equity,,False,2016,1
1170,23/03/2016,eKincare,Healthcare,Healthcare related solutions,Hyderabad,"Anshoo Gaur, BitChemy Ventures, Maheshwari Investments Pvt Ltd, Rama Krishna Reddy, Sandeep Seerapu",Private Equity,330000.0,True,2016,5
1171,23/03/2016,Endless Robotics,Real Estate,Interior Painting Automation,Hyderabad,"Devidas Desai, Singapore Angel Network, Vipul Gautam",Seed/Angel,100000.0,True,2016,3
1172,23/03/2016,HashLearn,EdTech,Mobile based private tutoring services,Unknown,"Anupam Mittal, Bhavish Aggarwal, Binny Bansal, Krishna Mehra, Mekin Maheshwar, Rajan Anandan, Singapore Angel Network, Sunil Kalra",Seed/Angel,,False,2016,8
1173,23/03/2016,SP Robotics,EdTech,Robotic Classes for Students,Chennai,Indian Angel Network,Seed/Angel,300000.0,True,2016,1
1174,23/03/2016,StalkBuyLove,E-commerce,Fashion eTailer,Delhi,"500 Startups, Littlerock, Singularity Ventures",Seed/Angel,,False,2016,3
1175,23/03/2016,WheelStreet,Mobility,Online Bike Rental platform,Bengaluru,Broadbean Capital services,Private Equity,500000.0,True,2016,1
1176,24/03/2016,Horntell,Consumer Internet,Unified Push Notification service,Gurugram,"Bharanidharan Viswanathan, Rahul Agarwal, Sanjiv Mittal, Shobhit Shukla",Seed/Angel,150000.0,True,2016,4
1177,29/03/2016,Babygogo,Healthcare,Child healthcare experts aggregator mobile app,Delhi,"Aditya Vij, Daljit Singh, Kishore Kumar, Rajul Garg, Shuchin Bajaj",Seed/Angel,300000.0,True,2016,5
1178,29/03/2016,FixNix,Consumer Internet,GRC SAAS Platform,Chennai,Jay Vijayan,Seed/Angel,500000.0,True,2016,1
1179,29/03/2016,HealthEminds,Healthcare,Online mental healthcare,Bengaluru,Robin Utthappa,Seed/Angel,,False,2016,1
1180,29/03/2016,Veritas Finance,FinTech,Asset Based Lending platform,Chennai,Sarva Capital,Private Equity,4700000.0,True,2016,1
1181,30/03/2016,TouchKin,Healthcare,Predictive Healthcare platform,Bengaluru,"Alok Mittal, Amit Gupta, Anuj Srivastava, Himanshu Aggarwal, Puneet Agarwal, Raghunandan G",Seed/Angel,400000.0,True,2016,6
1182,30/03/2016,True Balance,Technology,Mobile Balance Check App,Gurugram,SoftBank Ventures Korea,Private Equity,,False,2016,1
1183,31/03/2016,SwitchMe,FinTech,Home Loan Rate comparison platform,Mumbai,"500 Startups, Ajay Sarupria, Hiro Mashita, Mohandas Pai, Rajan Anandan, Singapore Angel Network",Seed/Angel,,False,2016,6
1184,31/03/2016,Transcell,Healthcare,Family Stem Cell Banking Services,Hyderabad,Indian Angel Network,Seed/Angel,,False,2016,1
1185,01/04/2016,Dil Mil,Consumer Internet,Matchmaking Mobile App,San Francisco,"CSC Upshot, Maiden Lane Ventures, Nelstone Ventures, Transmedia Capital",Private Equity,2700000.0,True,2016,4
1186,01/04/2016,PicsDream,E-commerce,Online Marketplace for Photographers,Delhi,Raman Roy,Seed/Angel,,False,2016,1
1187,01/04/2016,Process 9,Consumer Internet,online translation and transliteration,Gurugram,"Ajai Chowdhry, Alok Sharma, Indian Angel Network, Kris Gopalakrishnan, Saurabh Srivastava",Seed/Angel,,False,2016,5
1188,04/04/2016,Highway Delite,Consumer Internet,Various Highway Help Services,Bengaluru,N.S. Raghavan Centre for Entrepreneurial Learning,Seed/Angel,,False,2016,1
1189,04/04/2016,Housing,Real Estate,Real Estate Portal,Mumbai,Vineet Singh,Private Equity,,False,2016,1
1190,04/04/2016,Hungama,Media & Entertainment,Digital Media Entertainment Portal,Mumbai,Xiaomi Inc,Private Equity,25000000.0,True,2016,1
1191,04/04/2016,RollMafia,Food & Beverage,Rolls & Biryanis QSR chain,Pune,"Equentia Natural Resource, Other undisclosed investors",Seed/Angel,,False,2016,2
1192,05/04/2016,Cult Fitness,Healthcare,Healthcare training programs,Bengaluru,Mukesh Bansal,Seed/Angel,,False,2016,1
1193,05/04/2016,Haptik,Technology,Personal Assistant App,Mumbai,Times Internet Ltd,Private Equity,,False,2016,1
1194,05/04/2016,Servify,Consumer Internet,Gadget & Appliances Service App,Mumbai,"Barkawi Holdings GmbH, Blume Ventures, TM Service Technology Holdings GmbH",Private Equity,,False,2016,3
1195,06/04/2016,gear6,Mobility,Online bike service and repairs platform,Bengaluru,Ninestarter,Seed/Angel,500000.0,True,2016,1
1196,06/04/2016,MyGlamm,Consumer Internet,Mobile based on-demand Beauty Services platform,Mumbai,L'Occitane,Private Equity,6000000.0,True,2016,1
1197,06/04/2016,Petoo,Food & Beverage,Online Food Delivery Platform,Bengaluru,Axilor Ventures,Private Equity,1000000.0,True,2016,1
1198,06/04/2016,Shipsy,Logistics,Logistics Solutions,Gurugram,DTDC Express Ltd,Private Equity,1000000.0,True,2016,1
1199,07/04/2016,Truly Social,Gaming,Mobile Gaming Studio,London,Nazara Technologies Pvt Ltd,Private Equity,,False,2016,1
1200,08/04/2016,imedilane,Healthcare,Online Health Diagnosis platform,Delhi,"Mahendra Patel, Nilender Chauhan",Seed/Angel,40000.0,True,2016,2
1201,08/04/2016,Little Black Book,Food & Beverage,"Curated Food, event & Lifestyle guide",Delhi,"IDG, Indian Angel Network",Seed/Angel,,False,2016,2
1202,08/04/2016,Vahan,EdTech,Mobile Education Platform,Chennai,Villgro,Seed/Angel,,False,2016,1
1203,11/04/2016,Living Local,Media & Entertainment,Social discovery platform,Mumbai,Rattan Chadha,Seed/Angel,200000.0,True,2016,1
1204,11/04/2016,Oyo,E-commerce,Online Branded Budget Room Booking Service,Delhi,"DSG Consumer Partners, Greenoaks Capital, Lightspeed Venture Partners, Sequoia Capital, SoftBank, Venture Nursery",Private Equity,100000000.0,True,2016,6
1205,11/04/2016,PriceRaja,Consumer Internet,Price Comparison Portal,Gurugram,Prashant Puri,Seed/Angel,300000.0,True,2016,1
1206,11/04/2016,Vegfru,E-commerce,Online Fruit & Vegetable Marketplace,Delhi,Wingify,Seed/Angel,,False,2016,1
1207,12/04/2016,Happydemic,Consumer Internet,Artist Discovery & Booking platform,Mumbai,Shaan,Seed/Angel,,False,2016,1
1208,12/04/2016,Indi,Media & Entertainment,Video Social Network,Unknown,Anil Kapoor,Seed/Angel,,False,2016,1
1209,12/04/2016,LenDenClub,FinTech,Peer-to-Peer Lending Platform,Mumbai,"Anirudh Damani, Daud Ali, Jayesh Shah, Krishna Jhunjhunwaala, Narendra Karnavat, Vikas Kapoor, Vikram Lakhotia",Seed/Angel,,False,2016,7
1210,12/04/2016,MagicX,Consumer Internet,On-Demand Task Management App,Bengaluru,"Dr. Ranjan Pai, Kris Gopalakrishnan",Seed/Angel,1000000.0,True,2016,2
1211,13/04/2016,Hippily,E-commerce,Fashion ECommerce App,Mumbai,"Dr. Sridhar Ramaswamy, Rakesh Mathur",Seed/Angel,250000.0,True,2016,2
1212,13/04/2016,Kredx,E-commerce,Invoice discounting Marketplace,Bengaluru,Prime Venture Partners,Seed/Angel,750000.0,True,2016,1
1213,13/04/2016,Legalraasta,Consumer Internet,Online legal Services for Startups,Delhi,"Pravin Khandelwal, Yatin Kumar Jain",Seed/Angel,1000000.0,True,2016,2
1214,13/04/2016,RainCan,Food & Beverage,Subscription-based grocery delivery Mobile App,Pune,Dr. Aniruddha Malpani,Seed/Angel,150000.0,True,2016,1
1215,14/04/2016,BeaconsTalk,Media & Entertainment,contextual mobile advertising,Mumbai,"Prashant Gooty, Rajeev Agrawal",Seed/Angel,100000.0,True,2016,2
1216,14/04/2016,Wedwise,Media & Entertainment,Wedding related services community,Delhi,StartUp Equity Partners,Seed/Angel,,False,2016,1
1217,15/04/2016,Blue Box Media,Consumer Internet,Online Tech Portals,Jaipur,"Ajay Data, Kamal Kothari, Mahavir Pratap Sharma, Sanjay Phophaliya, Siddharth Agarwal, Yogesh Chaudhary",Seed/Angel,,False,2016,6
1218,15/04/2016,Deal 4Loans,FinTech,Loan Comparison Portal,Noida,"Neeraj Arora, Puru Vashishtha, Ram Shriram",Seed/Angel,,False,2016,3
1219,15/04/2016,NestAway,Real Estate,Furnished Home Rental Platform,Bengaluru,Tiger Global,Private Equity,30000000.0,True,2016,1
1220,15/04/2016,Organicshop,E-commerce,Marketplace for organic products,Jaipur,"H C Jain, Kamal Kothari, Mahavir Pratap Sharma, Vivek Nathani, Yogesh Chaudhary",Seed/Angel,,False,2016,5
1221,15/04/2016,RenewBuy,FinTech,Online Car & Bike Insurance Comparison portal,Delhi,Mount Nathan Advisors,Seed/Angel,1000000.0,True,2016,1
1222,15/04/2016,TapChief,Consumer Internet,Expert Advice Platform,Bengaluru,Vijay Shekhar Sharma,Seed/Angel,150000.0,True,2016,1
1223,15/04/2016,Vyomo,Consumer Internet,On-Demand Beauty Service provider,Delhi,Naturals Salon Chain,Private Equity,15000000.0,True,2016,1
1224,18/04/2016,Houssup,Real Estate,interior design and home furnishing portal,Jaipur,"Gaurav Agarwal, Mitin Patel",Seed/Angel,,False,2016,2
1225,18/04/2016,Jugnoo,Logistics,On-demand Delivery & Logistics platform,Chandigarh,Paytm & existing investors,Private Equity,10000000.0,True,2016,1
1226,18/04/2016,Rapido,Mobility,Bike Aggregator App,Bengaluru,"AdvantEdge Partners, Astarc Ventures, Pawan Munjal",Private Equity,,False,2016,3
1227,18/04/2016,Smytten,E-commerce,Online Discovery and Shopping Platform,Gurugram,Rajan Anandan,Seed/Angel,,False,2016,1
1228,18/04/2016,Tork Motocycles,Mobility,Electric Motorcycle Manufacturer,Pune,"Ankit Bhati, Bhavish Aggarwal",Seed/Angel,,False,2016,2
1229,18/04/2016,Yufta,E-commerce,Women's Fashion ECommerce Portal,Bengaluru,Ajay Data & other HNIs,Seed/Angel,,False,2016,1
1230,19/04/2016,BetaOut,E-commerce,customer intelligence and marketing automation platform,Noida,"Chennai Angels, Hyderabad Angels, LetsVenture, Mumbai Angels, Stanford Angels",Private Equity,1500000.0,True,2016,5
1231,19/04/2016,CollegeDekho,EdTech,College & Student information platform,Delhi,Man Capital,Private Equity,2000000.0,True,2016,1
1232,19/04/2016,DriversCart,Consumer Internet,on-demand chauffeur provider,Chennai,ah! Ventures,Seed/Angel,450000.0,True,2016,1
1233,19/04/2016,Lenskart,E-commerce,Eyewear etailing platform,Delhi,Ratan Tata,Private Equity,,False,2016,1
1234,19/04/2016,Oliveboard,EdTech,Online exam practice & preparation platform,Bengaluru,India Educational Investment Fund,Private Equity,,False,2016,1
1235,19/04/2016,OYOfit,Healthcare,Fitness Services Aggregator platform,Bengaluru,RN Agarwal,Seed/Angel,,False,2016,1
1236,19/04/2016,Simplilearn,EdTech,Online certification platform,Bengaluru,Brand Capital,Private Equity,,False,2016,1
1237,20/04/2016,1mg,E-commerce,Online Pharmacy,Gurugram,"Maverick Capital Ventures, Omidyar Network, Sequoia Capital",Private Equity,15000000.0,True,2016,3
1238,20/04/2016,Broomberg,Consumer Internet,Cleaning Services Provider,Delhi,"HNIs, Undisclosed Angel investors",Seed/Angel,,False,2016,2
1239,20/04/2016,Fashalot,E-commerce,Fashion and Store discovery mobile app,Delhi,"Rajul Garg, YourNest Angel Fund",Seed/Angel,,False,2016,2
1240,21/04/2016,Advanced Structures India,Mobility,Automotive Design and Engineering company,Bengaluru,GirnarSoft,Private Equity,,False,2016,1
1241,21/04/2016,mishTag,E-commerce,"Style, Fashion Discovery Mobile app",Delhi,"Anthil Ventures, M&Y Partners, SVG Media",Seed/Angel,,False,2016,3
1242,21/04/2016,mPaani,Consumer Internet,Loyalty rewards platform,Mumbai,"Adil Allana, Aprameya Radhakrishna, Blume Ventures, Gautam Ivatury, Signal Point Partners",Seed/Angel,,False,2016,5
1243,21/04/2016,Yufta,E-commerce,hyperlocal fashion retail platform,Jaipur,Ajay Data & undisclosed HNIs,Seed/Angel,,False,2016,1
1244,22/04/2016,Druva,Technology,Converged Backup & Data Protection Solutions for Enterprises,Pune,"NTT Finance, Telephone Corporation",Private Equity,,False,2016,2
1245,22/04/2016,Knolskae,EdTech,Educational Gamification & Simulation platform,Bengaluru,"HR Fund, Inventus Capital Partners",Private Equity,,False,2016,2
1246,22/04/2016,Licious,E-commerce,Mobile based Meat ordering App,Bengaluru,Mayfield India II Management Ltd,Private Equity,3000000.0,True,2016,1
1247,22/04/2016,TOKO Innovation Studios,Gaming,Children's Entertainment Games & Products,Delhi,Indian Angel network,Seed/Angel,450000.0,True,2016,1
1248,25/04/2016,Commut,Consumer Internet,Shuttle Service Provider,Hyderabad,50K Ventures,Seed/Angel,200000.0,True,2016,1
1249,25/04/2016,Dropkaffe,Food & Beverage,Ready-to-Drink Beverage Producer,Bengaluru,"Apurva Salapuria, GrowthStory, Hitesh Oberoi, Nirupa Shankar, Sidharth Pansari",Seed/Angel,550000.0,True,2016,5
1250,25/04/2016,intouchapp,Consumer Internet,Contact Management Mobile App,Pune,Blume Ventures,Seed/Angel,,False,2016,1
1251,26/04/2016,Cleartax,FinTech,Online filing of Tax returns,Bengaluru,"Max Levchin, Scott Banister",Private Equity,1300000.0,True,2016,2
1252,26/04/2016,Roposo,E-commerce,Social Fashion ECommerce Discovery platform,Gurugram,Bertelsmann India Investments,Private Equity,15000000.0,True,2016,1
1253,26/04/2016,Transerv,FinTech,Digital Payments platform,Mumbai,"IDFC SPICE Fund, Micromax Informatics",Private Equity,15000000.0,True,2016,2
1254,27/04/2016,CareonGO,Healthcare,Online Pharmacy,Unknown,"Anand Mittal, Anupam Mittal, Farooq Oomerbhoy, Konglo Ventures, Ravi Garikipati, Singapore Angel Network, Vibhu Garg",Seed/Angel,,False,2016,7
1255,27/04/2016,MilkBasket,Food & Beverage,Micro Grocery Delivery Platform,Gurugram,EVC Ventures,Seed/Angel,500000.0,True,2016,1
1256,27/04/2016,Murgency,Healthcare,Medical Emergency Response App,Mumbai,Axilor Ventures,Private Equity,,False,2016,1
1257,27/04/2016,RailYatri,Consumer Internet,Train Related Information portal,Noida,"Blume Ventures, Helion Ventures, Nandan Nilekani, Omidyar Networks",Private Equity,,False,2016,4
1258,28/04/2016,DocsApp,Healthcare,Online Doctor Discovery & Chat platform,Bengaluru,"Anand Rajaraman, Rebright Partners, Venky Harinarayan",Private Equity,1200000.0,True,2016,3
1259,28/04/2016,The Wedding Brigade,Consumer Internet,Online Wedding Information Portal,Mumbai,"Blume Ventures, Other unnamed Investors",Seed/Angel,600000.0,True,2016,2
1260,29/04/2016,ImpactGuru,FinTech,Online Crowdfunding platform for NGOs & Social Projects,Mumbai,"Fundnel, RB Investments",Seed/Angel,500000.0,True,2016,2
1261,29/04/2016,LetReach,E-commerce,ECommerce SAAS Solutions,Delhi,vCommission,Private Equity,100000.0,True,2016,1
1262,01/05/2016,Get My Parking,Technology,Parking Technology Platform,Delhi,The Chennai Angels,Seed/Angel,376000.0,True,2016,1
1263,01/05/2016,MotoMojo,Mobility,Mobile based Vehicle maintenance App,Mumbai,"Balamurugan Mani, Fauzan Rahim, Niloufer Dundh",Seed/Angel,,False,2016,3
1264,01/05/2016,Prescribez,Healthcare,Health Service Aggregator Platform,Pune,Ankush Mehta,Seed/Angel,145000.0,True,2016,1
1265,02/05/2016,Airwood,AgriTech,Agri Data & Analytics Platform,Chennai,StartupXseed Ventures,Seed/Angel,,False,2016,1
1266,03/05/2016,iDreamCareer,HR & Jobs,Career Planning Services Portal,Delhi,Brand Capital,Private Equity,,False,2016,1
1267,03/05/2016,Mobikwik,FinTech,Mobile & Digital Wallet,Gurugram,"GMO Payment Gateway, MediaTek",Private Equity,50000000.0,True,2016,2
1268,03/05/2016,Prepathon,EdTech,Competitive Exam learning platform,Mumbai,Blume Ventures,Private Equity,,False,2016,1
1269,03/05/2016,Zuver,Mobility,Car driver Discovery App,Mumbai,"Hermes Group, Shruth, Smith Group",Seed/Angel,180000.0,True,2016,3
1270,04/05/2016,Active.ai,FinTech,Intelligent Tech platform for Finance vertical,Singapore,Kalaari Capital Accelerator Program,Seed/Angel,500000.0,True,2016,1
1271,04/05/2016,Affordplan,Healthcare,Affordable non-emergency medical service health plans,Delhi,Kalaari Capital Accelerator Program,Seed/Angel,500000.0,True,2016,1
1272,04/05/2016,Comarete,Media & Entertainment,Telecom & Media IT services company,Pune,Grex.in,Seed/Angel,200000.0,True,2016,1
1273,04/05/2016,EasyRoads,Travel & Hospitality,Road Trip planning Mobile app,Mumbai,"Hrishi Oberoi, Kapil Hetamsaria, Pranav Dedhia, Rahul Mehta, Rohan Angrish",Seed/Angel,200000.0,True,2016,5
1274,04/05/2016,Indee,Media & Entertainment,Web Video Streaming Platform,Bengaluru,Kalaari Capital Accelerator Program,Seed/Angel,500000.0,True,2016,1
1275,04/05/2016,Lenskart,E-commerce,Eyewear & Accessories etailer,Delhi,"Adveq Management, IDG Ventures, International Finance Corp, Kris Gopalakrishnan, Ratan Tata, TPG Growth",Private Equity,60000000.0,True,2016,6
1276,04/05/2016,Seclore,Technology,Enterprise Security Technology platform,Mumbai,"Helion Venture, India Alternatives, Sistema Asia Fund, VentureEast",Private Equity,12000000.0,True,2016,4
1277,04/05/2016,SolarTown,Energy & CleanTech,Solar Rooftop system installation company,Chennai,Grex.in,Seed/Angel,200000.0,True,2016,1
1278,05/05/2016,Unbxd,E-commerce,eCommerce product discovery software,Delhi,"IDG Ventures, Indian Angel Network, Inventus Capital",Private Equity,,False,2016,3
1279,05/05/2016,WebAlligator,Consumer Internet,Cloud Based Software Solutions,Bengaluru,"Group of undisclosed Angel Investors, HNIs",Seed/Angel,375000.0,True,2016,2
1280,06/05/2016,EduAce Services,EdTech,Education Workshops & mentoring programs,Lucknow,MoMagic Technologies,Private Equity,1000000.0,True,2016,1
1281,06/05/2016,Meesho,E-commerce,Social commerce platform,Bengaluru,Rajul Garg,Seed/Angel,,False,2016,1
1282,09/05/2016,Locus,Logistics,Logistics Intelligence platform,Bengaluru,"BeeNext, Blume Ventures, Exfinity Venture Partners, Rajesh Ranavat",Private Equity,2750000.0,True,2016,4
1283,09/05/2016,Rentickle,E-commerce,"Furniture, appliances Portal",Delhi,"Dinesh Mittal, Manish Kheterpal, Sandeep Gupta, Vinay Mittal",Seed/Angel,250000.0,True,2016,4
1284,09/05/2016,Toko Innovations,Media & Entertainment,Children's Entertainment Portal,Bengaluru,"Roopak Saluja, Vishal Khare",Seed/Angel,450000.0,True,2016,2
1285,10/05/2016,HealthifyMe,Healthcare,Health & Fitness App,Bengaluru,"Blume Ventures, IDG Ventures India, Inventus Capital",Private Equity,6000000.0,True,2016,3
1286,10/05/2016,InnoNano Research,Energy & CleanTech,Clean Water Technology,Chennai,NanoHoldings,Private Equity,18000000.0,True,2016,1
1287,10/05/2016,Swiggy,Food & Beverage,Food Delivery Platform,Bengaluru,"Accel, DST Global, Norwest Venture Partners",Private Equity,7000000.0,True,2016,3
1288,10/05/2016,Zarget,Consumer Internet,Conversion Rate Optimization Platform,Chennai,"Accel, Girish Mathrubootham, Matrix Partners",Private Equity,1500000.0,True,2016,3
1289,11/05/2016,Faircent,FinTech,Online Peer to Peer Lending platform,Gurugram,"Arun Tadanki, Doreswamy Nandkishore, JM Financial Products Ltd, Kshitij Jain",Private Equity,,False,2016,4
1290,11/05/2016,Fractal Analytics,Technology,Data Analytics Company,Mumbai,Khazanah Nasional Berhad,Private Equity,100000000.0,True,2016,1
1291,12/05/2016,Capital Float,FinTech,Online Lending Platform,Bengaluru,"Aspada Ventures, Creation Investments Capital Management, SAIF Partners, Sequoia Capital",Private Equity,25000000.0,True,2016,4
1292,12/05/2016,Derbii,Logistics,Carpooling Services,Gurugram,Anurag Chauhan,Seed/Angel,,False,2016,1
1293,12/05/2016,Dream Wallets,FinTech,Online Crowdfunding platform,Jaipur,"Aditya Aggarwal, Anshul Jindal, Rakesh Gupta, Sanjeev Agrawal, Siddharth Banerjee, Sunil Koul, Vikas Ranjan",Seed/Angel,,False,2016,7
1294,12/05/2016,Galleri5,Media & Entertainment,Visual Content Discovery platform,Bengaluru,"Phanindra Sama, Raghunandan G",Seed/Angel,,False,2016,2
1295,12/05/2016,Life Circle,Healthcare,Senior Healthcare Services,Hyderabad,GROUPE SOS,Private Equity,150000.0,True,2016,1
1296,12/05/2016,ShabdNagari,Media & Entertainment,Hindi social networking portal,Kanpur,ah! Ventures,Seed/Angel,,False,2016,1
1297,12/05/2016,Unacademy,EdTech,Free Online Education Platform,Bengaluru,"Aprameya Radhakrishna, Blume Ventures, Phanindra Sama, Rajan Anandan, Sujeet Kumar, Sumit Jain",Seed/Angel,500000.0,True,2016,6
1298,13/05/2016,StayZilla,Consumer Internet,Budget Room Aggregator Booking platform,Chennai,"Matrix Partners, Nexus Ventures",Private Equity,13500000.0,True,2016,2
1299,13/05/2016,WoWexpress,Logistics,E-Commerce Logistics Solutions,Mumbai,Tamarind Family Private Trust,Private Equity,2200000.0,True,2016,1
1300,16/05/2016,BedBathMore,Real Estate,Home Decor eMarketplace,Mumbai,"Kinnevik Group, Rocket Internet",Private Equity,,False,2016,2
1301,16/05/2016,Smartivity,E-commerce,Smart Learning products,Delhi,"AdvantEdge Partners, S Chand",Private Equity,1000000.0,True,2016,2
1302,17/05/2016,Blinge,E-commerce,Apparel Rental platform,Mumbai,"Ankit Nagori, Anuj Srivastava, Anupam Mittal",Seed/Angel,,False,2016,3
1303,17/05/2016,CrownIt,Consumer Internet,Mobile customer rewards management platform,Gurugram,"Accel, Helion Venture Partners",Private Equity,,False,2016,2
1304,17/05/2016,Murgency,Healthcare,Medical Emergency Response App,Mumbai,Rata Tata,Private Equity,,False,2016,1
1305,18/05/2016,BHIVE,Real Estate,Co-Working Spaces,Bengaluru,Blume Ventures,Private Equity,1000000.0,True,2016,1
1306,18/05/2016,EduPristine,EdTech,Online Certification Courses,Mumbai,"DeVry Inc, Kaizen Management Advisors",Private Equity,10000000.0,True,2016,2
1307,18/05/2016,Fundamentor,EdTech,Aptitude Development Program,Pune,Subramanya SV,Seed/Angel,,False,2016,1
1308,18/05/2016,Parentlane,Consumer Internet,Parenting & Child Care app,Bengaluru,"Aprameya, Hitesh Gupta, Ravi Machani, Rohit Choudhary, Subramanya Venkat, Sujeet Kumar, Sumit Jain, Venk",Seed/Angel,,False,2016,8
1309,18/05/2016,PurpleHealth,Healthcare,Online health-on-demand platform,Thiruvananthapuram,Katabole Technology Venture,Seed/Angel,100000.0,True,2016,1
1310,18/05/2016,TheSmartQ,Food & Beverage,Food Ordering Mobile App,Bengaluru,YourNest Angel Fund,Seed/Angel,250000.0,True,2016,1
1311,19/05/2016,Niki.ai,Technology,Artificial Intelligence Platform,Bengaluru,Ratan Tata,Private Equity,,False,2016,1
1312,19/05/2016,TaxiVaxi,Mobility,Cab Aggregating Platform,Delhi,Undisclosed HNIs,Seed/Angel,500000.0,True,2016,1
1313,19/05/2016,Veqta,Media & Entertainment,On Demand Digital Sports Network,Delhi,"Chatsworth Management, ITW Digital",Seed/Angel,500000.0,True,2016,2
1314,23/05/2016,Edurev,EdTech,Online Learning Platform,Gurugram,Pradeep Reddy Kamasan,Seed/Angel,,False,2016,1
1315,23/05/2016,Hoppingo,E-commerce,Fashion Discovery platform,Delhi,vCommission,Seed/Angel,89000.0,True,2016,1
1316,24/05/2016,Eatonomist,Food & Beverage,Food Delivery Platform,Gurugram,MCube Capital Advisors Pvt Ltd,Seed/Angel,,False,2016,1
1317,24/05/2016,Goalwise,FinTech,Online investment platform,Bengaluru,Undisclosed HNIs,Seed/Angel,1000000.0,True,2016,1
1318,25/05/2016,Address Health,Healthcare,Pediatric Primary Healthcare Network,Bengaluru,Gray Matters Capital,Private Equity,1500000.0,True,2016,1
1319,25/05/2016,Arcatron Mobility,Mobility,Mobility Devices for differently abled,Pune,Sudhir Mehta,Seed/Angel,100000.0,True,2016,1
1320,25/05/2016,Roast,Media & Entertainment,Mobile entertainment App,Delhi,Indian Angel Network,Seed/Angel,,False,2016,1
1321,25/05/2016,SheThePeople,Consumer Internet,Digital platform for Women,Delhi,Anand Mahindra,Seed/Angel,,False,2016,1
1322,26/05/2016,Cleartax,FinTech,Online Income Tax Filing platform,Bengaluru,"FF Angel, Sequoia Capital",Private Equity,2000000.0,True,2016,2
1323,26/05/2016,Consure Medical,Healthcare,Medical Devices Kit manufacturer,Delhi,"Accel, India Innovation Fund India Venture Partners, Indian Angel Network",Private Equity,,False,2016,3
1324,26/05/2016,mChamp,Media & Entertainment,Celebrity Entertainment Contest App,Delhi,MoMagic Technologies,Seed/Angel,475000.0,True,2016,1
1325,27/05/2016,Pianta,Healthcare,Online healthcare service discovery platform,Bengaluru,"Kunal Shah, Sandeep Tandon",Seed/Angel,,False,2016,2
1326,30/05/2016,Vahanalytics,Technology,Safe driving Analytics platform,Mumbai,"Anirudh Damani, Vikram Lakhotia",Seed/Angel,200000.0,True,2016,2
1327,31/05/2016,1mg,E-commerce,Online Pharmacy,Gurugram,HBM Healthcare Investments,Private Equity,,False,2016,1
1328,31/05/2016,CCAvenue,FinTech,Payment Gateway,Mumbai,NSI Infinium Global Pvt. Ltd,Private Equity,8900000.0,True,2016,1
1329,31/05/2016,Koovs,E-commerce,Apparel & Lifestyle eTailer,Delhi,HT Media Ltd,Private Equity,4400000.0,True,2016,1
1330,31/05/2016,Play Your Sport,Healthcare,Location based Sports & Fitness Discovery App,Delhi,Ashish Gupta and other undisclosed investors,Seed/Angel,,False,2016,1
1331,31/05/2016,Tpot,Food & Beverage,QSR Chain,Gurugram,Ashish Gupta,Seed/Angel,,False,2016,1
1332,01/06/2016,BRIDGEi2I,Technology,Data Analytics Platform,Bengaluru,Edelweiss Private Equity,Private Equity,,False,2016,1
1333,02/06/2016,Atomberg,Energy & CleanTech,"smart, energy efficient home appliance manufacturer",Mumbai,Parampara Capital,Private Equity,1000000.0,True,2016,1
1334,02/06/2016,CoutLoot,E-commerce,Fashion Re-Commerce Platform,Mumbai,Venture Catalysts,Seed/Angel,,False,2016,1
1335,02/06/2016,Droom,E-commerce,Online marketplace for used automobiles,Delhi,"Beenext, Beenos, Digital Garage, Lightbox",Private Equity,,False,2016,4
1336,02/06/2016,Limo,Mobility,Bus Aggregator Mobile app,Mumbai,Rainmaker Ventures,Private Equity,1000000.0,True,2016,1
1337,02/06/2016,Visit,Healthcare,On-Demand Healthcare Service provider,Delhi,MapmyIndia,Seed/Angel,,False,2016,1
1338,03/06/2016,GoGo Truck,Logistics,Truck Aggregator & Booking platform,Chennai,Undisclosed Investor,Seed/Angel,75000.0,True,2016,1
1339,03/06/2016,iCliniq,Healthcare,Doctor Consultation platform,Bengaluru,MadhanKumar Madathupalayam,Seed/Angel,,False,2016,1
1340,03/06/2016,Vyome Biosciences,Healthcare,Treatment Development for Antibiotic-resistant diseases,Delhi,Romulus Capital,Private Equity,2000000.0,True,2016,1
1341,06/06/2016,SillyMonks,Media & Entertainment,Digital Media and Entertainment Startup,Hyderabad,Sreenivasa Reddy Musani,Seed/Angel,448000.0,True,2016,1
1342,07/06/2016,CreditVidya,FinTech,Credit Scoring Platform,Mumbai,Kalaari Capital,Private Equity,1000000.0,True,2016,1
1343,07/06/2016,CueMath,EdTech,K-12 Maths Learning Courses,Bengaluru,"Sequoia Capital, Unitus Seed Fund",Private Equity,4000000.0,True,2016,2
1344,07/06/2016,HelpShift,Technology,Mobile CRM Platform,Pune,"Microsoft Ventures, Salesforce Ventures",Private Equity,23000000.0,True,2016,2
1345,07/06/2016,Intgrea,Technology,Post merger Integration Partners,Bengaluru,Undisclosed Investor,Seed/Angel,100000.0,True,2016,1
1346,07/06/2016,KrazyBee,FinTech,Student Micro-Loan platform,Bengaluru,"Fenqile, Yeahmobi",Private Equity,2000000.0,True,2016,2
1347,08/06/2016,6Degree,HR & Jobs,Tech-enabled Fashion Talent platform,Mumbai,Indian Angel Network,Seed/Angel,200000.0,True,2016,1
1348,08/06/2016,Cookifi,Food & Beverage,Online Chef Discovery & Booking Service,Bengaluru,"Amit Rathore, Aneesh Reddy, Krishna Mehra, Kunal Shah, Tracxn Labs, Venkat Tadanki",Seed/Angel,,False,2016,6
1349,08/06/2016,Grey Campus,EdTech,Online Learning Platform,Hyderabad,Sarath Sura,Seed/Angel,1000000.0,True,2016,1
1350,08/06/2016,ListUp,E-commerce,Location based Classified Mobile app,Mumbai,"Kae Capital, Kunal Shah, Sandeep Tandon",Seed/Angel,500000.0,True,2016,3
1351,08/06/2016,MySeniorDoctor,Healthcare,Online medical support platform,Gurugram,BlackJag Partners,Seed/Angel,200000.0,True,2016,1
1352,08/06/2016,Shopwati,E-commerce,Online Fashion Discussion Community,Gurugram,Sanjiv Rai,Seed/Angel,,False,2016,1
1353,08/06/2016,StoreKing,E-commerce,Connecting Small Town Consumers to E-Commerce,Bengaluru,Axiata Digital,Private Equity,16000000.0,True,2016,1
1354,08/06/2016,Wired Hub,Real Estate,Co-Working Spaces,Jaipur,"Anand Singh, Ankit Maheshwari",Seed/Angel,,False,2016,2
1355,09/06/2016,EPayLater,FinTech,Fin-Tech Platform,Mumbai,3 undisclosed HNIs,Seed/Angel,2000000.0,True,2016,1
1356,09/06/2016,ExtraaEdge,EdTech,Student Acquisition Platform,Pune,"Priti Padhy, Ritesh Dwivedy",Seed/Angel,,False,2016,2
1357,09/06/2016,Teabox,E-commerce,Online Tea Store,Siliguri,Cameron Jones,Seed/Angel,,False,2016,1
1358,10/06/2016,Freshee,Retail & Consumer Goods,Household packaging & Storage product manufacturer,Mumbai,Edelweiss Private Equity,Private Equity,,False,2016,1
1359,10/06/2016,Kickstart Jobs,HR & Jobs,Entry level hiring platform,Gurugram,"Amit Banati, Arun Khanna, Mohit Satyanand, Vivek Joshi",Seed/Angel,,False,2016,4
1360,10/06/2016,Kyazoonga,E-commerce,Online event ticketing Platform,Mumbai,Ratan Tata,Seed/Angel,,False,2016,1
1361,10/06/2016,MadRat Games,Gaming,Wearable Gaming Platform,Bengaluru,"Ankit Bhati, Bhavish Aggarwal, Binny Bansal, Girish Mathrubootham, Ratan Tata",Seed/Angel,,False,2016,5
1362,10/06/2016,Paytunes,Consumer Internet,Mobile based rewards platform,Delhi,"CIO Angel Network, Indian Angel Network",Private Equity,500000.0,True,2016,2
1363,11/06/2016,AutoSense,Technology,Data Analytics based Customer Management Services,Delhi,TVS Automobile Solutions Ltd,Private Equity,,False,2016,1
1364,11/06/2016,Jazzmyride,E-commerce,Auto Parts & Accessories eTailer,Delhi,TVS Automobile Solutions Ltd,Private Equity,,False,2016,1
1365,11/06/2016,Redsun Telematics,Consumer Internet,Internet of Things Platform,Chennai,TVS Automobile Solutions Ltd,Private Equity,,False,2016,1
1366,13/06/2016,Bombay Shirt Company,E-commerce,Online custom Shirt retailer,Mumbai,undisclosed investor,Private Equity,1000000.0,True,2016,1
1367,13/06/2016,KhanaGadi,Food & Beverage,Online Food Delivery for Train Travelers,Jaipur,50K Ventures,Seed/Angel,,False,2016,1
1368,13/06/2016,Matrubharti,Media & Entertainment,e-Book Publisher,Unknown,Viridian Capital,Seed/Angel,30000.0,True,2016,1
1369,14/06/2016,Bonhomia,Food & Beverage,Premium Tea & Coffee Capsules maker,Delhi,Valpro Capital,Private Equity,,False,2016,1
1370,14/06/2016,CureJoy,Healthcare,Online Alternative health community platform,Bengaluru,Accel,Private Equity,4400000.0,True,2016,1
1371,14/06/2016,EdTechReview,EdTech,Education based online portal,Delhi,EVC Ventures,Seed/Angel,,False,2016,1
1372,14/06/2016,Gobolt,Logistics,B2B Logistics provider,Delhi,MCube8,Seed/Angel,,False,2016,1
1373,14/06/2016,Jivox,Media & Entertainment,Data Driven Advertising platform,Bengaluru,"Diaz Nesamoney, Fortisure Ventures, Mr Jones, You",Private Equity,6000000.0,True,2016,4
1374,14/06/2016,Sminq,Consumer Internet,Queue management Mobile app,Pune,"Blume Ventures, Saama Capital, Vaibhav Domkundwar",Seed/Angel,1000000.0,True,2016,3
1375,15/06/2016,GrabOnRent,E-commerce,On-demand product rental marketplace,Bengaluru,"IvyCap Ventures, Unicorn India Ventures",Private Equity,,False,2016,2
1376,15/06/2016,Oneway.cab,Mobility,Taxi Rental Platform,Vadodara,Indian Angel Network,Seed/Angel,450000.0,True,2016,1
1377,16/06/2016,Athletto,Consumer Internet,Sports Venue discovery and booking platform,Bengaluru,Atul Ingle,Seed/Angel,,False,2016,1
1378,16/06/2016,Diro Labs,Consumer Internet,Contact Management Mobile App,Delhi,Info Edge (India) Ltd,Private Equity,450000.0,True,2016,1
1379,16/06/2016,Saavn,Media & Entertainment,Web/Mobile Music Streaming service,Unknown,Guy Oseary,Private Equity,,False,2016,1
1380,16/06/2016,ThinkPhi,Technology,Sustainable Green Tech Solution developer,Mumbai,Nimmagadda Prasad,Seed/Angel,,False,2016,1
1381,16/06/2016,Unnati Helpers,HR & Jobs,Help Hiring Platform,Gurugram,Info Edge (India) Ltd,Private Equity,600000.0,True,2016,1
1382,16/06/2016,Voonik,E-commerce,Online Women's Fashion Marketplace,Bengaluru,Sequoia Capital,Private Equity,20000000.0,True,2016,1
1383,17/06/2016,BYG,Healthcare,Fitness centre Discovery & Booking Mobile app,Bengaluru,"Amit Khanna (LetsVenture), Sanjay Verma",Seed/Angel,,False,2016,2
1384,17/06/2016,Cleartax,FinTech,Online Tax Filing Platform,Delhi,"Ravi Adusumalli, SAIF Partners",Private Equity,12000000.0,True,2016,2
1385,17/06/2016,Duffl,E-commerce,Fashion Rental Marketplace,Bengaluru,BetOnIndia Technology Pvt Ltd,Seed/Angel,,False,2016,1
1386,17/06/2016,GreytHR,HR & Jobs,Payroll & HR Software Developer,Bengaluru,"Blume Ventures, New Enterprise Associates (NEA)",Private Equity,5200000.0,True,2016,2
1387,17/06/2016,Silvan,Technology,Home Automation Solutions,Bengaluru,Infuse Ventures,Private Equity,900000.0,True,2016,1
1388,20/06/2016,Dipper,E-commerce,Freight Logistics Marketplace,Delhi,Undisclosed investor,Seed/Angel,,False,2016,1
1389,20/06/2016,Qonfuse,EdTech,Online Test Papers for competitive exams,Delhi,Hamraj Kumar,Seed/Angel,,False,2016,1
1390,20/06/2016,The Indian IRIS,FinTech,Govt Policy Research & Information portal,Ahmedabad,Timbru Ventures,Seed/Angel,,False,2016,1
1391,21/06/2016,Celerix,FinTech,Fintech Product Development & Services Startup,Bengaluru,Bitkemy Ventures,Seed/Angel,400000.0,True,2016,1
1392,21/06/2016,Cleartrip,Travel & Hospitality,Online Travel Agency,Mumbai,"Concur Technologies, Gund Investment",Private Equity,,False,2016,2
1393,21/06/2016,CyclopsMedtech,Healthcare,Medical Technology Provider,Bengaluru,CP Bothra,Seed/Angel,,False,2016,1
1394,21/06/2016,NatureNama,Travel & Hospitality,Online Outdoors & travel,Mumbai,Unicorn Venture,Seed/Angel,225000.0,True,2016,1
1395,21/06/2016,Onspoon,Consumer Internet,Online Platform for Event Sponsorship,Mumbai,Swan Angel Network,Seed/Angel,150000.0,True,2016,1
1396,21/06/2016,PrettySecrets,E-commerce,Women Lingerie Store,Mumbai,"Orios Venture Partners, RB Investments PTE Ltd",Private Equity,6000000.0,True,2016,2
1397,21/06/2016,ProcMart,E-commerce,Online Procurement Marketplace,Noida,IndiaMart,Private Equity,,False,2016,1
1398,21/06/2016,REstate,Real Estate,Real Estate Platform,Bengaluru,Idein Ventures,Seed/Angel,,False,2016,1
1399,21/06/2016,Syona Cosmetics,Retail & Consumer Goods,Beauty Products & Training to Salons & Spas,Chennai,The Chennai Angels,Seed/Angel,150000.0,True,2016,1
1400,22/06/2016,SpiderG,Consumer Internet,Online invoice app for SMEs,Pune,"Adi Saravanan, Fusion Tech Ventures, Mahendra Doshi, Pravin Dongre, Rahul Kirloskar",Seed/Angel,150000.0,True,2016,5
1401,23/06/2016,FarEye,Logistics,Logistics Management Software,Delhi,Saif Partners,Private Equity,3500000.0,True,2016,1
1402,23/06/2016,Padhopadhao,EdTech,Home Tutors search & Discovery,Delhi,Rise India,Private Equity,,False,2016,1
1403,23/06/2016,Staqu,Technology,Artificial Intelligence based search platform,Gurugram,Indian Angel Network,Seed/Angel,,False,2016,1
1404,23/06/2016,The Uolo,EdTech,School Parent Communication App,Bengaluru,"Purvi Ventures, Rajul Garg, Vipin Arora",Seed/Angel,210000.0,True,2016,3
1405,24/06/2016,Drivify,Consumer Internet,Professional Driver discovery & Booking Mobile app,Mumbai,"Jitendra Gupta, Pankaj Tripathi",Seed/Angel,50000.0,True,2016,2
1406,24/06/2016,KabadiExpress,Other,Free Door Step Scrap Pickup Service,Delhi,Undisclosed investor,Seed/Angel,148000.0,True,2016,1
1407,24/06/2016,Leap India,Logistics,Supply Chain Equipment & Services provider,Mumbai,Mayfield Ventures,Private Equity,3000000.0,True,2016,1
1408,24/06/2016,ParaBlu,Technology,Cloud Data Security & Privacy Solutions,Bengaluru,Kalaari Capital,Seed/Angel,500000.0,True,2016,1
1409,24/06/2016,Pratilipi,Media & Entertainment,Multi-Lingual self-publishing platform,Bengaluru,Nexus Venture Partners,Seed/Angel,,False,2016,1
1410,24/06/2016,Schedulers Logistics,Logistics,Cold Storage Logistics solutions,Mumbai,GVFL,Private Equity,6000000.0,True,2016,1
1411,27/06/2016,Gomalon,Consumer Internet,Online Spa & Salon discovery & Booking platform,Bengaluru,Undisclosed investor,Seed/Angel,100000.0,True,2016,1
1412,27/06/2016,Travelyaari,Consumer Internet,Online ticket booking platform,Bengaluru,GVFL Ltd,Private Equity,3000000.0,True,2016,1
1413,27/06/2016,Voler Cars,Mobility,Self-Driven Car rental platform,Delhi,"Amit Banka, Kanodia family",Seed/Angel,,False,2016,2
1414,27/06/2016,YourDost,EdTech,Online counselling & Personal coaching platform,Bengaluru,"Aprameya Radhakrishnan, Gaurav Bhalotia, Paula Ravindra Mariwala, Phanindra Sama, SAIF Partners, Subba Rao Telidevara, Vibhu Garg",Seed/Angel,1200000.0,True,2016,7
1415,28/06/2016,BlogBeats,Media & Entertainment,Online Blogging Platform,Bengaluru,Undisclosed Investor,Seed/Angel,,False,2016,1
1416,28/06/2016,FabHotels,Travel & Hospitality,Online Hotel aggregator & Booking platform,Gurugram,"Accel, RB Investments",Private Equity,8000000.0,True,2016,2
1417,28/06/2016,Hello Tax,FinTech,Online Tax Filing Platform,Delhi,Sanjeev Sinha,Seed/Angel,295000.0,True,2016,1
1418,28/06/2016,Lendingkart,FinTech,Online Working Capital Business Loans Platform,Ahmedabad,"Bertelsmann India Investments, India Quotient, Mayfield India, Saama Capital",Private Equity,32000000.0,True,2016,4
1419,28/06/2016,MySuperBrain,HR & Jobs,Online Talent Discovery Platform for Kids,Hyderabad,Soniks Consulting,Seed/Angel,,False,2016,1
1420,29/06/2016,ImpactGuru,FinTech,Crowdfunding Platform,Mumbai,Piyush Jain,Seed/Angel,,False,2016,1
1421,29/06/2016,LetReach,E-commerce,ECommerce SAAS Solutions,Delhi,vCommission,Private Equity,100000.0,True,2016,1
1422,29/06/2016,TrendieApp,Media & Entertainment,Visual Content Marketing,Kolkata,Harsh Vardhan Hada,Seed/Angel,50000.0,True,2016,1
1423,29/06/2016,Velvetcase,E-commerce,Online designer jewellery marketplace,Mumbai,"S Somasegar, TV Mohandas Pai, Uniqorn Ventures Fund",Private Equity,1500000.0,True,2016,3
1424,30/06/2016,Biryani Blues,Food & Beverage,QSR Chain,Gurugram,Carpediem Capital,Private Equity,368000.0,True,2016,1
1425,30/06/2016,Campus Diaries,EdTech,Student focussed Content Discovery portal,Bengaluru,Aarin Capital,Seed/Angel,220000.0,True,2016,1
1426,30/06/2016,Meru Cabs,FinTech,Online/ Mobile Tax Cab booking,Mumbai,Brand Capital,Private Equity,25000000.0,True,2016,1
1427,30/06/2016,Scripbox,FinTech,Online Mutual Fund Investment platform,Bengaluru,"Accel Partners & existing investors, Omidyar Network",Private Equity,,False,2016,2
1428,01/07/2016,DarwinBox,HR & Jobs,HR Software Services Startup,Hyderabad,"3one4 Capital, Aaruha Technology Fund, Endiya Partners, Tracxn Labs",Seed/Angel,,False,2016,4
1429,01/07/2016,PressPlay,Media & Entertainment,Video Content Discovery Platform,Delhi,"SD Ventures, Sequoia Capital, Vistaar Investment Advisors Pvt. Ltd",Private Equity,,False,2016,3
1430,01/07/2016,Razorpay,FinTech,Online Payment Gateway,Bengaluru,MasterCard,Private Equity,,False,2016,1
1431,01/07/2016,Venture Catalysts,FinTech,Seed Investment & Innovation Platform,Mumbai,Zaffiro Ventures,Seed/Angel,500000.0,True,2016,1
1432,02/07/2016,Playment,FinTech,Mobile Marketplace for Crowdsourced Work,Bengaluru,SAIF Partners,Private Equity,700000.0,True,2016,1
1433,04/07/2016,CureFit,Healthcare,Online Preventive Healthcare Platform,Bengaluru,"Accel, IDG Ventures, Kalaari Capital",Private Equity,15000000.0,True,2016,3
1434,04/07/2016,Fulfil.IO,Consumer Internet,Cloud Based ERP Software,Unknown,Rajan Anandan,Seed/Angel,,False,2016,1
1435,04/07/2016,Grab,Logistics,hyperlocal logistics service,Mumbai,Aramex Ventures Llc,Private Equity,2000000.0,True,2016,1
1436,04/07/2016,NeoGrowth,FinTech,SME Lending platform,Mumbai,"Aspada, IIFL Wealth Management Seed Venture Fund, Khosla Impact, Omidyar Network",Private Equity,16000000.0,True,2016,4
1437,04/07/2016,StitchWood,E-commerce,Custom Furniture Online,Mumbai,Deepak Gupta,Seed/Angel,200000.0,True,2016,1
1438,04/07/2016,WealthTrust,FinTech,Wealth Management App,Mumbai,India Quotient,Seed/Angel,,False,2016,1
1439,05/07/2016,BookMyShow,Media & Entertainment,Event & Movie Ticketing platform,Mumbai,"Accel, Network 18, SAIF Partners, Stripes Group",Private Equity,82000000.0,True,2016,4
1440,05/07/2016,Flyrobe,E-commerce,Online fashion rental platform,Mumbai,"Abhishek Jain, Kunal Bahl, Kunal Shah, Rohit Bansal, Sandeep Tandon, Sequoia Capital, Zishaan Hayath",Seed/Angel,1700000.0,True,2016,7
1441,05/07/2016,SeeDoc,Healthcare,Video Based Doctor Consulting platform App,Gurugram,YourNest Angel Fund,Private Equity,1000000.0,True,2016,1
1442,06/07/2016,Don't Scratch Your Head,Technology,Full Stack Offline & Online ERP Solution,Ahmedabad,"Gaurav Singhvi, Zaffiro Ventures",Seed/Angel,250000.0,True,2016,2
1443,06/07/2016,HappilyUnmarried,E-commerce,Online Merchandize etailer,Delhi,Info Edge (India) Ltd,Private Equity,740000.0,True,2016,1
1444,06/07/2016,Wedding Wishlist,Consumer Internet,"Wedding Wishlist, Gifts & Registry Creation platform",Chennai,"Cherry Tin, Kirthiga Reddy, Renuka Ramanath",Seed/Angel,297000.0,True,2016,3
1445,07/07/2016,Adytude,Consumer Internet,Gamified Consumer Insights Portal,Delhi,Indian Angel Network,Private Equity,1000000.0,True,2016,1
1446,07/07/2016,AppDaily,Technology,Mobile Security App development & Distribution,Mumbai,"Kalaari Capital, Qualcomm Ventures, Zodius Technology Opportunities Fund, ru-Net",Private Equity,2000000.0,True,2016,4
1447,07/07/2016,Quickli,Logistics,On-Demand Delivery Startup,Gurugram,"500 Startups, AVG Group",Private Equity,,False,2016,2
1448,07/07/2016,SpectraVR,Media & Entertainment,Virtual Reality Content Studio,Mumbai,Rothenberg Ventures,Seed/Angel,,False,2016,1
1449,08/07/2016,HolaChef,Food & Beverage,Online Food Ordering & Delivery Platform,Mumbai,"India Quotient, Kalaari Capital",Private Equity,1950000.0,True,2016,2
1450,08/07/2016,Pitstop,Mobility,Online Car Repair and Servicing Booking platform,Bengaluru,"Alex Chua, Rahul Garg",Seed/Angel,,False,2016,2
1451,11/07/2016,Overcart,E-commerce,Unboxed & refurbished electronic products marketplace,Gurugram,"JSW Ventures, Omidyar Network, Sattva Capital, Venture Works",Private Equity,3000000.0,True,2016,4
1452,11/07/2016,Purplle,E-commerce,Beauty Products Marketplace,Mumbai,"Blume Ventures, IvyCap Ventures, JSW Ventures",Private Equity,6000000.0,True,2016,3
1453,11/07/2016,Trak N Tell,Mobility,Car Tracking & Safety System,Gurugram,Brian Acton,Private Equity,3500000.0,True,2016,1
1454,12/07/2016,Find My Stay,Travel & Hospitality,Online Budget Hotel Aggregator & Booking Platform,Delhi,"Rishi Parti, Yogesh Bansal",Seed/Angel,,False,2016,2
1455,12/07/2016,GyanDhan,FinTech,Education Focused Financing Platform,Delhi,"Entrepreneurs, Harvard Angels, Stanford Angels",Seed/Angel,,False,2016,3
1456,12/07/2016,HitGrit,Consumer Internet,Online Legal Consultation platform,Chandigarh,"Ashish Mahajan, Sarvesh Sharma",Seed/Angel,,False,2016,2
1457,12/07/2016,MintM,Media & Entertainment,Digital Marketing & AdTech Platform,Bengaluru,"Mumbai Angels, Times Internet",Private Equity,,False,2016,2
1458,12/07/2016,SirionLabs,Technology,SAAS based Service Agreement Management,Gurugram,Sequoia Capital,Private Equity,12250000.0,True,2016,1
1459,13/07/2016,CityFurnish,Real Estate,Online Furniture Renting Platform,Gurugram,Brand Capital,Seed/Angel,,False,2016,1
1460,13/07/2016,HEAL Institute,Healthcare,Sports Focused Healthcare Startup,Mumbai,"Jaspal Bindra, Parth Jindal",Seed/Angel,,False,2016,2
1461,13/07/2016,RentMojo,Real Estate,Online Furniture Renting Platform,Bengaluru,"Accel, IDG Ventures India",Private Equity,5000000.0,True,2016,2
1462,13/07/2016,ShareChat,Media & Entertainment,Vernacular Language Content Creation & Sharing App,Bengaluru,"India Quotient, SAIF Partners",Private Equity,1350000.0,True,2016,2
1463,13/07/2016,Twigly,Food & Beverage,Online Food Ordering & Delivery Startup,Gurugram,"Gaurav Bhalotia, Hyderabad Angels, Kunal Shah, Tracxn Labs",Seed/Angel,600000.0,True,2016,4
1464,13/07/2016,Urban Tailor,E-commerce,E-Tailoring service provider,Bengaluru,Unitus Seed Fund,Private Equity,,False,2016,1
1465,13/07/2016,Utoo Cabs,Mobility,Cab aggregation & Rental platform,Chennai,Ajay Piramal,Seed/Angel,,False,2016,1
1466,13/07/2016,YAAP,Media & Entertainment,"Online Content Discovery, Creation & Distribution Platform",Delhi,Rainmaker Ventures,Private Equity,5000000.0,True,2016,1
1467,14/07/2016,Augrav,E-commerce,Personalized precious Jewellery etailer,Coimbatore,Keiretsu Forum,Seed/Angel,450000.0,True,2016,1
1468,14/07/2016,ShoppinPal,E-commerce,M-Commerce Solutions for Retail Stores,Pune,"Play Tech Center, Plug, Steelhead Ventures",Private Equity,1070000.0,True,2016,3
1469,14/07/2016,TransTutors / AskIITians,EdTech,Online Education & Tutoring portals,Delhi,500 Startups,Private Equity,,False,2016,1
1470,15/07/2016,BaggOut,E-commerce,Women's Fashion etailer,Delhi,"Anurag Gupta, Faraz Khan, Sumit Jain, Varun Khanna",Seed/Angel,,False,2016,4
1471,15/07/2016,Ridlr,Mobility,Public Transport Mobile App,Mumbai,"Innoven Capital, Matrix Partners India, Qualcomm Ventures, Times Internet",Private Equity,6000000.0,True,2016,4
1472,15/07/2016,Satvacart,E-commerce,Online Grocers,Delhi,"Abhijit Avasthi, Karan Chellani, SP Vijay",Seed/Angel,,False,2016,3
1473,15/07/2016,TripShelf,E-commerce,Travel Package Marketplace,Delhi,GEMS group,Seed/Angel,250000.0,True,2016,1
1474,15/07/2016,WorkApps,Technology,Enterprise Work Management Software,Pune,SRI Capital,Seed/Angel,1000000.0,True,2016,1
1475,18/07/2016,BlueStone,E-commerce,Jewellery Etailer,Mumbai,"Accel, IIFL, IvyCap Ventures, Kalaari Capital, RB Investments",Private Equity,30000000.0,True,2016,5
1476,18/07/2016,ImageProVision,Technology,Image Analysis Solutions,Pune,Satish Jamdar,Seed/Angel,,False,2016,1
1477,18/07/2016,underDOGS,Gaming,Game Development Startup,Mumbai,Intelli Reboot Digital Pvt. Ltd,Private Equity,,False,2016,1
1478,18/07/2016,Yellowdig,EdTech,Online Learning Platform,Pune,SRI Capital,Seed/Angel,650000.0,True,2016,1
1479,18/07/2016,Zuppler,Food & Beverage,Online Food Ordering platform,Delhi,SRI Capital,Seed/Angel,650000.0,True,2016,1
1480,19/07/2016,AppLop,Consumer Internet,Mobile Apps SaaS Platform,Gurugram,Green House Ventures Accelerator,Seed/Angel,250000.0,True,2016,1
1481,19/07/2016,Deal 4Loans,FinTech,Loans Comparison platform,Noida,Franklin Templeton International Services Pvt. Ltd,Private Equity,15000000.0,True,2016,1
1482,19/07/2016,NiYO Solutions,Technology,Payroll & Benefits Software solutions,Bengaluru,Prime Venture Partners,Private Equity,1000000.0,True,2016,1
1483,19/07/2016,Sagacito,Technology,Cloud-Based Enterprise Solutions,Delhi,Star India Pvt. Ltd,Private Equity,10000000.0,True,2016,1
1484,20/07/2016,iServe Financial,FinTech,Loan Comparison & Deals platform,Pune,Nilesh Shah,Seed/Angel,,False,2016,1
1485,20/07/2016,Truckola,Logistics,Tech-focused cargo transport startup,Mumbai,"Abhishek Agarwal, Krishnakumar Nataraj, Nihit Agarwal, Sarath Sura, Sarthak, Shanti Mohan, Suramya Gupta",Seed/Angel,595000.0,True,2016,7
1486,21/07/2016,AbeRuk,E-commerce,Online Marketplace for books,Bengaluru,Swastika Company Pvt Ltd,Seed/Angel,,False,2016,1
1487,21/07/2016,Drums Food,Food & Beverage,Yogurt and Ice Cream maker,Mumbai,"DSG Consumer Partners, Verlinvest",Private Equity,6600000.0,True,2016,2
1488,21/07/2016,MyTaxiIndia,Mobility,Online Car rental booking platform,Delhi,Nihon Kotsu Co,Private Equity,1000000.0,True,2016,1
1489,21/07/2016,Wiwigo,Mobility,Inter-City Taxi Booking platform,Bengaluru,Indian Angel Network,Seed/Angel,595000.0,True,2016,1
1490,22/07/2016,SimplyMoveIn,E-commerce,online marketplace for curated rental properties,Bengaluru,Swastika Company Ltd,Seed/Angel,,False,2016,1
1491,22/07/2016,Skrilo,Media & Entertainment,Mobile Marketing & Rewards Platform,Gurugram,"Anuj Srivastava, Arvind Tiku",Seed/Angel,1500000.0,True,2016,2
1492,22/07/2016,Treebo,Travel & Hospitality,Budget Hotel Aggregator & Booking platform,Bengaluru,"Bertelsmann India Investments, Matrix Partners India, SAIF Partners",Private Equity,16700000.0,True,2016,3
1493,22/07/2016,UrDoorStep,Food & Beverage,On-demand Grocery delivery portal,Bengaluru,CP Murali,Seed/Angel,300000.0,True,2016,1
1494,25/07/2016,10i Commerce Services,E-commerce,ECommerce Technology Solutions,Bengaluru,Nandan Nilekani,Seed/Angel,,False,2016,1
1495,25/07/2016,Lucideus,Technology,Cyber Security Solutions,Delhi,Sanjay Baweja,Seed/Angel,,False,2016,1
1496,25/07/2016,QDesk,Consumer Internet,Online Workspace provider,Delhi,"Ankush Nijhawan, Anuraag Jaipuria, Dheeraj Jain, Gaurav Bhatnagar, Manish Dhingra, Rishi Kajaria, Ruchirans Jaipuria",Seed/Angel,,False,2016,7
1497,25/07/2016,QwikCilver,Consumer Internet,Gift Card Services Provider,Bengaluru,"Accel India, Amazon Asia-Pacific, Helion Venture Partners, Sistema Asia Fund",Private Equity,10000000.0,True,2016,4
1498,26/07/2016,Big Deal,EdTech,Student Deals Discovery Platform,Delhi,EVC Ventures,Seed/Angel,100000.0,True,2016,1
1499,26/07/2016,e27,Media & Entertainment,Online Tech Media Portal,Singapore,TechTemple Group,Private Equity,2200000.0,True,2016,1
1500,26/07/2016,WakoW,Media & Entertainment,Hyperlocal Interest based Mobile Social Network,Delhi,Undisclosed Investor,Seed/Angel,141000.0,True,2016,1
1501,26/07/2016,Zoomcar,Mobility,Self Driver Car Rentals,Bengaluru,"Ford Motor Company, Reliance Ventures, Sequoia Capital",Private Equity,25000000.0,True,2016,3
1502,27/07/2016,Byndr,EdTech,Mobile learning management platform,Hyderabad,Education Design Studio,Seed/Angel,700000.0,True,2016,1
1503,27/07/2016,iStyleYou,E-commerce,Online Fashion Styling & Chat app,Gurugram,Rannvijay Singh,Seed/Angel,,False,2016,1
1504,27/07/2016,Mezi,E-commerce,AI based personal Shopping Assistant,San Francisco,"American Express Ventures, Nexus Venture Partners, Saama Capital",Private Equity,9000000.0,True,2016,3
1505,27/07/2016,Square Plums,Travel & Hospitality,Shared Accommodation Discovery platform,Bengaluru,Indian Angel Network,Seed/Angel,446000.0,True,2016,1
1506,28/07/2016,MaxWholesale,E-commerce,B2B Wholesale Marketplace,Delhi,"Abhinav Grover, Maple Capital Advisors",Seed/Angel,150000.0,True,2016,2
1507,28/07/2016,Modasta,Healthcare,Multi-lingual health content portal,Bengaluru,Undisclosed HNIs,Seed/Angel,1500000.0,True,2016,1
1508,28/07/2016,Neuron,EdTech,Machine Learning Platform,Delhi,"Harvinder Singh Bhatia, TLabs Accelerator",Seed/Angel,200000.0,True,2016,2
1509,28/07/2016,Tiyo,Healthcare,Doctor Discovery & healthcare info platform,Kolkata,"Ajith Nair, Anish K",Seed/Angel,120000.0,True,2016,2
1510,29/07/2016,Appsay,Consumer Internet,Customer Engagement Platform,Pune,"Mayank Shah, Shreyans Shah",Seed/Angel,150000.0,True,2016,2
1511,29/07/2016,GoCoop,E-commerce,Social Marketplace for Cooperative Enterprises,Bengaluru,"Kris Gopalakrishnan, Saha Fund",Private Equity,830000.0,True,2016,2
1512,29/07/2016,HelloDhobi,Consumer Internet,On-Demand Laundry & Dry cleaning Services,Pune,Swastika Company Ltd,Seed/Angel,,False,2016,1
1513,29/07/2016,Lemon Leaf,Logistics,Fresh Fruit and Vegetable Supply Chain Tech Builder,Delhi,"Saurabh Sahni, Tushar Gupta",Seed/Angel,133000.0,True,2016,2
1514,01/08/2016,HealthKart,E-commerce,Online Pharmacy & Health Marketplace,Gurugram,"Kae Capital, Omidyar Network, Sequoia Capital",Private Equity,12000000.0,True,2016,3
1515,01/08/2016,Medinfi,Healthcare,Doctor & Clinic Discovery Platform,Bengaluru,"Evan Lim, Mudit Saxena",Seed/Angel,200000.0,True,2016,2
1516,01/08/2016,RepairEasy,Consumer Internet,Gadget Repair Services Platform,Pune,Undisclosed HNIs,Seed/Angel,275000.0,True,2016,1
1517,01/08/2016,Tokri,Food & Beverage,Hyperlocal Grocery Delivery platform,Pune,Syska LED group,Private Equity,2500000.0,True,2016,1
1518,01/08/2016,Voonik,E-commerce,Online Women's Fashion Marketplace,Bengaluru,InnoVen Capital,Private Equity,3000000.0,True,2016,1
1519,02/08/2016,Daily Ninja,Logistics,Hyperlocal daily needs Products delivery platform,Bengaluru,"Anupam Mittal, Aprameya Radhakrishna, Kunal Shah, Ravi Garkipati, Subramanya SV, Tracxn Labs, Venk Krishnan",Seed/Angel,,False,2016,7
1520,02/08/2016,Sheroes,HR & Jobs,Online Job and Career Platform for Women,Noida,"Lumis Partners, Quintillion Media, Rajul Garg, The HR Fund",Private Equity,1800000.0,True,2016,4
1521,02/08/2016,Yumlane,Food & Beverage,Retail Food & Snack Offline centres,Mumbai,"Anupam Mittal, Binny Bansal, Darius Pandole, Dheerag Jain, Kunal Khattar, Sachin Bhatia",Seed/Angel,1000000.0,True,2016,6
1522,03/08/2016,ExtraCarbon,Energy & CleanTech,Waste Recycle Management platform,Gurugram,Brand Capital,Seed/Angel,225000.0,True,2016,1
1523,03/08/2016,FlickBay,Consumer Internet,Mobile Based Bollywood Discovery platform,Mumbai,Paul Roy,Seed/Angel,890000.0,True,2016,1
1524,03/08/2016,Xcode,Healthcare,Personal Genomics,Chennai,RoundGlass Partners,Private Equity,,False,2016,1
1525,04/08/2016,lehlehsports,Other,Sports Arena discovery,Delhi,Anglian Omega Network,Seed/Angel,,False,2016,1
1526,05/08/2016,Tricog,Healthcare,Healthcare Analytics Platform,Bengaluru,"Blume Ventures, Inventus Capital Partners",Private Equity,,False,2016,2
1527,06/08/2016,VST Travels,Travel & Hospitality,Travel Ticket Booking Software,Unknown,Promatus Group,Seed/Angel,27000.0,True,2016,1
1528,08/08/2016,AdPushUp,Technology,Ad optimization Platform,Delhi,"Geniee, Inc, Purvi Capital",Private Equity,,False,2016,3
1529,08/08/2016,Wefly Indoor Skydiving,Other,Indoor Skydiving Sports Provider,Mumbai,Swastika Company Ltd,Seed/Angel,40000.0,True,2016,1
1530,08/08/2016,ZipGrid,Media & Entertainment,Community services platform,Mumbai,1Crowd (through crowd funding),Seed/Angel,200000.0,True,2016,1
1531,09/08/2016,MobiDent,Healthcare,Dental Protection Solution,Bengaluru,"Centre for Innovation Incubation, Entrepreneurship (CIIE)",Seed/Angel,,False,2016,2
1532,09/08/2016,Zeolr/RespirON,Healthcare,Healthcare related IoT platform,Delhi,"Centre for Innovation Incubation, Entrepreneurship (CIIE)",Seed/Angel,,False,2016,2
1533,10/08/2016,Bombay Shaving Company,E-commerce,Men's Grooming Product etailer,Delhi,"Kiran Deshpande, Noshir Kaka, Pankaj Gupta, Ravi Nigam, Subramanian Ramadorai",Seed/Angel,600000.0,True,2016,5
1534,10/08/2016,Vebbler,Media & Entertainment,Photo Sharing Mobile App,Bengaluru,"Anupam Mittal, Sharad Sharma & 14",Seed/Angel,500000.0,True,2016,2
1535,11/08/2016,91SpringBoard,Real Estate,Co-Working Spaces Discovery & Booking platform,Mumbai,"Deepak Sharma, Khattar Holdings, Soumitra Sharma, Sumit Dayal, ThirtyThree Investments",Private Equity,,False,2016,5
1536,11/08/2016,Genextstudents,EdTech,Online Tutoring Service provider,Mumbai,1Crowd (through crowdfunding),Seed/Angel,209000.0,True,2016,1
1537,11/08/2016,Travelyaari,Consumer Internet,Online ticket booking platform,Bengaluru,"Bennett Coleman, Co. Ltd, Gujarat Venture Finance Limited (GVFL)",Private Equity,7000000.0,True,2016,3
1538,11/08/2016,Zenoti,Technology,Cloud Based Software Solutions Provider,Hyderabad,"Accel India, Norwest Venture Partners",Private Equity,15000000.0,True,2016,2
1539,12/08/2016,CroFarm,AgriTech,Agri-Tech supply chain Solution provider,Gurugram,"Himanshu Aggrawal, Mukul Singhal, Rohit Jain, Sunil Goyal Ashish Gupta",Private Equity,1500000.0,True,2016,4
1540,12/08/2016,Faircent,FinTech,peer-to-peer lending platform,Gurugram,Brand Capital,Private Equity,1500000.0,True,2016,1
1541,12/08/2016,Funcastic,Consumer Internet,B2C vernacular podcast aggregator platform,Delhi,"HT Media Ltd, North Base Media",Seed/Angel,,False,2016,2
1542,12/08/2016,Innovaccer,Technology,Integrated Enterprise Analytics Platform,Noida,Westbridge Capital Partners,Private Equity,15600000.0,True,2016,1
1543,15/08/2016,Buttercups,E-commerce,Women Intimate Wear eTailer,Bengaluru,"Anand Chandrasekaran, Kanwaljit Singh, Manoj Varghese",Seed/Angel,,False,2016,3
1544,16/08/2016,Gradopedia,HR & Jobs,Career progression Portal,Mumbai,Undisclosed Dubai based HNIs,Seed/Angel,,False,2016,1
1545,16/08/2016,Hike,Media & Entertainment,Mobile Messaging App,Delhi,"Bharti Enterprises, Foxconn Technology Group, SoftBank, Tencent Holdings, Tiger Global",Private Equity,175000000.0,True,2016,5
1546,16/08/2016,Joolz,E-commerce,Online Jewellery Store,Mumbai,"M&S Partners, Powerhouse Ventures",Private Equity,500000.0,True,2016,2
1547,16/08/2016,Makkajai,EdTech,Online & Mobile learning for kids,Pune,"Anand Chandrasekaran, Ananth Narayanan, Divyesh Shah, Mekin Maheshwari, Ravi Garikipati, Swastika Company Ltd",Seed/Angel,250000.0,True,2016,6
1548,16/08/2016,OYO Rooms,Travel & Hospitality,Budget Hotels Aggregator,Delhi,SoftBank,Private Equity,62000000.0,True,2016,1
1549,16/08/2016,SaleBhai,E-commerce,"Sweets, Dry Fruits & Handicrafts etailer",Ahmedabad,Brand Capital,Private Equity,1500000.0,True,2016,1
1550,16/08/2016,Zappfresh,E-commerce,Raw Meat Products eTailer,Gurugram,Ashvin Chadha,Seed/Angel,,False,2016,1
1551,17/08/2016,Appknox,Technology,Mobile security solutions,Bengaluru,"Accel Partners RNT Associates, Infocomm Investments, SeedPlus",Private Equity,675000.0,True,2016,3
1552,17/08/2016,MaalGaadi,Logistics,Online Logistics Marketplace,Indore,"Sachin Khandelwal, Swan Angel Network",Seed/Angel,375000.0,True,2016,2
1553,17/08/2016,Pikkol,Logistics,Packers & Movers,Bengaluru,Indian Angel Network,Seed/Angel,,False,2016,1
1554,17/08/2016,ZiPi,Media & Entertainment,Mobile Chatbot App,Bengaluru,Swan Angel Network,Seed/Angel,,False,2016,1
1555,18/08/2016,Meesho,E-commerce,Mobile based eCommerce SAAS platform,Bengaluru,"Kashyap Deorah, Maninder Gulati, Rajul Garg",Seed/Angel,,False,2016,3
1556,18/08/2016,Sesame Software,FinTech,Financial Technology Solutions Provider,Kozhikode,Speridian Technologies,Private Equity,,False,2016,1
1557,19/08/2016,Digio,Technology,Aadhar based Document Signing platform,Bengaluru,Rainmatter,Private Equity,375000.0,True,2016,1
1558,19/08/2016,Quikr,E-commerce,Classified Listings platform,Mumbai,Brand Capital,Private Equity,20000000.0,True,2016,1
1559,19/08/2016,Ziffity,E-commerce,Full Service Ecommerce Agency,Chennai,Aspire Systems,Private Equity,,False,2016,1
1560,22/08/2016,Fitternity,Healthcare,Fitness Gym & Services Discovery platform,Mumbai,"Exfinity Venture Partners, Saha Fund",Private Equity,,False,2016,2
1561,22/08/2016,Puro Wellness,Healthcare,"Organic, Natural Food substitute manufacturer",Mumbai,Torrent Group,Private Equity,37000000.0,True,2016,1
1562,22/08/2016,Zzungry,Food & Beverage,Food Delivery platform,Bengaluru,"Madhusudhan Jujare, Satish Vasudeva",Seed/Angel,,False,2016,2
1563,23/08/2016,NearU,E-commerce,Marketing app for retailers,Mumbai,Dr. Goutam Challagalla,Seed/Angel,,False,2016,1
1564,23/08/2016,Notesgen,Consumer Internet,Online Notes Sharing Portal,Delhi,"Kamal Chabra, Riju Gupta",Seed/Angel,100000.0,True,2016,2
1565,23/08/2016,Octo.ai,Media & Entertainment,Artificial Intelligence based marketing platform,Delhi,"Arjun Malhotra, Jaspreet Bindra, Outbox Ventures, Rakesh Agrawal, Rohan Malhotra, Sidharth Rao",Seed/Angel,200000.0,True,2016,6
1566,23/08/2016,TAC Security,Technology,Cyber-Security Solutions Provider,Delhi,Vijay Kedia,Seed/Angel,,False,2016,1
1567,24/08/2016,Advenio,Healthcare,Clinical Imaging Solution Provider,Chandigarh,Kalaari Capital,Seed/Angel,100000.0,True,2016,1
1568,24/08/2016,Beyond Evolution,Technology,Mobile Apps & Tech Services provider,Gurugram,"Kamal Puri, Vineet Taneja",Seed/Angel,,False,2016,2
1569,24/08/2016,Convegenius,EdTech,Edutainment platform,Noida,"Michael, Susan Dell Foundation",Private Equity,900000.0,True,2016,2
1570,24/08/2016,enCashea,Energy & CleanTech,Scrap Collection and Recycling platform,Bengaluru,"Kunal Shah, Sandeep Tandon, Tracxn Labs",Seed/Angel,,False,2016,3
1571,24/08/2016,Guarented,E-commerce,Home Furnishing rental marketplace,Bengaluru,Kalaari Capital,Seed/Angel,500000.0,True,2016,1
1572,24/08/2016,ShaadiSaga,Consumer Internet,Wedding Website Creator,Delhi,"Anupam Mittal, Dheeraj Jain, Kunal Shah, Rohit Chokhani, Sandeep Tandon, ah! Ventures",Seed/Angel,,False,2016,6
1573,24/08/2016,Uber Dreams,E-commerce,Dreams fulfilling marketplace,Mumbai,Mohit Lalvani,Seed/Angel,500000.0,True,2016,1
1574,24/08/2016,UnaAcademy,EdTech,Free Interactive education platform,Bengaluru,"Ashish Tulsian, Binny Bansal, Blume Ventures, Kunal Shah, Sachin Bansal, Sandeep Tandon, Vijay Shekhar Sharma",Private Equity,1000000.0,True,2016,7
1575,24/08/2016,Urban Ladder,E-commerce,Online Furniture Store,Mumbai,Trifecta Capital,Private Equity,3000000.0,True,2016,1
1576,25/08/2016,Cult,Healthcare,Health and Fitness Centres,Bengaluru,CureFit,Private Equity,3000000.0,True,2016,1
1577,25/08/2016,EngineerBabu,Technology,Mobile App & Web Development company,Indore,Scale Ventures,Seed/Angel,,False,2016,1
1578,25/08/2016,NearFox,Media & Entertainment,Local Lifestyle Content and Discovery Platform,Mumbai,"Arpan Nagdeve, Devendra Rane, Globevestor Angel Fund, Ravi Jain",Seed/Angel,,False,2016,4
1579,25/08/2016,WitWorks,Technology,Consumer IoT Startup,Bengaluru,"Abhinav Sinha, Anupam Mittal, Fireside Ventures, Investopad, Maninder Gulati, P39 Capital, Pranay Jivrajka",Seed/Angel,,False,2016,7
1580,25/08/2016,Zoomcar,Mobility,Self-driven car booking platform,Bengaluru,Ford Smart Mobility Llc,Private Equity,24000000.0,True,2016,1
1581,26/08/2016,CrownIt,E-commerce,Cashback Mobile app,Gurugram,"Anand Chandrasekaran, Girish Mathrubootham, Kunal Shah, Sandeep Tandon",Seed/Angel,,False,2016,4
1582,26/08/2016,Mobikwik,FinTech,Digital Wallet platform,Gurugram,Net1 UEPS Technologies Inc,Private Equity,40000000.0,True,2016,1
1583,26/08/2016,MyDidi,Consumer Internet,"on-demand, hyper-local Cleaning services provider",Mumbai,"Partners, Undisclosed Ex Mckinsey Directors",Seed/Angel,550000.0,True,2016,2
1584,26/08/2016,Plix,Media & Entertainment,Photo and Video Sharing App,Gurugram,Instalabs,Seed/Angel,500000.0,True,2016,1
1585,29/08/2016,LivSpace,Real Estate,Online portal for Home Design,Bengaluru,"Bessemer Venture Partners, Helion Ventures, Jungle Ventures",Private Equity,15000000.0,True,2016,3
1586,29/08/2016,Loantap,FinTech,Lending platform for Salaried professionals,Mumbai,"Dr. Abhishek Pandey, Jaysukh Sapra",Private Equity,3000000.0,True,2016,2
1587,29/08/2016,Notion Press,Media & Entertainment,Self-Publishing books platform,Chennai,Undisclosed HNI investors,Private Equity,1000000.0,True,2016,1
1588,29/08/2016,Runnr,Logistics,hyperlocal Logistics services provider,Bengaluru,"Blume Ventures, Nexus Venture Partners",Private Equity,7000000.0,True,2016,2
1589,29/08/2016,Zolo,HR & Jobs,on-demand online talent marketplace,Noida,Hitouch AG,Private Equity,,False,2016,1
1590,30/08/2016,Canvera,Media & Entertainment,Photographer Discovery & Information platform,Bengaluru,Info Edge (India) Ltd,Private Equity,3000000.0,True,2016,1
1591,30/08/2016,Cropin,AgriTech,Agriculture Technology Solutions,Bengaluru,Sophia Investment ApS,Private Equity,2000000.0,True,2016,1
1592,30/08/2016,DayBox,Logistics,Fruit & Vegetable Delivery platform,Delhi,"Ashutosh Lawania, Badal Malick, Rajul Jain, Rishi Gupta",Seed/Angel,104000.0,True,2016,4
1593,30/08/2016,iAugmentor Labs,EdTech,Assessment & Learning Platform,Gurugram,Rajasthan Angel Investor Network,Seed/Angel,149000.0,True,2016,1
1594,30/08/2016,Paytm,E-commerce,Mobile Wallet & ECommerce platform,Bengaluru,MediaTek Inc,Private Equity,60000000.0,True,2016,1
1595,30/08/2016,Prime Focus Technologies,Media & Entertainment,Hybrid Cloud technology enabled Media ERP platform,Mumbai,Ambit Pragma,Private Equity,,False,2016,1
1596,31/08/2016,Flyrobe,E-commerce,Online fashion rental platform,Mumbai,"GREE Ventures, IDG Ventures, Sequoia Capital",Private Equity,5300000.0,True,2016,3
1597,31/08/2016,Inclov,Consumer Internet,Matchmaking App for Disabled,Mumbai,"Raghav Bahl, Sarbvir Singh",Seed/Angel,,False,2016,2
1598,01/09/2016,Lucideus,Technology,IT Risk Assessment and Digital Security Services provider.,Delhi,Amit Choudhary,Seed/Angel,,False,2016,1
1599,01/09/2016,Mad Street Den,Technology,Artificial Intelligence platform,Chennai,"Exfinity Ventures, Sequoia Capital, growX ventures",Private Equity,,False,2016,3
1600,01/09/2016,Mihup,Technology,Personal Digital Assistant,Kolkata,Accel,Private Equity,6700000.0,True,2016,1
1601,01/09/2016,Renowala,E-commerce,Home Improvement Marketplace,Hyderabad,Pradeep Dhobale,Seed/Angel,,False,2016,1
1602,04/09/2016,Trackbizz,Technology,Field Force Automation System,Kochi,Grasshoppers,Private Equity,,False,2016,1
1603,05/09/2016,Social Quotient,Media & Entertainment,Platform for Social Causes,Mumbai,"Anita Dongre, Milind Sarwate, Yash Dongre",Seed/Angel,,False,2016,3
1604,05/09/2016,StalkBuyLove,E-commerce,Fashion Apparel eTailer,Delhi,William Bissel,Seed/Angel,,False,2016,1
1605,06/09/2016,BigStylist,Consumer Internet,Hyperlocal doorstep Beauty Services provider,Mumbai,Info Edge (India) Ltd,Private Equity,900000.0,True,2016,1
1606,06/09/2016,eShakti,E-commerce,Women's Fashion Apparel eTailer,Chennai,"Infina Finance Pvt. Ltd, Uday Kotak",Private Equity,1350000.0,True,2016,2
1607,06/09/2016,Lenskart,E-commerce,Online Eyewear eTailer,Delhi,PremjiInvest,Private Equity,,False,2016,1
1608,07/09/2016,Alternacare,Healthcare,Online Doctor Consulting platform,Delhi,Eros Labs,Seed/Angel,500000.0,True,2016,1
1609,07/09/2016,Prozo,E-commerce,Study Material Marketplace,Gurugram,"Earlsfield Capital, Rajiv Solanki, Sailender Solanki",Seed/Angel,315000.0,True,2016,3
1610,07/09/2016,Simplilearn,EdTech,Online Certification programs,Bengaluru,InnoVen Capital India,Private Equity,6000000.0,True,2016,1
1611,07/09/2016,Zilingo,E-commerce,Online Fashion Retailer,Bengaluru,"Beenext, Beenos, Digital Garage, Sequoia Capital, Susquehanna International Group. Wavemaker Partners, Venturra Capital",Private Equity,8000000.0,True,2016,6
1612,08/09/2016,BuildTraders,E-commerce,Online Construction Materials Marketplace,Bengaluru,Idein Ventures,Seed/Angel,200000.0,True,2016,1
1613,08/09/2016,TopRankers,EdTech,Online Test Preparation platform,Bengaluru,"CareerNet Consulting Pvt. Ltd, Ideation Initiative Pvt. Ltd",Seed/Angel,670000.0,True,2016,2
1614,09/09/2016,Byju's,EdTech,Online Learning App,Bengaluru,"Chan Zuckerberg Initiative, Lightspeed Ventures, Sequoia Capital, Sofina, Times Internet Ltd",Private Equity,50000000.0,True,2016,5
1615,09/09/2016,NoBroker,Real Estate,Online Home Rental platform,Bengaluru,Anand Chandrasekaran,Seed/Angel,,False,2016,1
1616,10/09/2016,CureInstant,Healthcare,Social Health Networking Platform,Delhi,Dr. Rameshwar Kumar,Seed/Angel,150000.0,True,2016,1
1617,10/09/2016,FreshBoxx,E-commerce,Fruits & vegetable eTailer,Hubli,Ravi Linganuri,Seed/Angel,,False,2016,1
1618,10/09/2016,KarmaCircles,EdTech,Peer-to-peer Social Learning platform,Delhi,"Abaran Deep, Aseem Sood, Dr. Prasad Kaipa, Harinder Takhar, Mustafa Patni, Zain Raj",Seed/Angel,,False,2016,6
1619,10/09/2016,Poshtic,Healthcare,Online health & Wellness platform,Noida,"Amit Nagar, havya Sharma",Seed/Angel,450000.0,True,2016,2
1620,12/09/2016,GlamStudios,Consumer Internet,Beauty Salon Aggregator,Noida,"Anand Ladsariya, Aqeel Ahmed, Nitin Agarwal, Pradeep Mirani",Seed/Angel,300000.0,True,2016,4
1621,12/09/2016,Inuxu,Media & Entertainment,Online Advertising Solutions,Pune,Fork Media,Private Equity,3000000.0,True,2016,1
1622,12/09/2016,Nykaa,E-commerce,Online Beauty products eTailer,Mumbai,"Mariwala family, Sunil Munjal",Private Equity,12300000.0,True,2016,2
1623,12/09/2016,Purple Style Labs,Consumer Internet,Personal Styling Online platform,Mumbai,"Augment Ventures, Nikhil Golcha, Rahul Kayan, Roy Kwan, Shubham Gupta",Seed/Angel,448000.0,True,2016,5
1624,13/09/2016,Findow,E-commerce,Fashion Discovery Mobile app,Bengaluru,Raj Singh Bhandal,Seed/Angel,,False,2016,1
1625,13/09/2016,IdeaChakki,Food & Beverage,Restaurant Menu & Food mobile app,Delhi,Ratan Tata,Seed/Angel,,False,2016,1
1626,13/09/2016,NearBuy,Consumer Internet,Online Deals & Discount platform,Gurugram,BlackSoil Capital Pvt. Ltd,Private Equity,2500000.0,True,2016,1
1627,13/09/2016,Shoekonnect,E-commerce,Footwear & Leather B2B App,Agra,Indian Angels Network,Seed/Angel,,False,2016,1
1628,14/09/2016,Flocareer,HR & Jobs,Jobs & Skill Validation platform,Bengaluru,"Balasubramanian Krishnamurthy, Sidhartha Hazarika",Seed/Angel,150000.0,True,2016,2
1629,14/09/2016,LensPick,E-commerce,eyewear eTailer,Bengaluru,Scadea Solutions Inc,Private Equity,,False,2016,1
1630,14/09/2016,ZeroInfy,Media & Entertainment,Online Video Lectures platform,Kolkata,Calcutta Angels Network,Seed/Angel,,False,2016,1
1631,15/09/2016,Furlenco,E-commerce,Online furniture rental startup,Bengaluru,Lightbox Ventures,Private Equity,5000000.0,True,2016,1
1632,15/09/2016,GoPigeon,Logistics,on-demand logistics service provider,Bengaluru,Nexus Venture Partners,Private Equity,1500000.0,True,2016,1
1633,15/09/2016,infeedo,Consumer Internet,Employee engagement platform,Gurugram,"Ambarish Gupta, Ameera Shah, Anupam Mittal, Dheeraj Jain, Palash Jain, Rahul Singh, Vivek Bhargava",Seed/Angel,200000.0,True,2016,7
1634,16/09/2016,Doctor Insta,Healthcare,Online Doctor Consultations,Gurugram,RoundGlass Partners,Private Equity,1000000.0,True,2016,1
1635,16/09/2016,NewsDistill,Media & Entertainment,City based News Aggregator App,Hyderabad,"Ganesh Narasimhan, Ramana Thumu, Sudhir Mallem",Seed/Angel,100000.0,True,2016,3
1636,19/09/2016,Liqvid,EdTech,Integrated eLearning content solutions,Delhi,Gray Matters Capital,Private Equity,,False,2016,1
1637,19/09/2016,Milofy,Media & Entertainment,Couple Socialization App,Bengaluru,Accel,Seed/Angel,750000.0,True,2016,1
1638,19/09/2016,Swiggy,Food & Beverage,Online Food Ordering & Delivery,Bengaluru,Bessemer Venture Partners,Private Equity,15000000.0,True,2016,1
1639,20/09/2016,Codemojo,Consumer Internet,Customer Engagement Platform,Bengaluru,CIO Angel Network,Seed/Angel,,False,2016,1
1640,20/09/2016,JoeHukum,Technology,Enterprise customer engagement solutions,Delhi,Sumit Jain,Seed/Angel,,False,2016,1
1641,20/09/2016,JustLikeNew,E-commerce,Online gadget Repair Services Marketplace,Hyderabad,LetsVenture,Seed/Angel,500000.0,True,2016,1
1642,21/09/2016,eQuickies,E-commerce,Online Book etailer,Ahmedabad,Lothal Angel Ventures,Seed/Angel,298000.0,True,2016,1
1643,21/09/2016,Khel Now,Media & Entertainment,Mobile-based social networking platform,Delhi,Anglian Omega Network,Seed/Angel,350000.0,True,2016,1
1644,21/09/2016,Pepperfry,E-commerce,Furniture eTailer,Mumbai,"Bertelsmann India, Goldman Sachs Group, Norwest Venture Partners, Zodius Technology Fund",Private Equity,31300000.0,True,2016,4
1645,21/09/2016,PurpleDocs,Healthcare,Electronic Health care records platform,Vadodara,"KellyGamma, Lead Angels",Seed/Angel,,False,2016,2
1646,22/09/2016,DailyRounds,Healthcare,Mobile App for Doctors,Bengaluru,"Accel, Akusa Holdings, Beenext, Powerhouse Ventures",Private Equity,,False,2016,4
1647,22/09/2016,Flixy Games,Gaming,Mobile Game Publisher for Indian audience,Bengaluru,Rebright Partners,Seed/Angel,425000.0,True,2016,1
1648,22/09/2016,Gadgetwood,Consumer Internet,On-Demand Gadget repair services platform,Delhi,Carpediem Capital,Private Equity,6000000.0,True,2016,1
1649,22/09/2016,PharmaRack,Healthcare,SAAS application for Pharma Industry,Pune,"Currae Healthtech Fund, Unicorn India Ventures",Private Equity,745000.0,True,2016,2
1650,23/09/2016,CloudCherry,Technology,CRM SAAS Platform,Chennai,"Cisco Ventures, IDG Ventures, Vertex Ventures",Private Equity,6000000.0,True,2016,3
1651,23/09/2016,First Moms Club,Media & Entertainment,Social Network for Mothers,Mumbai,Idea Wave Labs,Seed/Angel,,False,2016,1
1652,23/09/2016,inMotion,FinTech,Financial platform for daily wage earning communities,Noida,"Gaurav Agarwal, Gaurav Bhogle, Prabhat Aggarwal, Prashant Tandon, Shantanu Mathur, Shrishti Sahu",Seed/Angel,,False,2016,6
1653,23/09/2016,Parentlane,Media & Entertainment,Social Platform for babycare and parenting,Bengaluru,Rohit MA,Seed/Angel,,False,2016,1
1654,26/09/2016,EvenGini,Consumer Internet,Event Registration and Ticketing platform,Chennai,Procam International Pvt. Ltd,Private Equity,,False,2016,1
1655,26/09/2016,Let's Barter,Consumer Internet,Goods & Services Barter Platform,Delhi,Scale Ventures Funds,Seed/Angel,,False,2016,1
1656,27/09/2016,Canvs,Media & Entertainment,Community Platform for Artists and Designers,Mumbai,Pratik Seal,Seed/Angel,,False,2016,1
1657,27/09/2016,TinyStep,Media & Entertainment,Parenting Network Platform,Bengaluru,Flipkart Logistics Pvt. Ltd,Private Equity,1580000.0,True,2016,1
1658,28/09/2016,Beardo,E-commerce,Mens Grooming products etailer,Ahmedabad,Venture Catalysts,Seed/Angel,500000.0,True,2016,1
1659,28/09/2016,Celes Care,Healthcare,Virtual Health Clinic for Women,Hyderabad,Endiya Partners,Seed/Angel,1000000.0,True,2016,1
1660,28/09/2016,Druva,Technology,Cloud Based Data Protection Solution,Pune,"Blue Cloud Ventures, EDBI, Hercules Capital, Sequoia Capital",Private Equity,51000000.0,True,2016,4
1661,28/09/2016,Instacar,Mobility,Out-Station Taxi Rental Platform,Indore,Swastika Co Ltd,Seed/Angel,1000000.0,True,2016,1
1662,29/09/2016,Fastudent,E-commerce,Education eCommerce platform,Noida,"Ajay Lakhotia, Ashish Gupta, Kanwaljit Singh, Pavan Ongole",Seed/Angel,,False,2016,4
1663,29/09/2016,Promon,E-commerce,Local Commerce Platform,Delhi,Now Capital,Seed/Angel,180000.0,True,2016,1
1664,29/09/2016,Unocoin,FinTech,Bitcoin Wallet,Bengaluru,"Bank to the Future, Blume Ventures, Boost VC, Digital Currency Group, Funders Club, Mumbai Angels, ah! Ventures",Private Equity,1500000.0,True,2016,7
1665,30/09/2016,Demyto,Mobility,Vehicle maintenance Services platform,Pune,Deepak Nathani,Seed/Angel,,False,2016,1
1666,30/09/2016,Kalaage,Media & Entertainment,Social Networking Platform for Writers,Jaipur,Rajasthan Angel Innovators Network,Seed/Angel,,False,2016,1
1667,30/09/2016,Zeta,Technology,Enterprise Cloud Solutions,Mumbai,Bhavin Turakhia,Private Equity,19000000.0,True,2016,1
1668,03/10/2016,HelpChat,Energy & CleanTech,AI Powered Content & Commerce platform,Bengaluru,"American Express Ventures, Sequoia Capital",Private Equity,,False,2016,2
1669,03/10/2016,MeraKisan,E-commerce,Fruit & vegetable eTailer,Bengaluru,Mahindra Univeg,Seed/Angel,,False,2016,1
1670,03/10/2016,Mystifly,Consumer Internet,Airline Ticket Aggregator,Bengaluru,Recruit Holdings,Private Equity,5000000.0,True,2016,1
1671,03/10/2016,Uniphore,Technology,Speech Recognition Solutions,Chennai,"IDG Ventures, Indian Angel Network (IAN), YourNest Angel Fund",Private Equity,2000000.0,True,2016,3
1672,03/10/2016,World Art Community,E-commerce,Art & Craft Marketplace,Gurugram,Viraj Tyagi,Seed/Angel,200000.0,True,2016,1
1673,04/10/2016,AppsDaily,Consumer Internet,"Mobile Phone Theft, Damage Protection platform",Mumbai,"Kalaari Capital, Mumbai Angels, Qualcomm Ventures, Russian venture capital fund Ru-Net, Zodius Capital",Private Equity,3750000.0,True,2016,5
1674,04/10/2016,Bharat Bazaar,E-commerce,Online B2B Marketplace,Mumbai,"BeeNext, Kunal Shah, Sandeep Tandon, TV Mohandas Pai",Seed/Angel,,False,2016,4
1675,04/10/2016,Giftxoxo,E-commerce,Online Gifting platform,Bengaluru,"Mahindra Holidays, Resorts India Ltd",Private Equity,450000.0,True,2016,2
1676,04/10/2016,GOQii,Healthcare,Health & Fitness Wearable Device,Mumbai,Ratan Tata,Private Equity,,False,2016,1
1677,04/10/2016,India Gifts Portal,E-commerce,Online Gifting platform,Noida,"Naveen Arya, Tarun Joshi",Private Equity,2000000.0,True,2016,2
1678,04/10/2016,InnerChef,Food & Beverage,Online food ordering platform,Gurugram,"M&S Partners, Mistletoe",Private Equity,2500000.0,True,2016,2
1679,04/10/2016,Moglix,E-commerce,Industrial & Home products marketplace,Noida,"Accel, Jungle Ventures, SeedPlus",Private Equity,4200000.0,True,2016,3
1680,04/10/2016,NetLinx,Consumer Internet,Internet Service Provider,Hyderabad,"TransGlobal FZC, Xchange Investors NV",Private Equity,3000000.0,True,2016,2
1681,04/10/2016,Remitr,FinTech,Foreign Currency Payments Platform,Mumbai,"Kunal Shah, Pravin Gandhi, Sandeep Tandon, Smart Start Fund, Vijay Shekhar Sharma, Vishal Gondal",Seed/Angel,1000000.0,True,2016,6
1682,04/10/2016,Scandid,E-commerce,Product Shopping Comparison App,Pune,3One4 Capital,Private Equity,,False,2016,1
1683,05/10/2016,Azuro,Real Estate,Rental Property Finder platform,Mumbai,"Kae Capital, Mumbai Angels, White Unicorn Ventures",Private Equity,,False,2016,3
1684,05/10/2016,MuhurtMaza,Consumer Internet,Online Puja Booking Service,Pune,Undisclosed Investor,Seed/Angel,,False,2016,1
1685,05/10/2016,NeuroSynaptic,Healthcare,Remote Healthcare Delivery Solutions,Bengaluru,"Axilor Ventures, Healthsquad, Indian Angel Network",Private Equity,,False,2016,3
1686,05/10/2016,UE LifeSciences,Healthcare,Mobile Health Technology Solutions,Mumbai,"Kiran Mazumdar-Shaw, Unitus Seed Fund",Private Equity,1200000.0,True,2016,2
1687,06/10/2016,FindmeaShoe,Consumer Internet,Footwear Recommendation App,Bengaluru,Ventureast Fund Advisors,Seed/Angel,,False,2016,1
1688,06/10/2016,GoZefo,E-commerce,Used Furniture & Appliances Marketplace,Bengaluru,"BeeNext, Helion Venture Partners",Private Equity,1050000.0,True,2016,2
1689,06/10/2016,RealBox,Technology,Data Sciences Platform,Noida,Hyderabad Angels,Seed/Angel,300000.0,True,2016,1
1690,06/10/2016,Sportido,Consumer Internet,Sports Discovery platform,Noida,Sumpoorna Group,Seed/Angel,,False,2016,1
1691,07/10/2016,Flexiloans,Consumer Internet,Online Funds Raising Platform,Mumbai,"Anil Jaggia, Narayan Seshadri, Sanjay Nayar, Vikram Sud",Private Equity,15000000.0,True,2016,4
1692,07/10/2016,KOOH Sports,EdTech,Sports Training & Technology,Mumbai,"Elevate Sports, Faering Capital, HDFC",Private Equity,2200000.0,True,2016,3
1693,07/10/2016,RayIOT,Retail & Consumer Goods,Baby Monitoring Devices manufacturer,Bengaluru,HAX Accelerator,Seed/Angel,100000.0,True,2016,1
1694,07/10/2016,Sibia Analytics,Media & Entertainment,Marketing & Customer Analytics Solutions,Kolkata,Radhakrishnan Natarajan,Seed/Angel,,False,2016,1
1695,10/10/2016,Vithi,E-commerce,Online Hair Extension etailer,Delhi,undisclosed investor,Seed/Angel,375000.0,True,2016,1
1696,11/10/2016,Deyor Camps,E-commerce,Branded Camping location Aggregator,Gurugram,"Arkas Industries, Manickam Mahalingam, Nitin Passi, Rajesh Arora, Udaan Angels",Seed/Angel,500000.0,True,2016,5
1697,11/10/2016,Yupp TV,Media & Entertainment,Internet-based TV streaming service provider,Bengaluru,Emerald Media,Private Equity,50000000.0,True,2016,1
1698,12/10/2016,ZipLoan,FinTech,online lending platform,Delhi,"Arun Venkatachalam, Badal Malick, GrowX Ventures, Sunil Kalra",Seed/Angel,,False,2016,4
1699,13/10/2016,FabAlley,E-commerce,online fashion brand store,Noida,"FAO Ventures, India Quotient, Indian Angel Network, Ranjan Sharma, Tushar Singh",Private Equity,2000000.0,True,2016,5
1700,13/10/2016,Maya,Healthcare,Womens Health Tracker App,Bengaluru,Rajan Anandan,Seed/Angel,,False,2016,1
1701,13/10/2016,RoboVac,Energy & CleanTech,waterless car washing solution,Ahmedabad,Virendra Patel,Seed/Angel,450000.0,True,2016,1
1702,13/10/2016,Shoekonnect,E-commerce,B2B Marketplace for Shoes,Agra,Indian Angel Network,Seed/Angel,,False,2016,1
1703,14/10/2016,BeatRoute,Technology,SAAS based mobile application platform,Gurugram,Quarizon Consultancy Services LLP,Seed/Angel,,False,2016,1
1704,14/10/2016,Innov8,Real Estate,Co-Working Spaces aggregator,Bengaluru,Punit Soni,Seed/Angel,,False,2016,1
1705,14/10/2016,ISFC,FinTech,Education Sector Lending,Hyderabad,Gray Matters Capital,Private Equity,6000000.0,True,2016,1
1706,14/10/2016,Kidsstoppress,Consumer Internet,Parenting and Baby care Platform,Mumbai,Karan Bhagat,Seed/Angel,,False,2016,1
1707,14/10/2016,Postman,Consumer Internet,API Platform,Bengaluru,Nexus Venture Partners,Private Equity,7000000.0,True,2016,1
1708,15/10/2016,DailyHunt,Media & Entertainment,Vernacular content mobile app,Bengaluru,"Arun Sarin, ByteDance, Falcon Edge, Matrix Partners, Omidyar Network, Sequoia Capital",Private Equity,25000000.0,True,2016,6
1709,15/10/2016,MyKindofJob,HR & Jobs,Internet & Fresher Job platform,Mumbai,"Mayank Shah, Shreyans Shah",Seed/Angel,1000000.0,True,2016,2
1710,15/10/2016,Tazzo Bikes,Mobility,Motorbike rental platform,Hyderabad,DSG Consumer Partners,Seed/Angel,227000.0,True,2016,1
1711,17/10/2016,Rentalpha,Other,equipment rental and leasing company,Mumbai,Bravia Capital,Private Equity,16000000.0,True,2016,1
1712,17/10/2016,Rooter,Media & Entertainment,Sports Social Network mobile app,Delhi,"Boman Irani, Dhruv Chitgopekar, Prantik Dasgupta",Seed/Angel,,False,2016,3
1713,17/10/2016,Trilyo,Technology,B2B SAAS based product,Bengaluru,"Naresh Ravindranath, Rajiv Lunkad, Vishnu Bhat",Seed/Angel,,False,2016,3
1714,17/10/2016,Yumigo,Travel & Hospitality,App based Travel Discovery and Transactions platform,Gurugram,Hemant Sahni,Seed/Angel,300000.0,True,2016,1
1715,18/10/2016,3Dexter,Technology,3D Printing Solutions for Edu space,Delhi,Newbie Promoters,Seed/Angel,150000.0,True,2016,1
1716,18/10/2016,BabyChakra,Consumer Internet,Parenting and Child Care portal,Mumbai,RoundGlass Partners,Private Equity,,False,2016,1
1717,18/10/2016,Coppre,E-commerce,Copper based items etailer,Pune,Ganesh Natarajan,Seed/Angel,,False,2016,1
1718,18/10/2016,ePathsala,FinTech,Cloud based ERP for Accreditation & ICT,Bengaluru,"Hyderabad Angels, TLabs",Seed/Angel,,False,2016,2
1719,18/10/2016,MySUN,Energy & CleanTech,Solar Energy harnessing products marketplace,Noida,General Catalyst Partners,Private Equity,2500000.0,True,2016,1
1720,19/10/2016,Actofit,Technology,Wearable Technology platform & devices,Mumbai,Next Orbit Ventures Fund,Private Equity,750000.0,True,2016,1
1721,19/10/2016,Fisdom,FinTech,Personal Wealth Management Platform & App,Bengaluru,"Aprameya Radhakrishna, Raghunandan G, Saama Capital",Private Equity,1100000.0,True,2016,3
1722,19/10/2016,Furlenco,Real Estate,Online Furniture Rental platform,Bengaluru,"Axis Capital, Lightbox Ventures",Private Equity,30000000.0,True,2016,2
1723,20/10/2016,Hipcask,Food & Beverage,Alcoholic beverage discovery platform,Mumbai,Mobikon,Seed/Angel,,False,2016,1
1724,20/10/2016,RailYatri,Travel & Hospitality,Train Travel Info mobile app,Noida,"Blume ventures, Helion Ventures",Private Equity,,False,2016,2
1725,20/10/2016,Stayology,Travel & Hospitality,Stay & Travel related services,Bengaluru,Ranjan Pai,Seed/Angel,,False,2016,1
1726,21/10/2016,ChatOnGo,Consumer Internet,Hyperlocal Communication Mobile app,Mumbai,Janak Jain,Seed/Angel,300000.0,True,2016,1
1727,23/10/2016,WOTU,E-commerce,B2B Marketplace for traders,Bengaluru,KAE capital,Seed/Angel,,False,2016,1
1728,24/10/2016,Box8,Food & Beverage,Online Food Ordering platform/App,Mumbai,"IIFL Seed Ventures Fund, Mayfield Ventures",Private Equity,7500000.0,True,2016,2
1729,24/10/2016,Healthians,Healthcare,Health Test Discovery & Ordering service,Gurugram,BEENEXT,Private Equity,3000000.0,True,2016,1
1730,25/10/2016,CreditMate,FinTech,Credit Report Info platform,Mumbai,India Quotient,Seed/Angel,500000.0,True,2016,1
1731,25/10/2016,Kredx,E-commerce,Invoice discounting marketplace,Bengaluru,Sequoia Capital,Private Equity,6000000.0,True,2016,1
1732,25/10/2016,Pickrr,Logistics,Courier Logistics & Order management Solutions,Delhi,Swastika Company Ltd,Seed/Angel,,False,2016,1
1733,25/10/2016,SatvaKart,E-commerce,Online Grocery Etailer,Gurugram,Nimit Panigrahi,Seed/Angel,,False,2016,1
1734,25/10/2016,SooperMO,Technology,Android utility app suite creator,Gurugram,Lalit Vase,Seed/Angel,100000.0,True,2016,1
1735,26/10/2016,OrangeTwig,Media & Entertainment,Social Media Marketing platform,Delhi,Undisclosed investor,Seed/Angel,1000000.0,True,2016,1
1736,26/10/2016,The Kettlery,E-commerce,Online Tea Etailer,Ahmedabad,"Franchise India Brands, hooting Starts Sports LLP",Private Equity,1000000.0,True,2016,2
1737,26/10/2016,Wooplr,E-commerce,Fashion Discovery App,Bengaluru,"Anand Chandrasekaran, Astarc Ventures",Seed/Angel,,False,2016,2
1738,27/10/2016,Ather Energy,Mobility,Electric Vehicle Manufacturer,Bengaluru,Hero MotoCorp,Private Equity,27000000.0,True,2016,1
1739,27/10/2016,FR8,Logistics,Truck Fleet Operation platform,Chennai,Omnivore Partners,Private Equity,971000.0,True,2016,1
1740,27/10/2016,Idea Bubbles,Healthcare,Doctor Consulting platform,Bengaluru,"1Crowd, Co. Ltd, Eureka Forbes Ltd, Shapoorji Pallonji",Private Equity,700000.0,True,2016,4
1741,28/10/2016,Pikkol,Logistics,Relocation Service provider,Bengaluru,"Afsal Salu, Ajay Nanavati",Seed/Angel,,False,2016,2
1742,29/10/2016,Cyclops,Healthcare,Clinical and Wearable Diagnostic Product creator,Bengaluru,Kalaari Capital,Seed/Angel,100000.0,True,2016,1
1743,29/10/2016,Velmenni,Technology,LiFi based wireless communication provider,Delhi,Kalaari Capital,Seed/Angel,100000.0,True,2016,1
1744,29/10/2016,Volta Motors,Mobility,Electric Bike Manufacturer,Chennai,Kalaari Capital,Seed/Angel,100000.0,True,2016,1
1745,30/10/2016,Impact Analytics,Technology,Business intelligence and data science Startup,Bengaluru,"Aarin Capital, Ashish Lakhanpal, Michael Herzig",Private Equity,750000.0,True,2016,3
1746,31/10/2016,Talent Next,HR & Jobs,Talent Discovery & Audition management platform,Mumbai,Karanpal Singh,Seed/Angel,1000000.0,True,2016,1
1747,01/11/2016,PickMyLaundry,Consumer Internet,On-Demand Washing & Dry Cleaning Services,Delhi,"GHV Accelerator, Kedar Lele",Seed/Angel,200000.0,True,2016,2
1748,02/11/2016,FreshDesk,Consumer Internet,SAAS Based HelpDesk Services,Chennai,"Accel, Sequoia Capital",Private Equity,55000000.0,True,2016,2
1749,02/11/2016,LetsMD,Healthcare,Healthcare Services Comparison Platform,Delhi,"Anupam Mittal, Calcutta Angels Network, Currae Healthtech Fund, LetsVenture",Seed/Angel,,False,2016,4
1750,02/11/2016,Sattviko,Food & Beverage,Health Food Restaurant Chain,Delhi,"Ashish Gupta, Raman Roy, Vaibhav Jain, Yogesh Andlay",Seed/Angel,,False,2016,4
1751,03/11/2016,DoSelect,Consumer Internet,Skill Showcasing platform,Bengaluru,"3one4 Capital, Aarin Capital, Mumbai Angels",Seed/Angel,,False,2016,3
1752,03/11/2016,EasyPolicy,FinTech,Online insurance Portal,Noida,Unilazer Ventures,Private Equity,10000000.0,True,2016,1
1753,03/11/2016,Zarget,Media & Entertainment,SaaS-based web optimisation and marketing platform,Chennai,Sequoia Capital,Private Equity,6000000.0,True,2016,1
1754,04/11/2016,Browntape,Technology,cloud-based software solutions company,Goa,Gati Ltd,Private Equity,,False,2016,1
1755,04/11/2016,Connect India,Logistics,Last mile Delivery Network,Bengaluru,Aavishkaar Venture Management,Private Equity,1000000.0,True,2016,1
1756,04/11/2016,Corseco,Technology,AI-based Software as a Service Solution provider,Delhi,"Ameera Shah, Vivek Bhargava",Seed/Angel,150000.0,True,2016,2
1757,04/11/2016,The Gourmet Jar,E-commerce,Gourmet Food etailer,Noida,Chandigarh Angels Network,Seed/Angel,,False,2016,1
1758,04/11/2016,vImmune,Consumer Internet,Immunisation Management Platform,Bengaluru,Undisclosed investor,Seed/Angel,,False,2016,1
1759,05/11/2016,Bizongo,E-commerce,Packaging Material Marketplace,Mumbai,"Accel, IDG Ventures",Private Equity,3000000.0,True,2016,2
1760,05/11/2016,Medzin,E-commerce,Online ordering & Delivery of medicines,Delhi,A M Sikander,Seed/Angel,45000.0,True,2016,1
1761,07/11/2016,JustRide,Mobility,Online Car Sharing platform,Mumbai,"Axan Venture, Justin Kan, Kima Ventures, Paul Bucche, Qasar Younis, SCM Holdings, Susa Ventures",Private Equity,3000000.0,True,2016,7
1762,07/11/2016,Rivigo,Logistics,Technology based Logistics platform,Gurugram,Warburg Pincus,Private Equity,75000000.0,True,2016,1
1763,09/11/2016,IIM Jobs,HR & Jobs,Online Job Portal,Delhi,India Quotient,Private Equity,2000000.0,True,2016,1
1764,09/11/2016,Square Yards,Real Estate,Online Property Search Portal,Gurugram,ADAG Reliance Private Equity,Private Equity,12000000.0,True,2016,1
1765,10/11/2016,GolfLAN,Consumer Internet,Golf Session Online Bookings platform,Delhi,"YourNest Angel Fund, iSON",Private Equity,1000000.0,True,2016,2
1766,10/11/2016,Tonetag,FinTech,Contactless Payment Solution,Bengaluru,"Anand Chandrasekaran, Arun Seth, Deepak Ghaisas, T.V. Mohandas Pai",Private Equity,,False,2016,4
1767,10/11/2016,Yottaasys,Technology,Data Sciences platform,Bengaluru,Gleevoaz Ventures,Private Equity,,False,2016,1
1768,11/11/2016,Life in Control,Consumer Internet,Online Diabetes Management platform,Gurugram,RoundGlass Partners,Private Equity,,False,2016,1
1769,14/11/2016,Active.ai,FinTech,Banking & Fintech Platform,Singapore,"IDG Ventures India, Kalaari Capital",Private Equity,3000000.0,True,2016,2
1770,14/11/2016,ElasticRun,Logistics,Tech driven Logistic & distribution platform,Pune,"Kalaari Capital, Norwest Venture Partners",Private Equity,2000000.0,True,2016,2
1771,15/11/2016,NoBroker,Consumer Internet,Online Rental discovery,Bengaluru,Vijay Shekhar Sharma,Seed/Angel,,False,2016,1
1772,15/11/2016,PlaySimple,Gaming,Mobile Gaming portal,Bengaluru,"IDG Ventures India, SAIF Partners",Private Equity,4000000.0,True,2016,2
1773,15/11/2016,Zefo,E-commerce,Used Furniture & Appliances Marketplace,Bengaluru,"BEENEXT, Helion Ventures, Sequoia Capital",Private Equity,6000000.0,True,2016,3
1774,16/11/2016,Stasis Labs,Healthcare,Cloud based health monitoring platform,Bengaluru,"RTP-HC, Techstars Ventures, Wonder Ventures",Private Equity,5000000.0,True,2016,3
1775,17/11/2016,Koovs,E-commerce,Fashion eTailer,Delhi,Times of India Group,Private Equity,13500000.0,True,2016,1
1776,17/11/2016,Lawrato,Consumer Internet,Free Legal Advice,Delhi,Indian Angel Network,Seed/Angel,,False,2016,1
1777,17/11/2016,Pictor Imaging,Media & Entertainment,Product Photography Mobile App,Mumbai,Quarizon,Seed/Angel,147000.0,True,2016,1
1778,17/11/2016,Scienaptic,Technology,Data Analytics platform,Bengaluru,Pramod Bhasin,Seed/Angel,,False,2016,1
1779,17/11/2016,Trip Tap Toe,Travel & Hospitality,Online Travel Portal,Gurugram,R.S Sharma,Seed/Angel,,False,2016,1
1780,18/11/2016,AerMed,E-commerce,Online Pharmacy,Mumbai,Hitesh Windlass,Seed/Angel,,False,2016,1
1781,18/11/2016,GramCover,FinTech,Insurance Marketplace for the Rural Sector,Delhi,Omnivore Capital,Seed/Angel,1000000.0,True,2016,1
1782,18/11/2016,WorkIndia,HR & Jobs,Job Board for Clue Collar Jobs,Mumbai,Asuka Holdings,Seed/Angel,,False,2016,1
1783,21/11/2016,Bats on delivery,Food & Beverage,"Online food, Grocery ordering & Delivery",Gurugram,Devdeep Singh,Seed/Angel,90000.0,True,2016,1
1784,21/11/2016,numberz,Technology,Cash Flow Management Solution for Businesses,Gurugram,"Kae Capital, Khosla Impact",Seed/Angel,650000.0,True,2016,2
1785,22/11/2016,Awesummly,Media & Entertainment,Short News Mobile App,Bengaluru,"Ameera Shah, Vivek Bhargava",Seed/Angel,147000.0,True,2016,2
1786,22/11/2016,Housing,Real Estate,Real Estate Portal,Mumbai,SoftBank,Private Equity,5000000.0,True,2016,1
1787,22/11/2016,Noddapp,Media & Entertainment,App based networking platform,Mumbai,Undisclosed multiple investors,Seed/Angel,147000.0,True,2016,1
1788,22/11/2016,Shubh Loans,FinTech,Consumer Finance & Credit Score platform,Bengaluru,"Sanjai Vohra, V. Bunty Bohra",Seed/Angel,,False,2016,2
1789,22/11/2016,VoLT,EdTech,Ed-Tech Platform,Mumbai,YMS Mobitech,Seed/Angel,,False,2016,1
1790,22/11/2016,Vymo,Technology,SaaS-based predictive analytics platform,Bengaluru,Sequoia Capital,Private Equity,5000000.0,True,2016,1
1791,23/11/2016,Infisecure,Technology,Bot Protection Solutions,Mumbai,"Axilor Ventures, IDG Ventures",Seed/Angel,600000.0,True,2016,2
1792,23/11/2016,Knowlarity,Consumer Internet,Cloud Telephony Platform,Bengaluru,"Blacksoil, Delta Partners, Mayfield, Sequoia Capital, Trifecta Capital",Private Equity,20000000.0,True,2016,5
1793,23/11/2016,Udaan,E-commerce,B2B Marketplace,Bengaluru,"Lightspeed US, Lightspeed Venture Partners India",Private Equity,10000000.0,True,2016,2
1794,24/11/2016,Betterplace,Consumer Internet,Background Verification Services,Bengaluru,Venture Highway,Seed/Angel,,False,2016,1
1795,24/11/2016,FroyoFit,Healthcare,Fitness Discovery Platform,Indore,Dr. Pooja Gandhi,Seed/Angel,,False,2016,1
1796,24/11/2016,Servify,Consumer Internet,Personal Device Assistant App,Mumbai,"BEENEXT, Barkawi Holdings GmbH, Blume Ventures, Sreevathsa Prabhakar, TM Service Technology Holdings Gmbh",Private Equity,,False,2016,5
1797,24/11/2016,ShareChat,Media & Entertainment,Local Language Social Networking Platform,Mumbai,"India Quotient, Lightspeed India Partners, SAIF Partners, Venture Highway",Private Equity,4000000.0,True,2016,4
1798,24/11/2016,UClean,Consumer Internet,Tech Enabled Laundry Service Provider,Gurugram,Franchise India,Private Equity,,False,2016,1
1799,25/11/2016,121Policy,FinTech,Online Insurance Platform,Kolkata,Xelpmoc,Seed/Angel,,False,2016,1
1800,25/11/2016,FunOnGo,Media & Entertainment,Digital Media Content and Distribution platform,Mumbai,Reliance Entertainment,Private Equity,,False,2016,1
1801,25/11/2016,Hubilo,Consumer Internet,End-to-end Event Organizers Solutions,Ahmedabad,"Akash Bhavsar, Girish Mathrubootham, Jeevanandhan Rajagopal, Miten Mehta, Rakesh Patel, Umasankar Nistala, VC Karthic, Vikas Chadha",Seed/Angel,,False,2016,8
1802,26/11/2016,TapChief,Consumer Internet,Professional Expert Advice Platform,Bengaluru,"Aprameya Radhakrishna, Paytm, Subramanya Venkat, Venk Krishnan",Seed/Angel,,False,2016,4
1803,28/11/2016,Kloseby,Consumer Internet,proximity based Rewards platform,Bengaluru,Undisclosed Investor,Seed/Angel,100000.0,True,2016,1
1804,28/11/2016,WholeSaleBox,E-commerce,B2B Wholesale Apparel Marketplace,Jaipur,"Contrarian Vriddhi Fund, Manish Maheshwari",Private Equity,2000000.0,True,2016,2
1805,29/11/2016,Affordplan,Healthcare,Savings platform for Medical Expenses,Delhi,"Kalaari Capital, Prime Venture Partners",Private Equity,3000000.0,True,2016,2
1806,29/11/2016,Crossahead,Consumer Internet,Creative Artists Discovery & Booking platform,Noida,Mohit Sharma,Seed/Angel,,False,2016,1
1807,30/11/2016,Carcrew,Mobility,Online Car repair Marketplace,Mumbai,TVS Group,Seed/Angel,500000.0,True,2016,1
1808,30/11/2016,Chai Thela,Food & Beverage,Quick Service Restaurants,Noida,Quarizon,Seed/Angel,218000.0,True,2016,1
1809,30/11/2016,Entropik,EdTech,"AI, Machine learning Solutions",Bengaluru,"Dileep Bhatt, Milind Chaudhary",Seed/Angel,200000.0,True,2016,2
1810,30/11/2016,HandyTrain,EdTech,Mobile App for SAAS based Training,Goa,"Lumina Datamatics, Shun Yoshida, Silver Range Investments",Private Equity,1000000.0,True,2016,3
1811,30/11/2016,Indofash,E-commerce,Ethnic Indian Fashion Marketplace,Bengaluru,"Nitesh Pant, Shekhar Sahu",Seed/Angel,150000.0,True,2016,2
1812,30/11/2016,Interviewpad,Technology,Engineering Interview facilitation platform,Pune,Krishna Rokhale,Seed/Angel,100000.0,True,2016,1
1813,30/11/2016,MarianaIQ,Media & Entertainment,AI-driven B2B marketing platform,Bengaluru,Exfinity Venture Partners,Private Equity,2000000.0,True,2016,1
1814,30/11/2016,Math Buddy,EdTech,Online Math Learn,Vadodara,Menterra Social Impact Fund,Seed/Angel,440000.0,True,2016,1
1815,30/11/2016,MonkeyBox,Food & Beverage,Healthy Food Delivery platform,Bengaluru,Blume Ventures,Seed/Angel,,False,2016,1
1816,30/11/2016,Pulse,EdTech,Campus Social Networking App,Bengaluru,SAIF Partners,Private Equity,500000.0,True,2016,1
1817,30/11/2016,ShopsUp,E-commerce,Hyperlocal Shopping App,Bengaluru,"Anand Sankeshwar, Yang Shu",Seed/Angel,963000.0,True,2016,2
1818,01/12/2016,IndiaLends,FinTech,Online Instant personal Loan provider,Delhi,"AdvantEdge Partners, American Express Ventures, Cyber Carrier VC, DSG Consumer Partners",Private Equity,4000000.0,True,2016,4
1819,01/12/2016,SidQam,Healthcare,Healthcare Software System,Noida,"Grace Capital Ventures, SQue Capital, Soham Vencaps",Private Equity,1200000.0,True,2016,3
1820,01/12/2016,Slide App,Consumer Internet,Lock screen Rewards mobile app,Delhi,Songhyun Investment,Private Equity,3600000.0,True,2016,1
1821,02/12/2016,Streo,Media & Entertainment,Live Music Streaming App,Bengaluru,"GEMs Advisory, Quarizon",Seed/Angel,,False,2016,2
1822,02/12/2016,TYGR,Mobility,Transport and logistics mobile App,Mumbai,Franchise India,Private Equity,3000000.0,True,2016,1
1823,05/12/2016,Mr Hot Foods,Food & Beverage,Online Food Ordering & Delivery Portal,Indore,IvyCamp Ventures,Seed/Angel,,False,2016,1
1824,05/12/2016,ONN Bikes,E-commerce,"On-demand, self-drive bike rental platform",Mumbai,Grace Capital Ventures,Seed/Angel,,False,2016,1
1825,05/12/2016,UrDoorStep,E-commerce,Online Grocery Store,Bengaluru,Lakshmi Vilas Bank & undisclosed HNIs,Private Equity,1400000.0,True,2016,1
1826,06/12/2016,Diro Labs,Consumer Internet,Mobile Contacts Management app,Delhi,Info Edge (India),Seed/Angel,147000.0,True,2016,1
1827,06/12/2016,THB,Healthcare,Clinical research and data analytics,Gurugram,"Ajith Sukumaran, Currae Healthtech Fund",Seed/Angel,,False,2016,2
1828,07/12/2016,BookEventz,Consumer Internet,"Venue, Events Booking platform",Mumbai,"Investors from Mumbai Angels, LetsVenture",Seed/Angel,,False,2016,2
1829,07/12/2016,LookAtMe,E-commerce,Mobile App based Fashion Network,Singapore,Eros Labs,Seed/Angel,,False,2016,1
1830,07/12/2016,Netree,E-commerce,Mobile-only Retailers Engagement Solution,Delhi,"LetsVenture, The Chennai Angels",Seed/Angel,,False,2016,2
1831,07/12/2016,Revv,Mobility,Self-Driven Car Services booking portal,Delhi,Edelweiss Private Equity,Private Equity,9000000.0,True,2016,1
1832,07/12/2016,Tailslife,Consumer Internet,Pet Parenting mobile app,Bengaluru,"Mohan Kumar, V. Balakrishnan",Seed/Angel,,False,2016,2
1833,07/12/2016,Vehico,Mobility,Connected Transportation solutions,Bengaluru,"Appliyifi, Calcutta Angel Network",Seed/Angel,,False,2016,2
1834,07/12/2016,WealthApp,FinTech,Online Investment Advisory platform,Bengaluru,"Arjun Sharmaa, Jayant Davar, MJ Aravind, Ramkumar Nishtal, Venk Krishnan, Vikram Kotak",Seed/Angel,440000.0,True,2016,6
1835,08/12/2016,GoMechanic,Mobility,Online Car servicing Booking platform,Gurugram,Venture Catalysts,Seed/Angel,250000.0,True,2016,1
1836,08/12/2016,ZestMoney,FinTech,Online Consumer Lending platform,Mumbai,PayU,Private Equity,6500000.0,True,2016,1
1837,09/12/2016,NeuroEquilibrium,Healthcare,Health-Tech platform,Jaipur,Unicorn India Ventures,Seed/Angel,250000.0,True,2016,1
1838,09/12/2016,Nykaa,E-commerce,Beauty Products etailer,Mumbai,"Industries, Max Ventures",Private Equity,,False,2016,2
1839,09/12/2016,StalkBuyLove,E-commerce,Fashion Apparel eTailer,Delhi,Kalaari Capital,Private Equity,6000000.0,True,2016,1
1840,09/12/2016,Wittyparot,Media & Entertainment,Content Management & Productivity platform,Bengaluru,Mumbai Angels,Seed/Angel,450000.0,True,2016,1
1841,12/12/2016,Doctor Insta,Healthcare,Online Doctor Consulting platform,Gurugram,RoundGlass Partners,Private Equity,2000000.0,True,2016,1
1842,12/12/2016,Fresh Food Concepts,Food & Beverage,Cold Press Juice manufacturer & seller,Delhi,"Ashvin Chadha, Siddhartha Gupta",Seed/Angel,2000000.0,True,2016,2
1843,12/12/2016,UrbanPiper,E-commerce,Self-Branded Websites & Apps for Ecommerce,Bengaluru,Axilor,Seed/Angel,,False,2016,1
1844,12/12/2016,Xseed Education,EdTech,Education & learning Tech platform,Bengaluru,Verlinvest SA,Private Equity,10000000.0,True,2016,1
1845,13/12/2016,GoComet,Logistics,Marketplace for International Freight,Mumbai,"Chanakya Hridaya, India Quotient, Nobel House, Rajesh Yabaji, Rajul Garg, Ramasubramaniam B, Sunstone Capital, Vishwanathan",Seed/Angel,,False,2016,8
1846,13/12/2016,Indifi,FinTech,Online lending platform,Gurugram,Omidyar Network,Private Equity,10000000.0,True,2016,1
1847,13/12/2016,OfBusiness,E-commerce,Online business-to-business (B2B) marketplace,Gurugram,"Matrix Partners, Zodius Technology Opportunities Fund",Private Equity,11100000.0,True,2016,2
1848,14/12/2016,Fitmein,Healthcare,Fitness Discovery & Booking platform,Delhi,"FiNC, GHV",Seed/Angel,,False,2016,2
1849,14/12/2016,Fitpass,Healthcare,Fitness center aggregator & Booking mobile app,Delhi,Mumbai Angels,Seed/Angel,1000000.0,True,2016,1
1850,14/12/2016,MoEngage,Technology,User analytics and engagement platform,Bengaluru,Anand Chandrasekaran,Seed/Angel,,False,2016,1
1851,14/12/2016,Qacco,Travel & Hospitality,Hotel Booking platform,Gurugram,"Anbu Pandian, Lead Angels Network, Prabhakar MR",Seed/Angel,150000.0,True,2016,3
1852,14/12/2016,Ten3t Health,Healthcare,medical grade wearable patch maker,Bengaluru,"Bhupen Shah, V. Krishna Prasad",Seed/Angel,,False,2016,2
1853,14/12/2016,Trading Bells,Consumer Internet,Online Share & Commodity Broking platform,Indore,Swastika Investmart Ltd,Seed/Angel,297000.0,True,2016,1
1854,15/12/2016,Amagi Media Labs,Media & Entertainment,Media Technology Solutions,Mumbai,"Emerald Media, Premji Invest",Private Equity,35000000.0,True,2016,2
1855,15/12/2016,IdeaForge,Retail & Consumer Goods,Drone Manufacturing,Mumbai,"IndusAge Partners, Infosys Innovation Fund, WRV Capital",Private Equity,10000000.0,True,2016,3
1856,15/12/2016,Pocket Aces,Media & Entertainment,Digital Entertainment Company,Mumbai,"3one4 Capital, Aarin Capital, Axilor Ventures, Kunal Shah, North Base Media, Sandeep Tandon, Sequoia Capital",Private Equity,3000000.0,True,2016,7
1857,15/12/2016,SERV'D,FinTech,Financial Services For Unorganized Workforce,Pune,Digital Financial Service Lab,Seed/Angel,100000.0,True,2016,1
1858,16/12/2016,Pi Data Centers,Technology,Cloud Data Center Solutions provider,Hyderabad,Epsilon Venture Partners,Private Equity,23000000.0,True,2016,1
1859,16/12/2016,TripShelf,Travel & Hospitality,Holiday Packages provider,Delhi,"GEMS Advisory, Quarizon",Seed/Angel,123000.0,True,2016,2
1860,19/12/2016,Events High,E-commerce,Events & Activities Marketplace,Bengaluru,Axilor Ventures,Private Equity,,False,2016,1
1861,19/12/2016,NoBroker,Real Estate,Rental property search portal,Bengaluru,"BEENEXT, Digital Garage, KTB Network, SAIF Partners",Private Equity,7400000.0,True,2016,4
1862,20/12/2016,Byju's,EdTech,Online Learning platform,Bengaluru,International Financial Corporation,Private Equity,15000000.0,True,2016,1
1863,20/12/2016,Tiyo,Healthcare,Doctor Search Mobile App,Kolkata,Ajith Nair,Seed/Angel,,False,2016,1
1864,20/12/2016,Zoomcar,Mobility,Self-Driven Cab booking platform,Bengaluru,Cyber Carrier CL,Private Equity,,False,2016,1
1865,21/12/2016,MamaEarth,E-commerce,Babycare Products seller,Delhi,Fireside Ventures,Seed/Angel,,False,2016,1
1866,21/12/2016,Supr Daily,Logistics,Daily Subscription based Delivery service,Mumbai,"Anil Jain, Anirudh Damani, Anuj Golecha, Dr. Apoorv Ranjan Sharma, Krishna Jhunjhunwala",Seed/Angel,,False,2016,5
1867,21/12/2016,The BlueBook,Media & Entertainment,online to offline marketing platform,Bengaluru,"Indian Angel Network, Let's Venture",Seed/Angel,500000.0,True,2016,2
1868,21/12/2016,Vegetall,E-commerce,Online Vegetable eTailer,Chennai,The Chennai Angels,Seed/Angel,162000.0,True,2016,1
1869,22/12/2016,Innoplexus,Technology,Data as a Service Provider,Pune,HCS Venture capital fund,Private Equity,,False,2016,1
1870,22/12/2016,MCaffeine,E-commerce,Personal care product etailer,Bengaluru,"Harminder Sahani, KK Mehra, Kaushal Agarwal, Navjot Saini, Pranay Jivrajka",Seed/Angel,300000.0,True,2016,5
1871,22/12/2016,Mindler,HR & Jobs,Career Planning & Assessment platform,Delhi,Taxmann,Seed/Angel,324000.0,True,2016,1
1872,23/12/2016,Asocon,Technology,Process management startup,Noida,Quarizon,Seed/Angel,,False,2016,1
1873,23/12/2016,enKast,Technology,Cloud based CRM for Agencies,Bengaluru,Ivy League Alumni Angel Network,Private Equity,2000000.0,True,2016,1
1874,23/12/2016,LexComply,Consumer Internet,Compliance Management Software,Delhi,Ajay Relan,Seed/Angel,,False,2016,1
1875,23/12/2016,MyAdvo,Consumer Internet,Legal Advice Platform,Delhi,"Pradyumna Dalmia, S. Somasegar",Seed/Angel,,False,2016,2
1876,23/12/2016,ShopKirana,E-commerce,B2B platform for Merchants & Retailers,Indore,"Incubate Fund, Lead Angels Group",Private Equity,,False,2016,2
1877,26/12/2016,Pandorum Technologies,Technology,3D printed experimental Human Liver tissue creator,Bengaluru,"Binny Bansal, Sachin Bansal",Seed/Angel,,False,2016,2
1878,26/12/2016,Shadowfox,Logistics,On-Demand Delivery Service,Gurugram,Eight Roads Ventures,Private Equity,10000000.0,True,2016,1
1879,26/12/2016,The Postbox,E-commerce,Art & Lifestyle ECommerce Store,Chennai,"Aruna Ganesh Ram, Ritesh Mehta, The Chennai Angels",Seed/Angel,,False,2016,3
1880,27/12/2016,ShopX,E-commerce,SAAS ECommerce Retail app,Bengaluru,Nandan Nilekani,Private Equity,5000000.0,True,2016,1
1881,28/12/2016,BookEventz,Consumer Internet,Online event-booking platform,Mumbai,"Anbu Pandian, Girish Mathrubootham, Lead Angels, LetsVenture, Mumbai Angels",Seed/Angel,,False,2016,5
1882,29/12/2016,HealthifyMe,Healthcare,Fitness Mobile App,Bengaluru,NB Ventures,Private Equity,1000000.0,True,2016,1
1883,29/12/2016,Justbooks,Consumer Internet,Library Chain Aggregator,Bengaluru,CoCreate Ventures,Seed/Angel,,False,2016,1
1884,29/12/2016,LetsMD,Healthcare,Healthcare plan comparison platform,Delhi,WaterBridge Ventures,Seed/Angel,,False,2016,1
1885,30/12/2016,InstantPay,FinTech,Digital payments & recharge platform,Delhi,"Kaleden Holdings, RB Investments",Private Equity,,False,2016,2
1886,02/01/2017,99Games,Gaming,Mobile Game Developer Studio,Udupi,Dream Incubator,Seed/Angel,,False,2017,1
1887,02/01/2017,TaxSutra,FinTech,Online Tax Filing platform,Pune,"PV Srinivasan, TV Mohandas Pai, V Balakrishnan",Seed/Angel,366000.0,True,2017,3
1888,03/01/2017,GoFynd,E-commerce,Fashion ecommerce portal,Mumbai,"Anand Chandrasekaran, Rajiv Mehta, Ramakant Sharma",Seed/Angel,,False,2017,3
1889,03/01/2017,TempoGo,Mobility,IoT & SAAS Solutions for Transportation Industry,Goa,K2 Capital,Seed/Angel,825000.0,True,2017,1
1890,03/01/2017,Vow Car Clinic,Consumer Internet,Online/App Based Car cleaning service provider,Gurugram,Vishal Malik,Seed/Angel,,False,2017,1
1891,04/01/2017,LearnTron,EdTech,Blended Learning Delivery App for Schools & Corporates,Chennai,Kae Capital,Seed/Angel,,False,2017,1
1892,05/01/2017,MobiDent,Consumer Internet,Dentist Appointments booking platform,Bengaluru,DanGold Investment Corp,Private Equity,,False,2017,1
1893,05/01/2017,Yostra,Healthcare,Healthcare Technology Solutions,Bengaluru,"Marico Innovation Foundation (MIF), Villgro",Private Equity,,False,2017,2
1894,06/01/2017,Leap India,Logistics,Supply Chain Solutions Provider,Mumbai,"India Nivesh Growth Fund, Sixth Sense, TCI Ventures",Private Equity,13000000.0,True,2017,3
1895,07/01/2017,FreeCharge,FinTech,Mobile Wallet,Mumbai,Jasper Infotech Pvt Ltd,Private Equity,57000000.0,True,2017,1
1896,09/01/2017,TicketNew,Media & Entertainment,Movie Ticket Booking platform,Chennai,Alibaba Pictures,Private Equity,35000000.0,True,2017,1
1897,10/01/2017,DriveSkool,EdTech,online marketplace for driving schools,Bengaluru,Aavya Ventures,Seed/Angel,,False,2017,1
1898,10/01/2017,IntelligenceNODE,E-commerce,SAAS Based Retail Analytics Solutions,Mumbai,BlackSoil Capital Pvt Ltd,Private Equity,800000.0,True,2017,1
1899,10/01/2017,Lenskart,E-commerce,Online eyewear retailer,Bengaluru,Ronnie Screwvala,Private Equity,3500000.0,True,2017,1
1900,10/01/2017,Loan Frame,FinTech,Small Business Loans Marketplace platform,Gurugram,"Toos N Daruvala, Vedanta Capital, William Campbell",Private Equity,2250000.0,True,2017,3
1901,10/01/2017,Medinfi,Healthcare,Doctor & Clinic Discovery portal,Bengaluru,"Evan Lim, Kanchan Ghoshal, Ram Kumar Kakani, Vinod Martin",Seed/Angel,100000.0,True,2017,4
1902,10/01/2017,Securens,Technology,e-surveillance services provider,Mumbai,"Mayfield India, Trifecta Capital",Private Equity,5000000.0,True,2017,2
1903,11/01/2017,InstaOffice,Real Estate,CoWorking Spaces booking platform,Gurugram,"Karan Chellani, Mohit Satyan, Zishaan Hayath",Seed/Angel,,False,2017,3
1904,12/01/2017,Hansel.io,Consumer Internet,Real-time Mobile App Management Platform,Bengaluru,"Endiya Partners, IDG Ventures",Private Equity,1350000.0,True,2017,2
1905,12/01/2017,Square Yards,Real Estate,Property Search Aggregator platform,Gurugram,"Andre Hoffman, Lohia Group",Private Equity,10000000.0,True,2017,2
1906,13/01/2017,iService,Consumer Internet,Gadgets Repair & Service Booking platform,Bengaluru,"Aprameya Radhakrishna, Blume Ventures, Girish Mathrubootham",Seed/Angel,440000.0,True,2017,3
1907,13/01/2017,PaisaWapas,E-commerce,Cashback & Coupons platform,Bengaluru,Vividhity Ventures,Seed/Angel,,False,2017,1
1908,13/01/2017,Roambee,Logistics,IoT smart Logistics and Asset Management Company,Mumbai,Deutsche Telekom Strategic Investments,Private Equity,4100000.0,True,2017,1
1909,14/01/2017,SecururAX,Technology,Cloud-based solutions provider,Bengaluru,"Axilor Ventures, Parampara Early Stage Opportunities Fund",Private Equity,,False,2017,2
1910,14/01/2017,Unacademy,EdTech,Online learning platform,Bengaluru,"Blume Ventures, Nexus Venture Partners",Private Equity,4500000.0,True,2017,2
1911,16/01/2017,Leadburg,Consumer Internet,Personality Development Mobile App,Bengaluru,"Harsh V. Pant, Ratheesh Raveendran",Seed/Angel,,False,2017,2
1912,16/01/2017,Oi Media,Media & Entertainment,SAAS Based Media Marketing platform,Delhi,Quarizon,Seed/Angel,,False,2017,1
1913,16/01/2017,ZoloStays,Travel & Hospitality,Branded PG Accomodation booking platform,Bengaluru,"Innoven Capital, Nexus Venture Partners",Private Equity,5000000.0,True,2017,2
1914,17/01/2017,Curiositi,EdTech,Online Learning Platform,Bengaluru,"Menterra Social Impact Fund, Unitus Seed Fund",Private Equity,800000.0,True,2017,2
1915,17/01/2017,Ezytruk,Logistics,Logistics and truck aggregator platform,Bengaluru,"Ajith Nair, Anish K",Seed/Angel,147000.0,True,2017,2
1916,17/01/2017,Ketchupp,Food & Beverage,Food Discovery Platform,Delhi,India Quotient,Seed/Angel,441000.0,True,2017,1
1917,17/01/2017,Practo,Healthcare,Online Healthcare platform,Bengaluru,"RSI Fund, Tencent, Thrive Capital, ru-Net",Private Equity,55000000.0,True,2017,4
1918,17/01/2017,TinyStep,Media & Entertainment,Parenting Info & Social Network,Bengaluru,Flipkart,Private Equity,2000000.0,True,2017,1
1919,18/01/2017,Direct Create,E-commerce,B2B Marketplace for Handicrafts,Gurugram,Rajasthan Venture Capital Fund,Seed/Angel,,False,2017,1
1920,18/01/2017,Kratikal,Technology,Cyber Security Solution provider,Delhi,"Amajit Gupta, J.P. Bhatt, Praveen Dubey",Seed/Angel,,False,2017,3
1921,18/01/2017,Vahdam Tea,E-commerce,Online Tea etailer,Delhi,"Fireside Ventures, Mumbai Angels Network, Singapore Angel Network",Seed/Angel,650000.0,True,2017,3
1922,19/01/2017,Fitnapp,Healthcare,Fitness Mobile App,Noida,SD Group,Private Equity,,False,2017,1
1923,19/01/2017,Native Special,E-commerce,Indian Sweets & Snacks etailer,Karur,"Indian Angel Network, Native Angels Network",Seed/Angel,,False,2017,2
1924,19/01/2017,PParke,Consumer Internet,Parking Solutions mobile app,Bengaluru,SB Ventures,Seed/Angel,,False,2017,1
1925,19/01/2017,Weddingz,E-commerce,Online Marketplace for Wedding Venues and vendors,Mumbai,Singularity Ventures,Private Equity,1000000.0,True,2017,1
1926,20/01/2017,Connaizen,Technology,Data Analytics platform,Delhi,Umang Moondra,Seed/Angel,,False,2017,1
1927,20/01/2017,Ethosh,Technology,Visual and Interactive communications Solutions,Pune,Deepak Nathani,Seed/Angel,,False,2017,1
1928,20/01/2017,Tyre Express,Technology,IoT platform for Tyre Performance management & tracking,Mumbai,IvyCamp Ventures,Seed/Angel,,False,2017,1
1929,20/01/2017,Wydr,E-commerce,B2B Wholesale Marketplace in India,Gurugram,"Axis Capital, Bessemer Venture Partners, Jungle Venture Partners, Stellaris Venture Partners",Private Equity,,False,2017,4
1930,22/01/2017,MessaGif,Media & Entertainment,social messaging platform,Delhi,Undisclosed investor,Seed/Angel,50000.0,True,2017,1
1931,23/01/2017,ChipperSage,EdTech,Online learning platform,Bengaluru,India Educational Investment Fund,Seed/Angel,,False,2017,1
1932,23/01/2017,CRON Systems,Technology,Border Intrusion Alert Solutions,Delhi,YourNest Fund II,Seed/Angel,,False,2017,1
1933,23/01/2017,CueMath,EdTech,Maths Learning program,Delhi,"CapitalG, Sequoia Capital",Private Equity,15000000.0,True,2017,2
1934,23/01/2017,SmartHi,Technology,Audit automation Solutions,Pune,Singapore based investor,Seed/Angel,,False,2017,1
1935,24/01/2017,BetaOut,E-commerce,ECommerce Marketing Software,Noida,East Ventures,Private Equity,,False,2017,1
1936,24/01/2017,Khel Now,Media & Entertainment,Mobile-based Social Platform for Sports,Bengaluru,Indochine International,Private Equity,500000.0,True,2017,1
1937,24/01/2017,LetsTransport,Mobility,Online transport vehicle booking platform,Bengaluru,"GMO Japan, Neelesh Bhatnagar",Private Equity,4000000.0,True,2017,2
1938,24/01/2017,NowFloats,Consumer Internet,Platform to take businesses online,Hyderabad,"Blume Ventures, IIFL, Iron Pillar, Omidyar Network",Private Equity,10000000.0,True,2017,4
1939,24/01/2017,SelectJobs,HR & Jobs,Online Job portal,Mumbai,India Educational Investment Fund,Seed/Angel,,False,2017,1
1940,25/01/2017,Infibeam,E-commerce,eCommerce Marketplace,Ahmedabad,"Bennett, Coleman, Company Ltd",Private Equity,8800000.0,True,2017,3
1941,25/01/2017,InstaSafe,Technology,Security-as-a-Service solution provider,Bengaluru,ABM Knowledgeware,Private Equity,2200000.0,True,2017,1
1942,25/01/2017,LoyaltyPrime,Technology,Loyalty program management solutions,Delhi,"Alexander Bruehl, Senovo, Unternehmertum Venture Capital",Private Equity,,False,2017,3
1943,25/01/2017,RML Agtech,AgriTech,Agri Decision Support Solution for farmers,Pune,IvyCap Ventures,Private Equity,4000000.0,True,2017,1
1944,25/01/2017,Wishberry,FinTech,Crowdfunding Platform,Mumbai,"Alok Mittal, Amit Ranjan, Rajan Anandan, Sharad Sharma",Seed/Angel,,False,2017,4
1945,26/01/2017,99PerHour,Consumer Internet,Hyper-local Handyman Service provider,Chennai,V Aanand R,Seed/Angel,300000.0,True,2017,1
1946,26/01/2017,AirMed Labs,Healthcare,Health Tests Booking platform & ePharmacy,Ahmedabad,Brand Capital,Private Equity,1400000.0,True,2017,1
1947,26/01/2017,Kochi Post,Media & Entertainment,English Online News portal,Kochi,"Cole, Puthen, Rajesh Yohannan",Seed/Angel,,False,2017,3
1948,30/01/2017,Cloudrino,Technology,Cloud based Virtual Servers,Delhi,The Ten Minute Million,Seed/Angel,22500.0,True,2017,1
1949,30/01/2017,FabX,E-commerce,Used Furniture Marketplace,Mumbai,The Ten Minute Million,Seed/Angel,68000.0,True,2017,1
1950,30/01/2017,Intuit Things,Technology,IoT solutions for home automation applications,Mumbai,"Others ( The Ten Minute Million), Sanjay Mehta",Seed/Angel,106000.0,True,2017,2
1951,30/01/2017,Maptags,Media & Entertainment,Smart Online address tags,Bengaluru,The Ten Minute Million,Seed/Angel,18000.0,True,2017,1
1952,30/01/2017,YOLO Health,Healthcare,Online Healthcare platform,Mumbai,Chandigarh Angels Network (CAN),Seed/Angel,,False,2017,1
1953,31/01/2017,Register My Marriage,Consumer Internet,Online Marriage Registration services,Delhi,Mumbai Angels,Seed/Angel,,False,2017,1
1954,03/02/2017,Stockroom.io,Consumer Internet,Curated Platform for Developers,Hyderabad,"Gyanendra Singh, Satya D Sinha",Seed/Angel,,False,2017,2
1955,06/02/2017,Capital Float,FinTech,Online lending platform,Bengaluru,IFMR Capital Finance,Private Equity,2500000.0,True,2017,1
1956,06/02/2017,iManageMyHotel,Travel & Hospitality,Hotel Management Solution,Kolkata,Jaarvis Accelerator,Seed/Angel,,False,2017,1
1957,07/02/2017,Inner Hour,Healthcare,Online Counselling Platform,Mumbai,"Batlivala, Karani Securities, Venture Works",Seed/Angel,450000.0,True,2017,3
1958,07/02/2017,Travel Triangle,Travel & Hospitality,Online travel agent marketplace,Noida,"Bessemer Venture Partners, RB Investments, SAIF Partners",Private Equity,10000000.0,True,2017,3
1959,08/02/2017,Cartrade,Mobility,Automobile Classifieds Portal,Mumbai,Temasek Holdings,Private Equity,55000000.0,True,2017,1
1960,08/02/2017,Edurev,EdTech,Online Education Portal,Gurugram,Facebook FB Start programme,Seed/Angel,40000.0,True,2017,1
1961,08/02/2017,MindYourFleet,Mobility,Car Rental Software Solutions,Noida,"Japan Vyas, Tarun Adlakha",Seed/Angel,,False,2017,2
1962,08/02/2017,Wandertrails,Travel & Hospitality,"Online Travel, Adventure & Activities Portal",Bengaluru,Earlsfield Capital,Seed/Angel,1000000.0,True,2017,1
1963,08/02/2017,Zenatix,Energy & CleanTech,IoT Based Energy Monitoring & Control,Gurugram,"Blume Ventures, pi Ventures",Private Equity,1200000.0,True,2017,2
1964,09/02/2017,1Crowd,FinTech,Startup Crowd-funding platform,Mumbai,Ganesh Natarajan,Seed/Angel,,False,2017,1
1965,09/02/2017,Voonik,E-commerce,Women Apparel & Lifestyle etailer,Bengaluru,"RB Investments, Sequoia Capital",Private Equity,6000000.0,True,2017,2
1966,09/02/2017,Wooplr,E-commerce,Women Fashion Portal,Bengaluru,"Amereus Group, Helion Ventures, Sistema Asia Fund",Private Equity,8000000.0,True,2017,3
1967,10/02/2017,48East,E-commerce,Online Food Delivery Platform,Bengaluru,Al Dhaheri family,Private Equity,500000.0,True,2017,1
1968,10/02/2017,Redesyn,Consumer Internet,Tech Enabler for Artists,Mumbai,ThinQbate,Seed/Angel,,False,2017,1
1969,13/02/2017,Better Mortgage,Consumer Internet,Mortgage Offering Platform,Gurugram,"Goldman Sachs, Kleiner Perkins, Pine Brook",Private Equity,15000000.0,True,2017,3
1970,13/02/2017,Flutura,Technology,Decision Sciences Analytics Solutions,Bengaluru,"Lumis Partners, Vertex Ventures",Private Equity,7500000.0,True,2017,2
1971,13/02/2017,Fyle,Technology,Expense Management Solution,Bengaluru,Pravega Ventures,Seed/Angel,400000.0,True,2017,1
1972,13/02/2017,Nurturey,Consumer Internet,Parenting Mobile App,Delhi,Mohit Joshi,Seed/Angel,330000.0,True,2017,1
1973,13/02/2017,Sigtuple,Healthcare,Medical Automation platform,Bengaluru,"Accel, Axilor Partners, Endiya Partners, IDG Ventures, VH Capital, pi Ventures",Private Equity,5800000.0,True,2017,6
1974,13/02/2017,Wassup,Consumer Internet,On Demand Laundry & Dry Cleaning Services,Chennai,Anil Jain & other HNIs,Private Equity,3200000.0,True,2017,1
1975,14/02/2017,CCAvenue,FinTech,Online Payment Gateway,Mumbai,Infibeam,Private Equity,22400000.0,True,2017,1
1976,14/02/2017,Connaizen,Technology,Data Analytics platform,Delhi,Vikram Sud,Seed/Angel,,False,2017,1
1977,14/02/2017,GoBumpr,Mobility,Online Bike & Car Services provider,Chennai,"Girish Mathrubootham, Mahalingam K",Seed/Angel,300000.0,True,2017,2
1978,15/02/2017,AirZaar,Technology,Drone operations management platform,Missouri,Quake Capital,Seed/Angel,350000.0,True,2017,1
1979,15/02/2017,Innov8,Real Estate,Co-Working Space Platform,Delhi,"Anand Chandrasekaran, Girish Mathrubootham, Kunal Shah, Punit Soni, Rajan Anandan, Sunil Kalra, Utsav Somani, Vijay Shekhar Sharma, Vikram Limaye, Vishal Gondal",Seed/Angel,,False,2017,10
1980,15/02/2017,ZestMoney,FinTech,Online Consumer Lending platform,Bengaluru,"Omidyar Network, PayU, Ribbit Capital",Private Equity,6500000.0,True,2017,3
1981,16/02/2017,Truebil,Mobility,Online Marketplace for Used Cars,Mumbai,Shunwei Capital,Private Equity,3000000.0,True,2017,1
1982,16/02/2017,YourStory,Media & Entertainment,Online Media,Bengaluru,"3ONE4 Capital Advisors, Kalaari Capital Partners, Qualcomm, UC-RNT",Private Equity,3000000.0,True,2017,4
1983,17/02/2017,Aisle,Consumer Internet,Online match-making app,Bengaluru,"Konglo Ventures, LetsVenture, White Unicorn Ventures",Seed/Angel,,False,2017,3
1984,17/02/2017,Imaginate,Technology,AR & VR platform,Hyderabad,SRI Capital,Seed/Angel,500000.0,True,2017,1
1985,17/02/2017,Leopetra,E-commerce,Solution provider for pet needs,Mumbai,Facebook FBStart,Seed/Angel,40000.0,True,2017,1
1986,17/02/2017,The Ken,Media & Entertainment,Online Media Platform,Bengaluru,"Aprameya Radhakrishna, Deepak Natraj, Girish Mathrubootham, Mahesh Murthy, Pallav Nadhani, Pavan Ongole, Sandeep Mathur, Vijay Shekhar Sharma",Seed/Angel,400000.0,True,2017,8
1987,17/02/2017,TownScript,Consumer Internet,DIY event registration and ticketing portal,Pune,BookMyShow,Private Equity,,False,2017,1
1988,17/02/2017,Urban Ladder,E-commerce,Online Furniture Store,Bengaluru,"Kalaari Capital, SAIF Partners, Sequoia Capital, Steadview Capital",Private Equity,15200000.0,True,2017,4
1989,18/02/2017,Blood n Care,Consumer Internet,First Aid care app,Gurugram,Facebook FBStart,Seed/Angel,40000.0,True,2017,1
1990,20/02/2017,Flipkart,E-commerce,Online Marketplace,Bengaluru,"Bennett, Co. Ltd (BCCL), Coleman",Private Equity,38700000.0,True,2017,3
1991,21/02/2017,True Balance,Consumer Internet,Mobile balance Checking App,Gurugram,"IMM Investment, Softbank Ventures Korea",Private Equity,15000000.0,True,2017,2
1992,22/02/2017,Vebbler,Media & Entertainment,Photo Sharing for Groups,Bengaluru,Facebook FBStart,Seed/Angel,40000.0,True,2017,1
1993,23/02/2017,Get My Parking,Media & Entertainment,Smart Parking Platform,Delhi,"BEENEXT, Indian Angel Network (IAN), Sunil Munjal, The Chennai Angels",Private Equity,1100000.0,True,2017,4
1994,23/02/2017,Lets Reap,Healthcare,B2B Mobile App for Pharmacies,Mumbai,"Gagan Goyal, Kunal Shah, Nitin Saluja, Sandeep Tandon",Seed/Angel,,False,2017,4
1995,24/02/2017,Oglas,Media & Entertainment,Mobile Advertising App,Noida,"Pankaj Rungta, Yogesh Agarwal",Seed/Angel,,False,2017,2
1996,27/02/2017,Biryani By Kilo,Food & Beverage,Online Food Ordering & Delivery Portal,Gurugram,"Ashish Chand, Ashish Gupta, Chandigarh Angels, Rohit, Sunil Singh",Seed/Angel,375000.0,True,2017,5
1997,27/02/2017,Staydobe,Consumer Internet,Co-Living Spaces Aggregator,Bengaluru,Ishan Manaktala,Seed/Angel,,False,2017,1
1998,28/02/2017,BlackBuck,Logistics,Online freight aggregator,Bengaluru,"Accel, Flipkart, IFC, Sands Capital, Sanjiv Rangrass",Private Equity,70000000.0,True,2017,5
1999,28/02/2017,NeoStencil,EdTech,Live Online Coaching Classes,Delhi,"Brand Capital, Paragon Trust",Private Equity,1000000.0,True,2017,2
2000,01/03/2017,Belong,Consumer Internet,Online Jon Portal,Bengaluru,Sequoia Capital,Private Equity,10000000.0,True,2017,1
2001,01/03/2017,Ola,Mobility,App based cab aggregator,Bengaluru,SoftBank Group Corp,Private Equity,330000000.0,True,2017,1
2002,01/03/2017,Paalak,E-commerce,Fresh Produce Selling portal,Delhi,"Anupam Tyagi, Harsh Kundra, LN Buddharaju, Nandkumar Rane, Vishwadeep Bajaj",Seed/Angel,,False,2017,5
2003,01/03/2017,Seenit,E-commerce,AI based Fashion Search Portal,Kolkata,"Augment Ventures, Calcutta Angels Network (CAN)",Seed/Angel,,False,2017,2
2004,02/03/2017,Celes Care,Healthcare,Women Healthcare & Information portal,Hyderabad,"Eight Roads Ventures, Endiya Partners, F-Prime Capital Partners, Ventureast",Private Equity,1500000.0,True,2017,4
2005,02/03/2017,CreditMantri,FinTech,Online Credit score & lending platform,Chennai,Quona Capital,Private Equity,7600000.0,True,2017,1
2006,02/03/2017,Karomi,Technology,Packaging Artwork Management software,Chennai,Ideaspring Capital,Seed/Angel,500000.0,True,2017,1
2007,02/03/2017,Kreate Konnect,E-commerce,End-to-End Seller e-commerce solutions Provider,Vadodara,Langoor,Seed/Angel,,False,2017,1
2008,02/03/2017,Red Carpet,FinTech,Micro Lending platform,Gurugram,Lightspeed Venture Partners,Private Equity,2500000.0,True,2017,1
2009,03/03/2017,Emojifi,Consumer Internet,Mobile App for live emoji,Hyderabad,Undisclosed angel investors,Seed/Angel,,False,2017,1
2010,03/03/2017,Lets Endorse,Media & Entertainment,Online Ecosystem of social innovators,Bengaluru,"Chandigarh Angels Network, Social Alpha and other unnamed angel investors",Seed/Angel,,False,2017,2
2011,03/03/2017,Nactus,EdTech,Professional Tutors discovery & booking mobile app,Jaipur,"Gautam Chhaochharia, R Balachandar, Sandeep Aggarwal",Seed/Angel,,False,2017,3
2012,03/03/2017,Oho Shop,E-commerce,eCommerce Mobile App Builder,Ahmedabad,"Bennett, Coleman, Company Ltd",Private Equity,6700000.0,True,2017,3
2013,03/03/2017,Paytm Marketplace,E-commerce,ECommerce Marketplace,Bengaluru,Alibaba,Private Equity,200000000.0,True,2017,1
2014,03/03/2017,Tydy,Technology,Employee Onboarding and Engagement platform,Bengaluru,"Bhupen Shah, Jayesh Parekh, Sanjay Sathe",Seed/Angel,275000.0,True,2017,3
2015,04/03/2017,iGenetics,Healthcare,Health Diagnostic Solutions,Mumbai,CDC Group Plc,Private Equity,19500000.0,True,2017,1
2016,06/03/2017,Juno Clinic,Healthcare,Online Counseling Platform,Mumbai,Atul Nishar,Seed/Angel,1200000.0,True,2017,1
2017,06/03/2017,PickMe,FinTech,Gadget Insurance & Repair Services platform,Mumbai,SIDBI Venture Capital Fund,Private Equity,1790000.0,True,2017,1
2018,06/03/2017,Summerlabel,E-commerce,Fashion and Lifestyle discovery platform,Gurugram,"Aneesh Seth, Tushar Mittal",Seed/Angel,150000.0,True,2017,2
2019,07/03/2017,Agrostar,AgriTech,Direct-to-Farmer Mobile-Based Retail platform,Pune,Accel,Private Equity,10000000.0,True,2017,1
2020,07/03/2017,Blowhorn,Logistics,Intra-City Logistics provider,Bengaluru,"Draper Associates, IDG Ventures India, Michael, Susan Dell Foundation, Unitus Seed Fund",Private Equity,3650000.0,True,2017,5
2021,07/03/2017,Book Servicing,Mobility,Online Vehicle Services Booking platform,Delhi,"National Science, Technology Entrepreneurship Development Board",Seed/Angel,30000.0,True,2017,2
2022,07/03/2017,Data Resolve,Technology,Cyber Security Solutions,Noida,IDFC Parampara Early Stage Opportunities Fund,Private Equity,1000000.0,True,2017,1
2023,07/03/2017,Zapr,Media & Entertainment,"DSP, TV Analytics & Cross-Platform advertising",Bengaluru,Star India Pvt Ltd,Private Equity,10000000.0,True,2017,1
2024,08/03/2017,Parentune,Media & Entertainment,Online Community for Parents,Gurugram,"Kae Capital, SEGNEL Ventures",Private Equity,,False,2017,2
2025,08/03/2017,PipeCandy,Technology,Intelligent Sales Prospecting Platform,Chennai,"Axilor Ventures, Emergent Ventures, IDG ventures, Indian Angel Network",Seed/Angel,1100000.0,True,2017,4
2026,08/03/2017,Rivigo,Logistics,Technology Enabled Logistics Company,Gurugram,Private Sector Banks (Debt Funding),Private Equity,15000000.0,True,2017,1
2027,08/03/2017,Supr Daily,Logistics,Subscription based Home Delivery Platform,Mumbai,Y Combinator,Seed/Angel,120000.0,True,2017,1
2028,09/03/2017,AppBrowzer,E-commerce,Instant Mobile Apps Store,Bengaluru,Deepak Gurnani,Seed/Angel,500000.0,True,2017,1
2029,09/03/2017,MagicBricks,Real Estate,Online Real Estate Portal,Mumbai,Times Internet Ltd,Private Equity,4500000.0,True,2017,1
2030,10/03/2017,iOrderFresh,E-commerce,Online fresh fruits and grocery store,Delhi,Singapore Angel Network,Seed/Angel,,False,2017,1
2031,10/03/2017,Lavelle Networks,Technology,SDN Solutions,Bengaluru,Ideaspring Capital,Seed/Angel,600000.0,True,2017,1
2032,10/03/2017,PeeBuddy,Healthcare,Female Hygiene product manufacturer,Delhi,Indian Angel Network,Seed/Angel,443000.0,True,2017,1
2033,10/03/2017,PropertyShare,Consumer Internet,Fractional Proerty Ownership & Rental platform,Bengaluru,"Asuka, BEENEXT, Pravega Ventures",Seed/Angel,,False,2017,3
2034,14/03/2017,MyDermacy,Consumer Internet,Online Dermatology consultation platform,Delhi,Cyber Carrier,Private Equity,,False,2017,1
2035,15/03/2017,Frapperz,Consumer Internet,On-demand home services provider,Kolkata,Undisclosed Investor,Seed/Angel,100000.0,True,2017,1
2036,15/03/2017,LatestOne,E-commerce,Tech Accessories e-tailer,Hyderabad,"Bharat Sheth, Chidambaram Palaniappan, Florintree, Mathew Cyriac",Private Equity,3350000.0,True,2017,4
2037,16/03/2017,Fitso,Healthcare,Fitness Mobile App,Gurugram,"Bhupender Singh, Sujeet Kumar, Yashish Dhaiya",Seed/Angel,200000.0,True,2017,3
2038,16/03/2017,mPaani,Consumer Internet,Loyalty rewards app,Mumbai,"Blume Ventures, IDG Ventures, Saha Fund",Private Equity,1350000.0,True,2017,3
2039,16/03/2017,POPxo,Media & Entertainment,Digital Media publication for women,Delhi,"Atul Goel, GREE Ventures, Gurpreet Singh, IDG Ventures India, Kalaari Capital, Summit Media",Private Equity,3100000.0,True,2017,6
2040,16/03/2017,ShilpMIS,Technology,Virtual Reality platform,Surat,"Nimitt Desai, Puneet Gupta",Seed/Angel,,False,2017,2
2041,17/03/2017,FarMart,AgriTech,Farming rental equipment provider,Gurugram,Indian Angel Network,Seed/Angel,,False,2017,1
2042,21/03/2017,Airpay,FinTech,Online payment Gateway,Mumbai,"Kalaari Capital, Rajesh Jhunjhunwala, Rakesh",Private Equity,3670000.0,True,2017,3
2043,21/03/2017,Flipkart,E-commerce,ECommerce Marketplace,Bengaluru,"Microsoft, Tencent Holdings, eBay",Private Equity,1400000000.0,True,2017,3
2044,21/03/2017,MyGlamm,Consumer Internet,On-Demand Beauty Services,Mumbai,L'Occitane,Private Equity,5300000.0,True,2017,1
2045,22/03/2017,Haqdarshak,Media & Entertainment,Tech-Enabled Social Enterprise,Bengaluru,"Ravi Saxena, Sandeep Raju",Seed/Angel,191000.0,True,2017,2
2046,22/03/2017,The Mons Co.,E-commerce,Pregnancy & Baby Care etailer,Delhi,"Nandu Nandkishore, Shripad Nadkarni",Seed/Angel,,False,2017,2
2047,23/03/2017,Ixigo,Travel & Hospitality,Online Travel Search Engine,Gurugram,"Kinzon Capital, Sequoia Capital",Private Equity,15000000.0,True,2017,2
2048,23/03/2017,Markets and Markets,Media & Entertainment,Marketing Research Company,Pune,"FTV Capital, Zodius Capital",Private Equity,56000000.0,True,2017,2
2049,24/03/2017,BabyonBoard,Consumer Internet,Parenting Mobile App,Bengaluru,"Gaurav Luniya, Mahavir Sharma, Rohit Sethi, Vishal Jain",Seed/Angel,,False,2017,4
2050,24/03/2017,Bizom,Logistics,supply chain automation platform,Bengaluru,Ojas Ventures,Seed/Angel,382000.0,True,2017,1
2051,24/03/2017,Delhivery,Logistics,Tech enabled Fulfilment & Logistics Solutions,Delhi,"Carlyle Group, Tiger Global",Private Equity,100000000.0,True,2017,2
2052,27/03/2017,Sport Flashes,Media & Entertainment,Sports Based Online Media portal,Delhi,"Amit Kharbanda, Vikas Bajaj",Seed/Angel,,False,2017,2
2053,28/03/2017,DoneThing,Consumer Internet,On-demand Personal Assistant service,Gurugram,Brand Capital,Private Equity,300000.0,True,2017,1
2054,28/03/2017,Fynd,E-commerce,Online fashion marketplace,Mumbai,Venture Catalysts,Private Equity,500000.0,True,2017,1
2055,28/03/2017,Wigzo,Technology,Enterprise Automation suite,Delhi,3one4 capital,Private Equity,,False,2017,1
2056,29/03/2017,Byju's,EdTech,Online Education Platform,Bengaluru,Verlinvest,Private Equity,,False,2017,1
2057,29/03/2017,Ithaka,Travel & Hospitality,Vacation Trip Planning platform,Mumbai,"Ankit Gupta, Puneet Motihar",Seed/Angel,325000.0,True,2017,2
2058,29/03/2017,Licious,E-commerce,Online Meat Ordering platform,Bengaluru,"3one4 Capital, Mayfield India, Neoplux Technology Fund, Sistema Asia Fund",Private Equity,10000000.0,True,2017,4
2059,29/03/2017,Medinfi,Healthcare,Doctor & Hospital search Platform,Bengaluru,"Hemant Kaul, Prof. Ram Kumar Kakani, Vinod Martin",Seed/Angel,50000.0,True,2017,3
2060,29/03/2017,perpule,E-commerce,Self-Checkout ECommerce App,Bengaluru,KStart Capital,Seed/Angel,650000.0,True,2017,1
2061,30/03/2017,Emflux Motors,Retail & Consumer Goods,Electric Motorcycle manufacturer,Bengaluru,"Krit Sankalp, Meet Kanodia, Meher Roy, Nikhil Arora, Nitish Singh, Risabh Gupta",Seed/Angel,,False,2017,6
2062,30/03/2017,Indus OS,Technology,Mobile OS creator,Mumbai,"JSW Ventures, VenturEast",Private Equity,,False,2017,2
2063,30/03/2017,Klinic App,Healthcare,Pathology & Diagnostic Tests Portal,Gurugram,Om Chaudhry,Seed/Angel,,False,2017,1
2064,31/03/2017,BigBasket,E-commerce,Online Grocer,Bengaluru,Trifecta Capital,Private Equity,7000000.0,True,2017,1
2065,31/03/2017,FalconBrick,Technology,Real-Estate Workflow mobile app,Bengaluru,"LetsVenture, Mumbai Angels, Satveer Thakral",Seed/Angel,,False,2017,3
2066,31/03/2017,Icertis,Technology,ERP solutions provider,Pune,"B Capital Group, Eight Roads Ventures, Greycroft, Ignition Partners, e.ventures",Private Equity,25000000.0,True,2017,5
2067,31/03/2017,Jhakaas,Consumer Internet,Offline Business Aggregator App,Mumbai,"Anjani Prasad, Malini Patel, Stelcore Management Services",Seed/Angel,155000.0,True,2017,3
2068,31/03/2017,Oriano Solar,Energy & CleanTech,Turnkey Solar Solutions,Mumbai,Samridhi Fund,Private Equity,3000000.0,True,2017,1
2069,31/03/2017,Rooter,Consumer Internet,Sports engagement platform,Delhi,Intex Technologies,Private Equity,,False,2017,1
2070,01/04/2017,Cashe,FinTech,Online & Mobile based Lending platform,Mumbai,"Florintree Advisors, Mathew Cyriac",Private Equity,3800000.0,True,2017,2
2071,03/04/2017,Eruditus,EdTech,Executive Education Provider,Mumbai,Bertelsmann India,Private Equity,8200000.0,True,2017,1
2072,03/04/2017,Healthcare at Home,Healthcare,Home Healthcare Provider,Noida,Quadria Capital Advisors,Private Equity,40000000.0,True,2017,1
2073,03/04/2017,Smartcoin,FinTech,Micro Lending platform,Bengaluru,Unicorn India Ventures,Private Equity,,False,2017,1
2074,03/04/2017,TestBook,EdTech,Online Test Preparation Platform,Mumbai,Matrix Partners India,Private Equity,,False,2017,1
2075,03/04/2017,Tyre Express,Technology,Enterprise IoT solutions For Tyre Performance,Mumbai,Rohitash Gupta,Seed/Angel,,False,2017,1
2076,04/04/2017,ElastiRun,Logistics,App based Logistics & Distribution platform,Pune,"Kalaari Capital, Norwest Venture Partners",Private Equity,7000000.0,True,2017,2
2077,04/04/2017,Konsult App,Healthcare,App based Doctor Consulting platform,Delhi,"Jeroen Mensen, Koen Bouwers, Lomesh Agarwal, Pablo van den Bosch",Seed/Angel,500000.0,True,2017,4
2078,04/04/2017,Perfios,FinTech,Fin-Tech Solutions,Bengaluru,Bessemer Venture Partners,Private Equity,6100000.0,True,2017,1
2079,04/04/2017,Trukky,Logistics,Online Truck Aggregator & Booking platform,Ahmedabad,"Keyur Joshi, Pavan Bakeri",Seed/Angel,500000.0,True,2017,2
2080,04/04/2017,WayCool,Food & Beverage,Fresh-Produce Distribution Platform,Chennai,Aspada Investments,Private Equity,2700000.0,True,2017,1
2081,04/04/2017,Whatfix,Technology,Interactive Tech-Support Guides,Bengaluru,"Aneesh Reddy, Girish Mathrubootham, Gokul Rajaram, Helion Venture Partners, Powerhouse Ventures, Stellaris Venture Partners, Vispi Daver",Private Equity,3690000.0,True,2017,7
2082,05/04/2017,Credit Sudhaar,FinTech,Credit Score Improvement platform,Mumbai,"Deepak Kulkarni, Sandeep Pangal",Seed/Angel,,False,2017,2
2083,05/04/2017,DataWeave,Technology,Business Intelligence Solutions,Bengaluru,"Blume Ventures, FreakOut Group, Herb Madan, WaterBridge Ventures",Private Equity,,False,2017,4
2084,05/04/2017,Fingerlix,Food & Beverage,Food Delivery Platform,Mumbai,Zephyr Peacock India,Private Equity,3000000.0,True,2017,1
2085,06/04/2017,Mech Mocha,Gaming,Mobile gaming startup,Bengaluru,"Accel, Shunwei Capital",Private Equity,5000000.0,True,2017,2
2086,06/04/2017,Medwell Ventures,Healthcare,Home-Based Healthcare provider,Bengaluru,"Eight Roads Ventures, F-Prime Capital Partners, Mahindra Partners",Private Equity,21000000.0,True,2017,3
2087,07/04/2017,PharmEasy,E-commerce,Online Pharmacy,Mumbai,"Bessemer Venture Partners, Orios Venture Partners, Trifecta Capital",Private Equity,18000000.0,True,2017,3
2088,07/04/2017,QorQI,Healthcare,Online Healthcare provider,Noida,Paytm,Seed/Angel,,False,2017,1
2089,07/04/2017,Startup Buddy,Consumer Internet,Startup Support Platform,Gurugram,YouWeCan Ventures,Seed/Angel,,False,2017,1
2090,07/04/2017,Twenty Two Motors,Mobility,Smart Scooter manufacturer,Gurugram,"Farhaan Shabbir, Ishwar Singh",Seed/Angel,,False,2017,2
2091,08/04/2017,FastFox,Consumer Internet,Online rental discovery platform,Gurugram,"Blume Ventures, CyberAgent Ventures, GrowX Ventures, IMJ Investment Partners, Lightspeed India Partners",Private Equity,4600000.0,True,2017,5
2092,08/04/2017,WonderChef,E-commerce,Online marketplace for kitchen products,Mumbai,Labruyere Eberlé,Private Equity,,False,2017,1
2093,10/04/2017,Capital Float,FinTech,Online Lending Platform for SME,Bengaluru,"Mahindra, Mahindra Financial Services",Private Equity,2300000.0,True,2017,2
2094,10/04/2017,Omnify,Technology,SaaS platform for SMEs,Bengaluru,"L.D Sharma, Rajan Anandan, Saurabh Arora",Seed/Angel,150000.0,True,2017,3
2095,11/04/2017,MergerWare,Technology,Software solutions for M&As,Bengaluru,Philippe Bouchet,Seed/Angel,100000.0,True,2017,1
2096,11/04/2017,Ninjacart,E-commerce,B2B agri-marketing platform,Bengaluru,"Accel, M&S Partners, Mistletoe, Nandan Nilekani's NRJN Trust, Qualcomm Ventures",Private Equity,5500000.0,True,2017,5
2097,11/04/2017,Sports Flashes,Consumer Internet,Online Sports portal & Mobile app,Delhi,"Sandeep Singh, Sushil Kumar",Seed/Angel,,False,2017,2
2098,12/04/2017,Clovia,E-commerce,Online lingerie & Sleepwear etailer,Delhi,"Ivycap Ventures Advisors, Ravi Dhariwal, Singularity Ventures",Private Equity,4000000.0,True,2017,3
2099,12/04/2017,Emiza,Logistics,Third Party Logistics provider,Mumbai,"Dileep Nath, Mayfield, Nishant Rao",Private Equity,4500000.0,True,2017,3
2100,12/04/2017,HackerEarth,Consumer Internet,Online Skill Assessment Platform,Bengaluru,"Beenext, Beenos, BizReach, DHI Group Inc, Digital Garage, Prime Venture Partners",Private Equity,4500000.0,True,2017,6
2101,12/04/2017,ScoutMyTrip,Travel & Hospitality,Online Travel planner,Mumbai,Z Nation Lab,Seed/Angel,,False,2017,1
2102,12/04/2017,Squadrun,Technology,Software-As-a-Service Platform,Noida,"91springboard, Abstract Ventures, Anthill Ventures, Axilor Ventures, Blume Ventures, Contrarian Capital, Emergent Ventures",Private Equity,2100000.0,True,2017,7
2103,12/04/2017,Tinmen,Food & Beverage,Food Delivery Platform,Hyderabad,"Corvus Ventures, MAPE Advisory Group, R Ramaraj",Seed/Angel,,False,2017,3
2104,13/04/2017,SafetyKart,E-commerce,Safety & Hygiene Products etailer,Gurugram,Redcliffe Capital,Private Equity,,False,2017,1
2105,13/04/2017,WeAreHolidays,Travel & Hospitality,Travel Packages & Planner marketplace,Gurugram,Urrshila Kerkar,Private Equity,7700000.0,True,2017,1
2106,14/04/2017,Ola,Mobility,Cab Aggregator App,Bengaluru,SIMI Pacific Pte,Private Equity,260000000.0,True,2017,1
2107,15/04/2017,Myly,EdTech,Mobile App for Schools,Jaipur,mall Industries Development Bank of India (SIDBI),Seed/Angel,310000.0,True,2017,1
2108,17/04/2017,Be U Salons,Consumer Internet,Online Salon discovery & Booking Services,Delhi,"Arun Malhotra, Gaurav Kachru, Jatin Aneja, Sundeep Singh Sahni",Seed/Angel,620000.0,True,2017,4
2109,17/04/2017,CrediHealth,Healthcare,Online Medical Assistance platform,Gurugram,"Mountain Pine Capital, Tolaram Inc",Private Equity,1500000.0,True,2017,2
2110,17/04/2017,Lendingkart,FinTech,Lending platform for small businesses,Ahmedabad,Anicut Capital,Private Equity,4650000.0,True,2017,1
2111,17/04/2017,Navia Life Care,Healthcare,Health Technology platform,Delhi,Benori Ventures LLP,Seed/Angel,,False,2017,1
2112,17/04/2017,RawPressery,Food & Beverage,Raw Pressed Juices manufacturer,Mumbai,Jacqueline Fernandez,Seed/Angel,,False,2017,1
2113,17/04/2017,Simulanis,EdTech,eLearning & Skills Development plat,Delhi,Village Capital,Seed/Angel,,False,2017,1
2114,17/04/2017,Snackible,Food & Beverage,Healthy Snacks manufacturer,Mumbai,"Anandbir Singh, Anirudh Sheth, Murali Nair, Nibhrant Shah, Pratik Singhi, Vikram Mehta",Seed/Angel,175000.0,True,2017,6
2115,18/04/2017,Absentia VR,Technology,Virtual Reality Startup,Bengaluru,Exfinity Venture Partners,Private Equity,1250000.0,True,2017,1
2116,18/04/2017,Innefu Security Consulting,Technology,Cyber Security solutions using AI,Delhi,IndiaNivesh Venture Capital Fund,Private Equity,2000000.0,True,2017,1
2117,18/04/2017,Whodat,Technology,Markerless AR platform,Bengaluru,Ideaspring Capital,Private Equity,600000.0,True,2017,1
2118,19/04/2017,IOTrek,Mobility,IoT Platform for Bus,Delhi,Undisclosed Investor,Seed/Angel,155000.0,True,2017,1
2119,20/04/2017,HolaChef,Food & Beverage,Online Food Delivery,Mumbai,"Kalaari Capital, SIDBI Venture Capital Ltd",Private Equity,3000000.0,True,2017,2
2120,20/04/2017,Wooplr,E-commerce,Social Commerce Fashion platform,Bengaluru,Ankit Nagori,Private Equity,,False,2017,1
2121,21/04/2017,Video Ken,EdTech,Video Based Collaborative Learning,Bengaluru,"Ashish Agrawal, LG Chandrasekhar, Ravi Garikipati, Sashi Reddi, Surot Chatterjee",Seed/Angel,1000000.0,True,2017,5
2122,24/04/2017,Faasos,Food & Beverage,QSR chain and online food delivery,Pune,"Lightbox Expansion Fund, Ligthbox Ventures II, RB Investments, RuNet South Asia, Sequoia Capital",Private Equity,6300000.0,True,2017,5
2123,24/04/2017,Niramai,Healthcare,Breast Cancer Screening Solutions,Bengaluru,"500 Startups, Axilor Ventures, Binny Bansal, pi Ventures",Seed/Angel,,False,2017,4
2124,24/04/2017,OYO Rooms,Travel & Hospitality,Branded Budget Hotels Aggregator,Gurugram,"Greenoaks Capital Partners, Lightspeed Venture Partners, Sequoia Capital India Advisors, SoftBank Vision Fund",Private Equity,250000000.0,True,2017,4
2125,24/04/2017,Toppr,EdTech,Learning mobile app for students,Mumbai,WGG International,Private Equity,3200000.0,True,2017,1
2126,25/04/2017,The Office Pass,Real Estate,CoWorking Spaces booking platform,Gurugram,"Aditya Verma, Arun Tadanki",Seed/Angel,245000.0,True,2017,2
2127,25/04/2017,UrbanClap,E-commerce,Mobile Services Marketplace,Gurugram,Trifecta Capital,Private Equity,3100000.0,True,2017,1
2128,26/04/2017,Awfis,Real Estate,Collaborative co-Working Spaces,Mumbai,Sequoia Capital,Private Equity,20000000.0,True,2017,1
2129,26/04/2017,Flytxt,Technology,Customer data analytics software,Mumbai,DAH Beteiligungs GmbH,Private Equity,11000000.0,True,2017,1
2130,26/04/2017,Howdy Ventures,Consumer Internet,Public and Private Events creation app,Chennai,S. Xavier Britto,Seed/Angel,1500000.0,True,2017,1
2131,26/04/2017,Myra,Healthcare,Online Pharmacy,Bengaluru,"Matrix Partners, Times Internet",Private Equity,,False,2017,2
2132,26/04/2017,StalkBuyLove,E-commerce,Online fashion marketplace,Delhi,Trifecta Capital,Private Equity,1000000.0,True,2017,1
2133,26/04/2017,ZipGo,Mobility,Bus Pooling services platform,Bengaluru,"Omidyar Networks, Orios Ventures Partners, Team Builder Ventures",Private Equity,,False,2017,3
2134,27/04/2017,Autobix,Mobility,Software Solutions for Auto Dealership,Pune,GardX International,Seed/Angel,,False,2017,1
2135,27/04/2017,eShiksha,EdTech,Education Institution Management Solutions,Jaipur,"Cross Border Angels, Experts",Seed/Angel,,False,2017,2
2136,27/04/2017,iNurture,EdTech,Online Educational courses,Bengaluru,BlackSoil Capital Pvt. Ltd,Private Equity,1500000.0,True,2017,1
2137,27/04/2017,Scootsy,Food & Beverage,On-Demand Food Delivery,Mumbai,"Agnus Capital, Khattar Holdings",Private Equity,3600000.0,True,2017,2
2138,28/04/2017,Mintwalk,FinTech,Financial advisory mobile app,Mumbai,Poshika Financial Ecosystem,Seed/Angel,,False,2017,1
2139,28/04/2017,Sepalika,Healthcare,Healthcare related content platform,Delhi,Accel,Seed/Angel,750000.0,True,2017,1
2140,29/04/2017,Qriyo,EdTech,Tutor Discovery & Booking platform,Jaipur,NB Ventures,Private Equity,,False,2017,1
2141,01/05/2017,Ace2three,Consumer Internet,Online Rummy playing Website,Hyderabad,Clairvest Group,Private Equity,73700000.0,True,2017,1
2142,01/05/2017,Power2SME,E-commerce,Buying portal for SMEs,Gurugram,International Finance Corporation,Private Equity,10000000.0,True,2017,1
2143,02/05/2017,4tigo,Logistics,Truck Network company,Bengaluru,"Accel, Nandan Nilekani",Private Equity,10000000.0,True,2017,2
2144,02/05/2017,Innovapptive,Mobility,Enterprise Mobility Solutions,Hyderabad,Hyderabad Angels,Seed/Angel,1500000.0,True,2017,1
2145,02/05/2017,SMECorner,FinTech,Online Platform for small business loans,Mumbai,Dutch government fund,Private Equity,,False,2017,1
2146,03/05/2017,Ola,Mobility,Cab Aggregation App,Bengaluru,"Capital Advisers, Falcon Edge Capital",Private Equity,104500000.0,True,2017,2
2147,04/05/2017,Healthians,Healthcare,Online Diagnostics and wellness platform,Delhi,"Asuka Holdings, Beenext, Beenos, M&S Partners, YouWeCan Ventures",Private Equity,,False,2017,5
2148,05/05/2017,Balance App,FinTech,Money Savings & Management App,Bengaluru,Rainmatter,Seed/Angel,233000.0,True,2017,1
2149,05/05/2017,Good Methods Global,Technology,Cloud Based Practice Management Software,Thiruvananthapuram,Accel,Private Equity,,False,2017,1
2150,05/05/2017,HealthMir,Healthcare,AI-based health content platform,Delhi,Nimit Panigrahi,Seed/Angel,,False,2017,1
2151,05/05/2017,i-lend,FinTech,Peer-to-peer lending platform,Hyderabad,50K Ventures,Seed/Angel,,False,2017,1
2152,05/05/2017,Uactive,Healthcare,Health-based social networking & discovery App,Mumbai,Hinduja family,Seed/Angel,,False,2017,1
2153,08/05/2017,Ace Turtle,Technology,Omni-Channel Platform,Bengaluru,"C31 Ventures, Vertex Ventures",Private Equity,5000000.0,True,2017,2
2154,08/05/2017,CureFit,Healthcare,Health-Tech Platform,Bengaluru,"Aditya Agarwal, Gokul Rajaram, Prathithi Investment Trust, RNT Capital, Ruchi Sanghvi, Trifecta Capital Advisors LLP",Private Equity,3200000.0,True,2017,6
2155,08/05/2017,Devourin,Food & Beverage,Restaurant Automation Solution,Pune,Deepak Nathani,Seed/Angel,,False,2017,1
2156,08/05/2017,MyGreens,Food & Beverage,Cold-press Juices manufacturer,Delhi,"Ajay Relan, LetsVenture",Seed/Angel,1000000.0,True,2017,2
2157,08/05/2017,Nightstay,Travel & Hospitality,Last minute hotel booking mobile app,Delhi,"Indian Angels Network, LetsVenture",Seed/Angel,,False,2017,2
2158,08/05/2017,YepMe,E-commerce,Private Label Fashion etailer,Gurugram,"ILearnFinance Academy Pvt. Ltd, Rainbow Digital Services Pvt. Ltd",Private Equity,700000.0,True,2017,2
2159,09/05/2017,Anchanto,Logistics,Ecommerce Fulfilment and Technology Platform,Pune,Luxasia Group,Private Equity,,False,2017,1
2160,09/05/2017,Curie Labs,Energy & CleanTech,Energy Analytics startup,Delhi,Satoshi Studios,Seed/Angel,50000.0,True,2017,1
2161,09/05/2017,Sequretek,Technology,IT Security & Data Management Services,Mumbai,"GVFL, Unicorn India Ventures",Private Equity,,False,2017,2
2162,09/05/2017,Uncanny Vision,Technology,Computer Vision on Embedded Systems,Bengaluru,Anand Chandrasekaran,Seed/Angel,,False,2017,1
2163,10/05/2017,Chymera VR,Media & Entertainment,Advertising Platform for Virtual Reality,Bengaluru,"Nirav Choksi, Surojit Chatterjee, Varsha Rao",Seed/Angel,,False,2017,3
2164,10/05/2017,Fourth Ambit,Media & Entertainment,Community Building platform,Bengaluru,1Crowd,Seed/Angel,600000.0,True,2017,1
2165,10/05/2017,Lucideus,Technology,Cyber Security Startup,Delhi,"Amit Ranjan, Govind Rajan, Jonathan Boutelle, Rahul Chawla, Rajan Anandan, Salil Donde, Vellayan Subbiah",Seed/Angel,,False,2017,7
2166,10/05/2017,Shopclues,E-commerce,Online marketplace,Gurugram,InnoVen Capital,Private Equity,7700000.0,True,2017,1
2167,10/05/2017,Vidooly,Media & Entertainment,Video Intelligence platform,Noida,"GVFL, Times Internet",Private Equity,1400000.0,True,2017,2
2168,11/05/2017,Book My Diamond,E-commerce,Diamond B2B eTailer,Mumbai,Chirag Nikunj Sheth,Seed/Angel,,False,2017,1
2169,11/05/2017,Early Salary,FinTech,Online lending platform,Pune,"DG Ventures India, Dewan Housing Finance Corp",Private Equity,4000000.0,True,2017,2
2170,11/05/2017,ION Energy,Energy & CleanTech,Clean Tech Startup,Mumbai,"Aakrit Vaish, Sushill Jiwarajka, Swapan Rajdev",Seed/Angel,,False,2017,3
2171,12/05/2017,Legalraasta,Consumer Internet,Legal Services to SMEs & Individuals,Delhi,Impanix Capital,Private Equity,5000000.0,True,2017,1
2172,12/05/2017,Log9 Materials,Technology,NanoTech product developer,Bengaluru,GEMs,Seed/Angel,,False,2017,1
2173,12/05/2017,Remit Guru,FinTech,Digital money transfer platform,Mumbai,"CCavenue, Infibeam",Private Equity,466000.0,True,2017,2
2174,15/05/2017,Vernacular.ai,Technology,Multi-lingual AI Platform for Businesses,Bengaluru,Kstart Capital,Seed/Angel,,False,2017,1
2175,15/05/2017,Zapty,Technology,Project Management tool,Bengaluru,IdeaSpring Capital,Seed/Angel,500000.0,True,2017,1
2176,16/05/2017,Fynd,E-commerce,Fashion ECommerce Portal,Mumbai,Rocketship,Private Equity,500000.0,True,2017,1
2177,16/05/2017,Niki.ai,Media & Entertainment,AI-based chatbot,Bengaluru,SAP,Private Equity,,False,2017,1
2178,16/05/2017,Telr,FinTech,Online Payment Gateway,Mumbai,Innovations East,Private Equity,3000000.0,True,2017,1
2179,17/05/2017,PaySense,FinTech,Online Lending platform,Mumbai,Jungle Ventures,Private Equity,5300000.0,True,2017,1
2180,18/05/2017,Paytm,E-commerce,Mobile Wallet & ECommerce platform,Bengaluru,SoftBank,Private Equity,1400000000.0,True,2017,1
2181,18/05/2017,PumpKart,E-commerce,Online Water Pumps etailer,Chandigarh,Dr. Ritesh Malik,Seed/Angel,,False,2017,1
2182,18/05/2017,The Good Life,E-commerce,Online Luxury Tea etailer,Mumbai,"Abu Farhan Azmi, Ayesha Takia Azmi",Seed/Angel,1000000.0,True,2017,2
2183,19/05/2017,EzCred,FinTech,Consumer Lending Platform,Bengaluru,"Akash Garg, Dheeraj Pandey, Rajesh Yohannan",Seed/Angel,1000000.0,True,2017,3
2184,19/05/2017,HealthSutra,Food & Beverage,Health Food Maker,Hyderabad,"Ankur Capital, Hyderabad Angels",Seed/Angel,,False,2017,2
2185,20/05/2017,YepMe,E-commerce,Private Fashion Brand etailer,Delhi,Gokaldas Exports Ltd,Private Equity,,False,2017,1
2186,22/05/2017,Delhivery,Logistics,ECommerce Logistics provider,Delhi,Fosun International,Private Equity,30000000.0,True,2017,1
2187,22/05/2017,ZipGrid,Real Estate,"Cashless, paperless solutions for Housing societies",Mumbai,"1Crowd, JLL",Seed/Angel,500000.0,True,2017,2
2188,23/05/2017,Box8,Food & Beverage,Food Delivery Platform,Mumbai,Trifecta Capital,Private Equity,1000000.0,True,2017,1
2189,23/05/2017,Magicpin,Consumer Internet,Hyperlocal discovery platform,Gurugram,"Lightspeed Venture Partners, Vy Capital",Private Equity,6600000.0,True,2017,2
2190,23/05/2017,The Print,Media & Entertainment,News Portal,Delhi,"Kiran Mazumdar-Shaw, Nandan Nilekani, Rajiv C Mody, Ratan Tata, Uday Kotak, Vijay Shekhar Sharma",Seed/Angel,,False,2017,6
2191,23/05/2017,TravelSpice,E-commerce,Travel ECommerce portal,Hyderabad,Eagle10 Ventures,Seed/Angel,,False,2017,1
2192,25/05/2017,Aye Finance,FinTech,Non-Banking Financial Company,Gurugram,Blue Orchard,Private Equity,8000000.0,True,2017,1
2193,26/05/2017,WhatsLoan,FinTech,Online Lending mobile app,Bengaluru,Lahiri Music's family office,Seed/Angel,,False,2017,1
2194,29/05/2017,Collateral Medical,E-commerce,Online Medical equipment supplier,Mumbai,Carpediem Capital,Private Equity,3500000.0,True,2017,1
2195,29/05/2017,Nivesh,FinTech,Online MF investment platform,Noida,"PV Sahad, Rahul Gupta, Sandeep Shroff",Seed/Angel,,False,2017,3
2196,30/05/2017,Loadshare,Logistics,Express Logistics Network,Bengaluru,Matrix Partners,Seed/Angel,,False,2017,1
2197,30/05/2017,Supr Daily,Logistics,Subscription based delivery platform,Mumbai,"122 West Ventures, Great Oaks Ventures, Soma Capital",Private Equity,1500000.0,True,2017,3
2198,30/05/2017,Swiggy,Food & Beverage,Online food delivery platform,Bengaluru,"Accel India, Bessemer Venture Partners, Harmony Partners, Nasper, Norwest Venture Partners, SAIF Partners",Private Equity,80000000.0,True,2017,6
2199,31/05/2017,Magicpin,Consumer Internet,Hyperlocal Discovery & Rewards platform,Gurugram,"Lightspeed India Partners, Waterbridge Ventures",Private Equity,7000000.0,True,2017,2
2200,31/05/2017,SastaSundar,E-commerce,Online Pharmacy,Kolkata,Rohto Pharmaceutical,Private Equity,5000000.0,True,2017,1
2201,01/06/2017,Tripeur,Travel & Hospitality,Mobile based travel ERP platform,Bengaluru,"Grace Grace Techno Ventures LLP, Other undisclosed investors, Rajul Garg",Seed/Angel,,False,2017,3
2202,02/06/2017,RentOnGo,E-commerce,"Online Marketplace for Renting Bikes, Electronics & Appliances",Bengaluru,TVS Motor Company,Seed/Angel,234000.0,True,2017,1
2203,05/06/2017,Goomo,Travel & Hospitality,Online Travel & Holiday Booking platform,Mumbai,Emerging India,Private Equity,50000000.0,True,2017,1
2204,05/06/2017,MaxMyWealth,FinTech,Online Wealth Management & Savings platform,Mumbai,"Horseferry, blockchain ecosystem Global Advisors",Private Equity,,False,2017,2
2205,06/06/2017,BHIVE,Real Estate,co-working spaces,Bengaluru,Blume Ventures,Private Equity,1200000.0,True,2017,1
2206,06/06/2017,Ftcash,FinTech,Mobile Payments platform,Mumbai,"500 Startups, IvyCap Ventures",Private Equity,,False,2017,2
2207,06/06/2017,GyanDhan,EdTech,Education Marketplace,Delhi,Sundaram Finance Holdings,Private Equity,,False,2017,1
2208,06/06/2017,Healthbuds,Healthcare,Healthcare Discovery & booking platform,Kolkata,"Arun Patodia, Bharat Kedia",Seed/Angel,,False,2017,2
2209,06/06/2017,Hungry Foal,Media & Entertainment,For profit Social Venture,Gurugram,SBI (Stand Up India Scheme),Private Equity,,False,2017,1
2210,06/06/2017,Spinny,E-commerce,Online Used Car marketplace,Gurugram,"Blume Ventures, Indian Angel Network, Kunal Shah, Sandeep Tandon",Private Equity,1000000.0,True,2017,4
2211,06/06/2017,wayForward,Healthcare,Mobile app for Mental Health,Delhi,"Farhan Naqvi, Harsh Mahajan, Sreepathy Viswanathan",Seed/Angel,1000000.0,True,2017,3
2212,07/06/2017,Grow Fit,Healthcare,health and fitness discovery platform,Mumbai,SQue Capital,Seed/Angel,600000.0,True,2017,1
2213,07/06/2017,ZipLoan,FinTech,Online lending platform,Delhi,WaterBridge Ventures,Seed/Angel,650000.0,True,2017,1
2214,08/06/2017,ABI Health,Healthcare,Unified Digital Health Platform,Bengaluru,Norwest Venture Partners,Private Equity,1500000.0,True,2017,1
2215,08/06/2017,Multiplier Solutions,Healthcare,CRM Software for Healthcare space,Hyderabad,Norwest Venture Partners,Private Equity,1500000.0,True,2017,1
2216,08/06/2017,Stockal,FinTech,App-based Investment advisory Services,Bengaluru,"Amit Sinha, Mohan Alexander, R. Natarajan, Vikrant Varshney",Seed/Angel,350000.0,True,2017,4
2217,08/06/2017,Stratfit,EdTech,Health coaching programs,Hyderabad,Bodhtree Consulting Limited,Seed/Angel,232000.0,True,2017,1
2218,09/06/2017,eSahai,Healthcare,ambulance aggregator and medical taxi provider,Hyderabad,"Dr Ramesh Ayyala, Satya Muthyala",Seed/Angel,250000.0,True,2017,2
2219,09/06/2017,Guidoo,Travel & Hospitality,Travel & adventure planning platform,Mumbai,"Abhai S. Rao, Manish Prasad, Nick Haulkoury, Nirmal Singh, Pawan Borle, Vineet Varma",Seed/Angel,300000.0,True,2017,6
2220,12/06/2017,Boxx.ai,Technology,Artificial Intelligence,Bengaluru,"Suresh Shankar, Unicorn India Ventures, Venky Krishnakumar, Vivek Bhargava",Private Equity,500000.0,True,2017,4
2221,12/06/2017,Coverfox,FinTech,Online insurance brokerage platform,Mumbai,Transamerica,Private Equity,15000000.0,True,2017,1
2222,12/06/2017,Lendingkart,FinTech,Online Lending platform,Ahmedabad,Yes Bank,Debt,7800000.0,True,2017,1
2223,12/06/2017,Loanmeet,FinTech,Online peer-to-peer lending platform,Bengaluru,"Cao Yibin, Huang Wei, Madhusudan E",Seed/Angel,,False,2017,3
2224,12/06/2017,PeeSafe,Healthcare,Hygiene care product manufacturer,Delhi,"Alfa Capital, Green Shots Capital, Real Time Ventures, Venture Catalysts",Private Equity,1000000.0,True,2017,4
2225,12/06/2017,Vista Rooms,Consumer Internet,Online rooms aggregation platform,Mumbai,"Artha India Ventures, Girish Mathrubootham, Rajan Anandan, Singularity Holdings",Seed/Angel,776000.0,True,2017,4
2226,13/06/2017,Digit,FinTech,Tech driven Insurance platform,Bengaluru,Fairfax Holdings,Private Equity,,False,2017,1
2227,13/06/2017,Goodera,Technology,CSR and sustainability management platform,Bengaluru,"Nexus Venture Partners, Omidyar Network",Private Equity,5500000.0,True,2017,2
2228,13/06/2017,HyperTrack,Technology,Location tracking solutions,Delhi,"Founders Fund, Nexus Venture Partners",Private Equity,,False,2017,2
2229,14/06/2017,Ola,Mobility,Cab Aggregation App,Bengaluru,Tekne Capital Management LLC,Private Equity,50000000.0,True,2017,1
2230,14/06/2017,Vanitycask,Consumer Internet,Beauty products discovery platform,Mumbai,RB Investments,Seed/Angel,,False,2017,1
2231,15/06/2017,MoneyTap,FinTech,Money Lending platform,Bengaluru,"NEA, Prime Venture Partners, Sequoia Capital",Private Equity,12300000.0,True,2017,3
2232,16/06/2017,EazyDiner,Food & Beverage,Online Restaurant Reservation Platform,Gurugram,YouWeCan Ventures,Seed/Angel,,False,2017,1
2233,16/06/2017,EdgeFx,E-commerce,DIY project Kits seller,Hyderabad,"Cross Border Angels, Experts, Rajasthan Angel Innovators Network, The Chennai Angels",Seed/Angel,,False,2017,4
2234,16/06/2017,Fincash,FinTech,Personal Finance platform,Mumbai,"Mohammed Khan, Sameer Narayan",Seed/Angel,100000.0,True,2017,2
2235,16/06/2017,Goodbox,E-commerce,Mobile SAAS ECommerce platform for SMEs,Bengaluru,"Mekin Maheshwari, Nexus Venture Partners",Private Equity,1000000.0,True,2017,2
2236,16/06/2017,HealthIntel,Healthcare,Online Pharmacy,Delhi,BLIP Initiatives,Seed/Angel,,False,2017,1
2237,16/06/2017,PortDesk,Technology,Maritime Solutions,Noida,Alphard Maritime Group,Seed/Angel,2000000.0,True,2017,1
2238,19/06/2017,DarwinBox,HR & Jobs,Enterprise human resources management platform,Hyderabad,"3one4 Capital Advisors LLP, Endiya Partners, Lightspeed India Partners, Startupxseed Ventures LLP",Private Equity,4000000.0,True,2017,4
2239,19/06/2017,Unbxd,Technology,Cloud-based product discovery platform,Bengaluru,Eight Roads Ventures,Private Equity,12500000.0,True,2017,1
2240,20/06/2017,ForeverShop,E-commerce,Mobile based ecommerce platform,Bengaluru,91maker.com,Seed/Angel,300000.0,True,2017,1
2241,20/06/2017,Insider,Consumer Internet,Events Ticketing platform,Mumbai,Paytm,Private Equity,5200000.0,True,2017,1
2242,21/06/2017,Fabulyst,Technology,Artificial Intelligence based platform,Hyderabad,iBhubs,Seed/Angel,215000.0,True,2017,1
2243,21/06/2017,Fynd,E-commerce,Fashion etailer,Mumbai,"Axis Capital, FJ Labs, GrowX, IIFL Seed Ventures, Kae Capital, Singularity Ventures, Tracxn Labs",Private Equity,2400000.0,True,2017,7
2244,21/06/2017,Grow Fit,Healthcare,Health-Tech platform,Bengaluru,"Manipal Education, Medical Group (MEMG), SAR Group, The Grover Trust",Private Equity,4500000.0,True,2017,4
2245,21/06/2017,Mswipe,Technology,Point-of-Sale services,Mumbai,"DSG Consumer Partners, Matrix Partners, UC-RNT Fund, alcon Edge Capital",Private Equity,31000000.0,True,2017,4
2246,21/06/2017,OneAssist,FinTech,Credit card fraud protection,Mumbai,Sequoia Capital,Private Equity,,False,2017,1
2247,22/06/2017,Explore Life traveling,Consumer Internet,Local homes booking platform,Bengaluru,"Amar Arsikere, Bharat Vijay, Krish Seshadri, Mekin Maheshwari",Seed/Angel,500000.0,True,2017,4
2248,22/06/2017,Julia Computing,EdTech,Open Source Language for Data Science and Machine Learning,Bengaluru,"Founder Collective, General Catalyst",Private Equity,4600000.0,True,2017,2
2249,22/06/2017,Kissht,FinTech,Consumer Lending platform,Mumbai,"Endiya Partners, Ventureast",Private Equity,2000000.0,True,2017,2
2250,23/06/2017,Loantap,FinTech,Lending platform for salaried professionals,Mumbai,"IFMR, India Quotient, Kae Capital, MAS Financial Services Ltd",Private Equity,4000000.0,True,2017,4
2251,26/06/2017,Flipkart,E-commerce,Online marketplace,Bengaluru,Naspers,Private Equity,71000000.0,True,2017,1
2252,26/06/2017,HUG Innovations,Retail & Consumer Goods,Gesture based Smartwatch manufacturer,Hyderabad,"Kishore Ganji, Mohit Srivastav, Rajeev Menon, Venkat Vallabhaneni",Private Equity,5000000.0,True,2017,4
2253,26/06/2017,V Resorts,Travel & Hospitality,Holiday & Vacation resort aggregator,Noida,"RB International, Seedfund",Private Equity,4000000.0,True,2017,2
2254,27/06/2017,Formcept,Consumer Internet,Unified Data Analysis platform,Bengaluru,Gujarat Venture Finance Ltd,Private Equity,,False,2017,1
2255,27/06/2017,SparesHub,E-commerce,Automobile parts marketplace,Pune,"Anthill Scale Ventures, Esvee Technologies Inc, Inc95 Consulting, The Chennai Angels",Seed/Angel,311000.0,True,2017,4
2256,27/06/2017,Stashfin,FinTech,Personal Finance App,Delhi,"Alto Partners, Snow Leopard Ventures",Private Equity,5000000.0,True,2017,2
2257,28/06/2017,FiTraQ,Healthcare,Fitness Centre Discovery Platform,Delhi,"Aparup Sengupta, Devendra Reddy",Seed/Angel,,False,2017,2
2258,28/06/2017,Niki.ai,Consumer Internet,AI Based Personal Assistant,Bengaluru,"SAP.iO, Unilazer Ventures",Private Equity,2000000.0,True,2017,2
2259,28/06/2017,Rubique,FinTech,Online Marketplace for financial products,Mumbai,"Kalaari Capital, Udayan Goyal",Private Equity,3000000.0,True,2017,2
2260,29/06/2017,Fitpass,Healthcare,Online Fitness Marketplace,Delhi,"Abhinav Bindra, Gaurav Marya",Private Equity,1000000.0,True,2017,2
2261,29/06/2017,ZingHR,Technology,"digital employee solutions,",Mumbai,Zeta,Private Equity,,False,2017,1
2262,30/06/2017,UrbanClap,E-commerce,Mobile Services Marketplace,Gurugram,"Accel Partner, Bessemer Venture Partners, SAIF Partners, Vy Capital",Private Equity,21000000.0,True,2017,4
2263,01/07/2017,Billion Loans,FinTech,Peer to Peer Lending platform,Bengaluru,Reliance Corporate Advisory Services Ltd,Seed/Angel,1000000.0,True,2017,1
2264,03/07/2017,Ecolibriumenergy,Energy & CleanTech,Energy management solutions provider,Ahmedabad,"Infuse Ventures, JLL",Private Equity,2600000.0,True,2017,2
2265,04/07/2017,Droom,E-commerce,Online marketplace for automobiles,Gurugram,"Asset Management (Asia) Ltd, Digital Garage Inc",Private Equity,20000000.0,True,2017,2
2266,05/07/2017,Jumbotail,E-commerce,online marketplace for food and grocery,Bengaluru,"Kalaari Capital, Nexus India Capital Advisors",Private Equity,8500000.0,True,2017,2
2267,05/07/2017,Moglix,E-commerce,B2B marketplace for Industrial products,Noida,"Accel, International Finance Corporation, Jungle Ventures, Rocketship, Shailesh Rao, Venture Highway",Private Equity,12000000.0,True,2017,6
2268,05/07/2017,Timesaverz,Consumer Internet,Hyperlocal home services provider,Mumbai,BCCL,Private Equity,1000000.0,True,2017,1
2269,06/07/2017,Minjar,Technology,Cloud Solutions provider,Bengaluru,"Ashish Gupta, Blume Ventures, Contrarian Capital India Partners, Emergent Ventures India, Pallav Nadhani, Sharad Sharma, Sirion Labs",Seed/Angel,,False,2017,7
2270,07/07/2017,Clip App,Media & Entertainment,Digital Media Video platform,Bengaluru,"India Quotient, Shunwei Capital",Seed/Angel,1000000.0,True,2017,2
2271,07/07/2017,Upwardly,FinTech,MF investment platform,Bengaluru,"Anita Gupta, Likemind Ventures, Sreeram Iyer, Suvo Sarkar",Seed/Angel,,False,2017,4
2272,10/07/2017,Autorox.co,Technology,Workshop Management Software Platform,Hyderabad,"Co, Mitsui",Private Equity,3000000.0,True,2017,2
2273,11/07/2017,Design Cafe,Real Estate,Online Interior Design platform,Bengaluru,"Apurva Salarpuria, Fireside Ventures, Sidharth Pansari, Sprout Capital",Seed/Angel,,False,2017,4
2274,11/07/2017,Fabogo,Consumer Internet,Salon & Spa Aggregation & Discovery platform,Pune,Dunamis Ventures Pte Ltd,Private Equity,2250000.0,True,2017,1
2275,11/07/2017,Flickstree,Media & Entertainment,Video Content Discovery Platform,Mumbai,"Ankit Aditya, Moksh Sports Ventures, Sourav Ganguly, Venture Catalysts",Seed/Angel,464000.0,True,2017,4
2276,12/07/2017,Arcatron,Mobility,Next Gen Mobility device manufacturer,Pune,Indian Angel Network,Seed/Angel,,False,2017,1
2277,12/07/2017,Bottr.me,Media & Entertainment,Chatbot creation tool,Bengaluru,"500 Startups, Abhishek Gupta, Purvi Capital, Rajan Anandan",Seed/Angel,,False,2017,4
2278,12/07/2017,Innoviti,FinTech,Digital payments solutions,Bengaluru,"Bessemer Venture Partners, Catamaran Ventures, SBI-FMO Fund",Private Equity,18500000.0,True,2017,3
2279,12/07/2017,VDeliver,Logistics,Door Step Delivery platform,Hyderabad,"Corvus Ventures, MAPE Advisory Group",Private Equity,,False,2017,2
2280,14/07/2017,Chumbak,E-commerce,Designer consumer products Marketplace,Bengaluru,Blacksoil Capital Pvt. Ltd,Private Equity,1700000.0,True,2017,1
2281,14/07/2017,QwikSpec,Technology,Construction site operations and analytics platform,Bengaluru,"Bobby Reddy, Brigade Innovations LLP, M George Oommen, Suhail Rahman, TV Mohandas Pai",Seed/Angel,540000.0,True,2017,5
2282,17/07/2017,Increff,E-commerce,Sales Solutions for Fashion Brands,Bengaluru,"Anshuman Das, Grey Orange, Rajesh Ramaiah, Rishi Das, Sequoia Capital",Seed/Angel,2000000.0,True,2017,5
2283,17/07/2017,Vayana,FinTech,Enterprise Banking Solutions,Pune,"IDG Ventures India Advisors, Jungle Ventures",Private Equity,4000000.0,True,2017,2
2284,18/07/2017,Ambee,Consumer Internet,Ambulance Aggregation Services,Hyderabad,"Amaya Capital LLP, Uber Technologies Inc",Seed/Angel,,False,2017,2
2285,18/07/2017,Hypernova Interactive,Gaming,Mobile games creator,Bengaluru,Kae Capital,Seed/Angel,,False,2017,1
2286,18/07/2017,Ideal Insurance,FinTech,Online Insurance platform,Kolkata,Xelpmoc,Seed/Angel,,False,2017,1
2287,18/07/2017,MObiquest,Technology,Mobile Services & Solutions,Noida,One97 Communication Ltd,Private Equity,,False,2017,1
2288,19/07/2017,AirCTO,Energy & CleanTech,AI powered recruitment platform,Bengaluru,Francesco Cara,Seed/Angel,,False,2017,1
2289,19/07/2017,Playablo,EdTech,Gamified Learning App,Bengaluru,ABI-Showatech (India) Ltd,Seed/Angel,600000.0,True,2017,1
2290,19/07/2017,Rentomo,Consumer Internet,Consumer Leasing Platform,Bengaluru,"Renaud Laplanche, ain Capital Ventures",Private Equity,10000000.0,True,2017,2
2291,20/07/2017,Trupay,FinTech,Online payments platform,Gurugram,"Kae Capital, M&S Partners",Seed/Angel,700000.0,True,2017,2
2292,21/07/2017,Brick2Wall,E-commerce,Online Marketplace for Construction Material,Gurugram,"Mayank Mittal, Subramani Somasundaram, Sundeep Sahni",Seed/Angel,200000.0,True,2017,3
2293,21/07/2017,FableStreet,E-commerce,Women Work wear etailer,Delhi,"Fusiontech Ventures, Harmeet Bajaj, Pameela P",Seed/Angel,,False,2017,3
2294,21/07/2017,MonkeyBox,Food & Beverage,Healthy Food Delivery Platform,Bengaluru,"Blume Ventures, NB Ventures, Nspira",Seed/Angel,,False,2017,3
2295,21/07/2017,Monsoon Fintech,EdTech,Machine Learning Access platform,Delhi,"Aditya Singh, Rajan Anandan, Rishi Srivastava, Sunil Kalra",Seed/Angel,,False,2017,4
2296,25/07/2017,Byju's,EdTech,Mobile Learning App,Bengaluru,Tencent Holdings,Private Equity,35000000.0,True,2017,1
2297,25/07/2017,Noticeboard,Consumer Internet,Mobile-first Enterprise communication platform,Bengaluru,Stellaris Venture Partners,Private Equity,1200000.0,True,2017,1
2298,26/07/2017,Creator's Gurukul,Real Estate,Co-Working Space Provider,Delhi,Yuvraj Singh,Seed/Angel,,False,2017,1
2299,26/07/2017,FabHotels,Travel & Hospitality,Budget hotels brand & Aggregator Platform,Delhi,Goldman Sachs,Private Equity,25000000.0,True,2017,1
2300,26/07/2017,ThinkerBell,EdTech,Assisted Learning Startup,Bengaluru,"Anand Mahindra, Indian Angel Network",Seed/Angel,200000.0,True,2017,2
2301,27/07/2017,1mg,E-commerce,Online Pharmacy,Gurugram,"HBM Healthcare Investments, Kae Capital, Maverick Capital Ventures, Omidyar Network, Sequoia Capital",Private Equity,15000000.0,True,2017,5
2302,28/07/2017,BigStylist,Consumer Internet,Beauty Services Marketplace,Mumbai,Info Edge (India) Ltd,Private Equity,1250000.0,True,2017,1
2303,28/07/2017,Gympik,Healthcare,online marketplace for discovering fitness centres,Bengaluru,RoundGlass Partners,Seed/Angel,,False,2017,1
2304,28/07/2017,Jhakaas,Consumer Internet,App-based Aggregator of Offline Businesses,Mumbai,Amen Dhyllon,Seed/Angel,,False,2017,1
2305,01/08/2017,TouchKin,Technology,Predictive Care Platform,Bengaluru,Kae Capital,Private Equity,1300000.0,True,2017,1
2306,02/08/2017,Click2Clinic,Healthcare,healthcare service aggregator,Hyderabad,"Narottam Thudi, Shireesh Palle",Seed/Angel,850000.0,True,2017,2
2307,02/08/2017,Ethinos,Media & Entertainment,Digital Marketing Agency,Mumbai,Triton Investment Advisors,Private Equity,,False,2017,1
2308,02/08/2017,Leverage Edu,EdTech,Online platform for Higher Education Services,Delhi,"Anand Sankeshwar, Anindya Ghose, Arjun Mehta, Deepak Jain, Kashyap Deorah, Sadashiva NT, Satish Kaul",Seed/Angel,,False,2017,7
2309,02/08/2017,Zepo,E-commerce,DIY Ecommerce platform,Mumbai,"Anupam Mittal, Hetal Sonpal, Kunal Shah, LetsVenture",Seed/Angel,500000.0,True,2017,4
2310,03/08/2017,ChaiPoint,Food & Beverage,Tea Delivery Portal & offline stores,Bengaluru,"DSG Consumer Partners, Eight Roads Ventures India",Private Equity,,False,2017,2
2311,03/08/2017,Skill Connect,HR & Jobs,Recruitment Portal,Jaipur,Rajasthan Angel Investor Network,Seed/Angel,,False,2017,1
2312,03/08/2017,SpeedBox,Logistics,On-Demand Logistics Service provider,Mumbai,Cismat Cargo Services Pvt. Ltd,Seed/Angel,300000.0,True,2017,1
2313,03/08/2017,Zoctr,Healthcare,Health Products & Services Aggregator,Mumbai,SIDBI,Private Equity,,False,2017,1
2314,04/08/2017,Boxmyspace,Logistics,Warehouse Aggregator,Mumbai,"AVN Business Solutions, Aditya Vazirani, Dreamweaver Investments, R. Jayakumar, Rhea Vazirani, Vaibhav Vohra",Seed/Angel,,False,2017,6
2315,04/08/2017,CoutLoot,E-commerce,Fashion Resale Marketplace,Mumbai,"Anuj Puri, Apoorv Ranjan Sharma, Artha India Ventures, Redcliffe Capital, Siddharth Kothari",Seed/Angel,,False,2017,5
2316,04/08/2017,Lime Tray,Food & Beverage,Restaurant Management Solutions,Delhi,JSW Ventures,Private Equity,,False,2017,1
2317,05/08/2017,Curatio,Healthcare,Skincare Speciality services,Chennai,Anicut Capital,Private Equity,,False,2017,1
2318,08/08/2017,My Forex Eye,Consumer Internet,foreign exchange services,Delhi,"Ankit Sharma, Rahul Dev Kumar, Rajesh Mahajan",Seed/Angel,220000.0,True,2017,3
2319,09/08/2017,CroFarm,AgriTech,Agriculture Supply Chain solutions,Gurugram,Factor[e] Ventures,Seed/Angel,783000.0,True,2017,1
2320,09/08/2017,DoodhWala,Logistics,Online milk delivery,Bengaluru,Tom Varkey,Seed/Angel,,False,2017,1
2321,09/08/2017,TruxApp,Logistics,Mobile based Logistics Service,Delhi,"Ajay Bhatia, Ganpat Singhvi, Mandhian family, Tarun Khandelwal, Venugopal Dhoot",Seed/Angel,3100000.0,True,2017,5
2322,10/08/2017,Stayabode,Consumer Internet,Co-Living space aggregator,Bengaluru,"Incubate Fund, Mridul Upreti, Sanjay Shenoy",Private Equity,,False,2017,3
2323,11/08/2017,Flipkart,E-commerce,Online Marketplace,Bengaluru,SoftBank,Private Equity,2500000000.0,True,2017,1
2324,11/08/2017,Moong Labs,Gaming,Mobile games developer,Delhi,Nazara Games,Private Equity,,False,2017,1
2325,11/08/2017,Ola,Mobility,App based cab aggregation Service,Gurugram,Tekne Capital Management,Private Equity,36000000.0,True,2017,1
2326,14/08/2017,Digilend,FinTech,Personal Loans & EMI solutions platform,Mumbai,"Fullerton India Credit Company Ltd, InCred Finance",Seed/Angel,312000.0,True,2017,2
2327,14/08/2017,Sports Flashes,Media & Entertainment,Sports Content Mobile App,Delhi,"Bennett, Coleman, Company Ltd (BCCL)",Private Equity,,False,2017,3
2328,15/08/2017,KNAB Finance,FinTech,Unsecured Small Business Loans,Bengaluru,"InCred, Krishnakumar Natarajan, Ravi Bhardwaj",Seed/Angel,385000.0,True,2017,3
2329,17/08/2017,Get Simpl,FinTech,Payment Solution Mobile app,Mumbai,"Boillot Family Trust, Green Visor Capital LP II, IA Venture Strategies Fund II LP, Jr. Millennium Trust, Russell M Byrne, SF Capital Investments LP, The Oliver R. Grace",Seed/Angel,,False,2017,7
2330,20/08/2017,Rootefy,E-commerce,Building material online store,Delhi,Abhinav Gupta,Seed/Angel,187000.0,True,2017,1
2331,21/08/2017,Cerebroz,Consumer Internet,E-Tech platform,Vadodara,Undisclosed HNI's,Seed/Angel,734000.0,True,2017,1
2332,21/08/2017,Uniphore,Technology,speech recognition startup,Chennai,IDG Ventures,Private Equity,6800000.0,True,2017,1
2333,22/08/2017,EasyGov,Consumer Internet,Govt service application portal,Noida,"Kshitij Arora, Rajan Anandan, Rajeev Ahuja, Social Alpha",Seed/Angel,,False,2017,4
2334,22/08/2017,Flochat,Media & Entertainment,instant messaging platform,Mumbai,iSquare Global,Seed/Angel,,False,2017,1
2335,23/08/2017,Awign,Energy & CleanTech,Operations and manpower outsourcing,Bengaluru,"IIT Ropar, Imanpreet Singh Arora, Saurabh Abichandani, Shikhar Gupta, Sidharth Rozario",Seed/Angel,,False,2017,5
2336,23/08/2017,Bombay Shaving Company,E-commerce,Men Grooming product etailer,Delhi,Fireside Ventures,Private Equity,2300000.0,True,2017,1
2337,23/08/2017,Dhruva,Technology,Cloud data protection and management solutions,Pune,"Nexus Venture Partners, Riverwood Capital, Sequoia Capital, Tenaya Capital",Private Equity,80000000.0,True,2017,4
2338,23/08/2017,Indiez,Technology,Software & Mobile app development platform,Bengaluru,Haresh Chawla,Seed/Angel,500000.0,True,2017,1
2339,23/08/2017,MilkBasket,Food & Beverage,Online Grocery platform,Gurugram,"Blume Ventures. Lenovo Capital, Incubator Group (LCIG)",Seed/Angel,,False,2017,2
2340,24/08/2017,Ezetap,Technology,mPOS solutions provider,Bengaluru,"Horizons Ventures, JS Capital Management, Social Capital",Private Equity,16000000.0,True,2017,3
2341,25/08/2017,Inkmonk,E-commerce,Online printing marketplace,Chennai,"Dena, Raksul, VAMM Ventures",Seed/Angel,750000.0,True,2017,3
2342,25/08/2017,Medinfi,Healthcare,Online Doctor Discovery Platform,Bengaluru,"PBS Srinivas, Vinod Martin",Seed/Angel,125000.0,True,2017,2
2343,28/08/2017,Mobikon,Food & Beverage,Restaurant & Hotel CRM platform,Pune,"C31 Ventures, Qualgro, Sistema Asia Fund",Private Equity,7000000.0,True,2017,3
2344,29/08/2017,CureFit,Healthcare,End to End health and wellness platform.,Bengaluru,"Accel, IDG Ventures, Kalaari Capital, UC-RNT fund",Private Equity,25000000.0,True,2017,4
2345,29/08/2017,Doxper,Healthcare,Healthtech IoT platform,Mumbai,"Capier Investments, Globevestor, growx ventures, idal Health",Seed/Angel,750000.0,True,2017,4
2346,29/08/2017,Fieldassist,Technology,SAAS based sales force automation services,Gurugram,Small Industries Development Bank of India (SIDBI),Debt,,False,2017,1
2347,30/08/2017,MedGenome,Healthcare,Genomics Research and Diagnostics Solutions,Bengaluru,"Kris Gopalakrishnan, Lakshmi Narayanan, Sequoia Capital, Sofina s.a, Zodius Capital",Private Equity,30000000.0,True,2017,5
2348,30/08/2017,Treebo,Travel & Hospitality,Budget Hotel Aggregator platform,Bengaluru,"Karst Peak Capital, Ward Ferry Management",Private Equity,34000000.0,True,2017,2
2349,01/09/2017,Aahaa,E-commerce,Online B2B store for office supplies,Chennai,YourNest Angel Fund,Private Equity,1000000.0,True,2017,1
2350,01/09/2017,Canvera,Media & Entertainment,Online Photography platform,Mumbai,InfoEdge,Private Equity,1300000.0,True,2017,1
2351,01/09/2017,mfine,Healthcare,Online Doctor Discovery platform,Bengaluru,"Mayur Abhaya, Rohit MA, Stellaris Venture Partners",Private Equity,1500000.0,True,2017,3
2352,04/09/2017,PrimaryIO,Technology,Application Performance Acceleration,Pune,"Accel, Exfinity Ventures, Partech Ventures",Private Equity,5600000.0,True,2017,3
2353,05/09/2017,Nest Education,EdTech,EduTech Platform,Gurugram,"Anand Mahindra, Michael, Susan Dell Foundation",Seed/Angel,600000.0,True,2017,3
2354,05/09/2017,Shubh Loans,FinTech,online lending platform,Bengaluru,"BeeNext, Pravega Ventures, SRI Capital",Private Equity,1500000.0,True,2017,3
2355,06/09/2017,GoFro,Travel & Hospitality,Online travel booking platform,Delhi,"HIS Co. Ltd, MakeMyTrip",Private Equity,10000000.0,True,2017,2
2356,06/09/2017,Lendingkart,FinTech,Online Lending Platform,Ahmedabad,"Bertelsmann India, Darrin Capital, Mayfield Capital, Saama Capital",Private Equity,10750000.0,True,2017,4
2357,06/09/2017,OncoStem,Healthcare,Medical Diagnostic Solutions,Bengaluru,"Artiman Ventures, Sequoia Capital",Private Equity,6000000.0,True,2017,2
2358,06/09/2017,Power2SME,E-commerce,Buying Club for Small Businesses,Gurugram,"Accel, International Finance Corporation (IFC), Inventus Capital Partners, Kalaari Capital, Nandan Nilekani",Private Equity,26000000.0,True,2017,5
2359,07/09/2017,CreditVidya,FinTech,Online Credit scoring platform,Mumbai,Matrix Partners,Private Equity,5000000.0,True,2017,1
2360,07/09/2017,Early Salary,FinTech,Online Unsecured Lending platform,Pune,IFMR Capital,Debt,780000.0,True,2017,1
2361,07/09/2017,MamaEarth,E-commerce,online babycare products marketplace,Gurugram,Fireside Ventures,Seed/Angel,,False,2017,1
2362,07/09/2017,OYO Rooms,Travel & Hospitality,Branded budget hotels marketplace,Gurugram,"Greenoaks Capital, Hero Enterprise, Lightspeed Venture Partners, Sequoia Capital, SoftBank",Private Equity,250000000.0,True,2017,5
2363,07/09/2017,Seniority,E-commerce,Ecommerce portal for senior citizens,Pune,RPG Enterprises,Private Equity,1000000.0,True,2017,1
2364,07/09/2017,Tailslife,Consumer Internet,Pet care portal & mobile app,Bengaluru,V Balakrishnan,Private Equity,,False,2017,1
2365,08/09/2017,Aye Finance,FinTech,Micro Lending Platform,Delhi,Triodos Investment Management,Debt,6900000.0,True,2017,1
2366,08/09/2017,Farmizen,Technology,Agre-Tech Mobile app,Bengaluru,"Alok Mittal, Anuj Gupta, Mohit Agarwal, Venture Highway",Seed/Angel,,False,2017,4
2367,11/09/2017,Call Health,Healthcare,Healthcare Services Aggregator,Hyderabad,"P.V SIndhu, Pullela Gopichand, Sachin Tendulkar",Private Equity,6200000.0,True,2017,3
2368,11/09/2017,Ecom Express,Logistics,Logistics Solutions provider,Delhi,Warburg Pincus,Private Equity,30000000.0,True,2017,1
2369,12/09/2017,3HCare,Healthcare,Healthcare services portal,Delhi,Undisclosed Investor,Seed/Angel,100000.0,True,2017,1
2370,12/09/2017,Get My Parking,Media & Entertainment,Smart Parking Enabler,Delhi,"Beenext, IAN Fund, Indian Angel Network",Private Equity,3000000.0,True,2017,3
2371,12/09/2017,Sattviko,E-commerce,Health Food etailer,Delhi,"Arvind Uppal, G Ravishankar, Raman Roy, Sonu Bhasin",Seed/Angel,,False,2017,4
2372,12/09/2017,Tonbo Imaging,Technology,Imaging Technology for Armed Forces,Bengaluru,"Artiman Ventures, Edelweiss Private Equity, Qualcomm Ventures, WRV Capital",Private Equity,17000000.0,True,2017,4
2373,13/09/2017,GlowRoad,Media & Entertainment,women focussed customer-to-customer reseller network,Bengaluru,Accel,Private Equity,2000000.0,True,2017,1
2374,13/09/2017,Heterogenous,Technology,Telecom & IoT platform,Chennai,"Chennai Angels, Keiretsu Forum",Seed/Angel,780000.0,True,2017,2
2375,13/09/2017,OYO Rooms,Travel & Hospitality,budget hotel marketplace,Gurugram,China Lodging Group,Private Equity,10000000.0,True,2017,1
2376,13/09/2017,Unacademy,EdTech,Online learning platform,Mumbai,"Blume Ventures, Nexus Venture Partners, SAIF Partners, Sequoia Capital",Private Equity,11500000.0,True,2017,4
2377,13/09/2017,WittyFeed,Media & Entertainment,Content marketing platform,Indore,"Ajeet Khurana, Anand Chandrasekaran, Apurva Chamaria, Ashish Toshniwal, Ritesh Malik",Seed/Angel,,False,2017,5
2378,14/09/2017,Gurukul,Real Estate,co-working space provider,Delhi,"Rajit Nanda, Rohit Nanda, Sashwat Brahma, Smarak Bhuyan",Seed/Angel,,False,2017,4
2379,14/09/2017,Smaaash,Gaming,Virtual Reality gaming and entertainment platform,Mumbai,ECL Finance,Private Equity,44000000.0,True,2017,1
2380,14/09/2017,WheelStreet,Mobility,Bike Rental Platform,Bengaluru,Y Combinator,Seed/Angel,120000.0,True,2017,1
2381,14/09/2017,Xprep,EdTech,Online Tutoring Platform,Delhi,"Chavi Jafa, Manish Amin, Pallav Pandey, Rising Stars",Private Equity,,False,2017,4
2382,18/09/2017,The Moms Co,E-commerce,Pregnancy & Baby Care product etailer,Gurugram,"DSG Consumer Partners, Saama Capital",Private Equity,1000000.0,True,2017,2
2383,19/09/2017,HighRadius,Technology,Integrated receivables software solutions,Hyderabad,Susquehanna Growth Equity LLC,Private Equity,50000000.0,True,2017,1
2384,19/09/2017,Noticeboard,Technology,"mobile-first communication platform for on-field staff,",Bengaluru,"Aprameya Radhakrishna, Shamik Sharma",Seed/Angel,,False,2017,2
2385,21/09/2017,91SpringBoard,Real Estate,Co-working spaces,Delhi,"Al Nour, Pearl Brook Holdings, Sandway Investment Ltd, Silo Holdings",Private Equity,,False,2017,4
2386,21/09/2017,Gaming Monk,Consumer Internet,E-sports platform,Delhi,AdvantEdge,Private Equity,,False,2017,1
2387,21/09/2017,Homergize,E-commerce,Home Furnishing & Building material marketplace,Bengaluru,LG Chandrasekhar,Private Equity,1000000.0,True,2017,1
2388,21/09/2017,SaveBC,FinTech,financial services firm,Gaya,Incofin Investment Management,Private Equity,6000000.0,True,2017,1
2389,22/09/2017,Ace Turtle,Technology,Omni-channel web commerce solutions provider,Bengaluru,InnoVen Capital,Private Equity,,False,2017,1
2390,22/09/2017,Yatra,E-commerce,Online Travel Agency,Gurugram,InnoVen Capital India,Debt,15400000.0,True,2017,1
2391,25/09/2017,Cropin,AgriTech,Crop Technology Solutions,Bengaluru,Beenext,Private Equity,,False,2017,1
2392,25/09/2017,Rapido,Mobility,Bike Aggregator Mobile App,Bengaluru,Battery Road Digital Holdings LLC,Seed/Angel,422000.0,True,2017,1
2393,25/09/2017,Sportobuddy,Consumer Internet,Sports & Sport related equipment portal,Mumbai,Mehul Shah,Seed/Angel,150000.0,True,2017,1
2394,25/09/2017,Synup,Media & Entertainment,SME Marketing Management Solution,Bengaluru,"Prime Venture Partners, Vertex Ventures",Private Equity,6000000.0,True,2017,2
2395,25/09/2017,Tinmen,Food & Beverage,Food Delivery platform,Hyderabad,Zomato Media Pvt. Ltd,Private Equity,,False,2017,1
2396,25/09/2017,Vogo,Mobility,Scooter Rental Platform,Bengaluru,AV Thomas Group,Seed/Angel,,False,2017,1
2397,26/09/2017,Credifiable,FinTech,Online consumer lending platform,Bengaluru,Kae Capital,Private Equity,,False,2017,1
2398,26/09/2017,Inclov,Consumer Internet,Matchmaking app for the differently abled,Gurugram,"Jamil Khatri, Raghav Bahl, Rajan Anandan, Ravi Iyer",Seed/Angel,,False,2017,4
2399,26/09/2017,Multibhashi,EdTech,Language learning Mobile App,Bengaluru,"Aniruddha Malpani, Startup Oasis",Seed/Angel,,False,2017,2
2400,27/09/2017,Fashalot,E-commerce,O2O fashion discovery platform,Gurugram,"Capillary Technologies, Rajul Garg, Whiteboard Capital, YourNest Angel Fund",Private Equity,,False,2017,4
2401,27/09/2017,GoChoppers,Travel & Hospitality,Luxury Helicopter Tourism Services portal,Gurugram,Rivergate Capital,Seed/Angel,,False,2017,1
2402,27/09/2017,MyUpchar,Healthcare,Local Language Health Information portal,Delhi,LetsVenture,Seed/Angel,300000.0,True,2017,1
2403,27/09/2017,Pitstop,Mobility,Car repair and Servicing Platform,Bengaluru,"Amiya Pathak, Anurag Srivastava, Blume Ventures, Goldbell Group, Rahul Garg, Rajesh Yohanan, Shailesh Rao",Private Equity,1000000.0,True,2017,7
2404,27/09/2017,Transerv,Technology,Geospatial Technology-based SaaS solutions,Mumbai,"IL&FS Investment Managers, Omidyar Network",Private Equity,1600000.0,True,2017,2
2405,28/09/2017,Aadyah,Technology,Defense Tech & Aerospace startup,Bengaluru,Keiretsu Forum,Private Equity,1000000.0,True,2017,1
2406,03/10/2017,ChqBook,FinTech,Home Loans Aggregation platform,Gurugram,"Amit Manocha, Apurva Chamaria, Bharat Gupta, Sachin Arora, Startup Buddy",Seed/Angel,,False,2017,5
2407,03/10/2017,HomeCapital,FinTech,Home Loan Down payment assistance program,Mumbai,Venture Catalysts,Seed/Angel,,False,2017,1
2408,03/10/2017,Ola,Mobility,App based cab hailing services,Bengaluru,"SoftBank, Tencent",Private Equity,110000000.0,True,2017,2
2409,04/10/2017,CollPoll,EdTech,Education collaboration platform,Bengaluru,Sprout Angels,Seed/Angel,306000.0,True,2017,1
2410,04/10/2017,Elanic,E-commerce,P2P platform for Fashion sales,Bengaluru,Digital Garage,Seed/Angel,,False,2017,1
2411,04/10/2017,PhonePe,FinTech,Digital Wallet,Bengaluru,Flipkart,Private Equity,38700000.0,True,2017,1
2412,05/10/2017,Little Black Book,Consumer Internet,Local Recommendations and Discoveries Platform,Delhi,"Blume Ventures, IDG Ventures, Indian Angel Network",Private Equity,1000000.0,True,2017,3
2413,05/10/2017,Oorjan,Energy & CleanTech,rooftop solar platform,Mumbai,Globevestor,Seed/Angel,450000.0,True,2017,1
2414,05/10/2017,Zefo,E-commerce,Ecommerce Portal for Used Goods,Bengaluru,"Beenext, Helion Venture Partners, Sequoia Capital",Private Equity,9200000.0,True,2017,3
2415,06/10/2017,Drivezy,Mobility,Self Drive car and bike rental platform,Bengaluru,"Axan Partners, Das Capital, IT Farm",Private Equity,10000000.0,True,2017,3
2416,06/10/2017,Farm Taaza,Technology,Fresh Produce SCM company,Bengaluru,"Epsilon Venture Partners, Tara India Fund IV",Private Equity,8000000.0,True,2017,2
2417,06/10/2017,Slice Pay,FinTech,Student Micro-financing platform,Bengaluru,"Das Capital, Simile Ventures",Private Equity,2000000.0,True,2017,2
2418,06/10/2017,Yaantra,E-commerce,Mobile repair and Refurbishment platform,Delhi,Carpediem Capital,Private Equity,3100000.0,True,2017,1
2419,09/10/2017,Agrowave,AgriTech,Agriculture Supply Chain management solutions,Gurugram,Daffodil Software,Seed/Angel,,False,2017,1
2420,09/10/2017,IBSFintech,Technology,Treasury Risk Management Solution,Bengaluru,Shailesh Haribhakti,Seed/Angel,,False,2017,1
2421,09/10/2017,Letsservice,Mobility,Auto Service Logistics & SAAS platform,Bengaluru,Aequs Group,Private Equity,,False,2017,1
2422,09/10/2017,MyGubbi,E-commerce,Home Interior Designing Seller,Bengaluru,"Ananda Kallugadde, Firoze Irani, Rajesh K Murthy, Vipul Parekh",Private Equity,2700000.0,True,2017,4
2423,09/10/2017,OneStepUp,EdTech,Education Technology platform,Delhi,Orient BlackSwan,Seed/Angel,336000.0,True,2017,1
2424,09/10/2017,ThirdWatch,Energy & CleanTech,AI-powered anti-fraud solutions,Gurugram,"Batlivala, Karani Securities, Keshav Sanghi, Rahul Agarwalla",Seed/Angel,,False,2017,4
2425,10/10/2017,Easy Diner,Food & Beverage,online restaurant reservation platform,Gurugram,"DSG Consumer Partners, Saama Capital",Private Equity,4500000.0,True,2017,2
2426,10/10/2017,Parallel Dots,EdTech,AI-powered deep learning solutions,Gurugram,Multipoint Capital,Private Equity,1400000.0,True,2017,1
2427,11/10/2017,Meesho,E-commerce,Online Reseller Network,Bengaluru,"SAIF Partners, Venture Highway, YCombinator",Private Equity,3100000.0,True,2017,3
2428,11/10/2017,StanPlus,Logistics,Medical Transportation Services,Hyderabad,KStart Capital,Private Equity,1100000.0,True,2017,1
2429,13/10/2017,Chaayos,E-commerce,Online Chai ordering platform,Gurugram,Tiger Global,Private Equity,2000000.0,True,2017,1
2430,13/10/2017,Gapoon,Consumer Internet,home maintenance services platform,Bengaluru,"Anshu Bahadur, Snehal Mantri, Vida Ventures",Seed/Angel,250000.0,True,2017,3
2431,13/10/2017,PolicyBazaar,FinTech,Online insurance policy aggregator,Gurugram,"DG Ventures India, True North, Wellington Management",Private Equity,77000000.0,True,2017,3
2432,16/10/2017,KrazyBee,FinTech,Micro-lending platform,Bengaluru,"Shunwei Capital, Xiaomi Technologies",Private Equity,8000000.0,True,2017,2
2433,16/10/2017,RenewBuy,FinTech,Online Insurance Aggregator,Delhi,Amicus Capital,Private Equity,9200000.0,True,2017,1
2434,17/10/2017,Fingerlix,Food & Beverage,Food Ordering Portal,Bengaluru,"Accel, Zephyr Peacock",Private Equity,7000000.0,True,2017,2
2435,18/10/2017,BankBazaar,FinTech,Online Financial Marketplace,Chennai,Experian,Private Equity,7000000.0,True,2017,1
2436,18/10/2017,BlackBuck,Logistics,B2B Logistics provider,Bengaluru,Innoven Capital,Private Equity,7700000.0,True,2017,1
2437,18/10/2017,Hasura,Technology,App building platform,Chennai,"GREE Ventures, Nexus",Private Equity,,False,2017,2
2438,18/10/2017,LenDenClub,FinTech,Online peer-to-peer lending platform,Mumbai,Undisclosed Investor,Seed/Angel,500000.0,True,2017,1
2439,23/10/2017,Cashe,FinTech,app-only lending platform,Mumbai,IFMR Capital,Debt,3100000.0,True,2017,1
2440,23/10/2017,Park Easy,EdTech,Machine learning based parking discovery,Kolkata,Rockstart Accelerator,Seed/Angel,118000.0,True,2017,1
2441,23/10/2017,RawPressery,Food & Beverage,Cold pressed Juice maker,Mumbai,"DSG Consumer Partners, Saama Capital, Sequoia Capital",Private Equity,6000000.0,True,2017,3
2442,23/10/2017,Toppr,EdTech,Mobile based learning app,Mumbai,"FIL Capital Management, Helion Ventures, SAIF Partners",Private Equity,7000000.0,True,2017,3
2443,24/10/2017,Chevon,Food & Beverage,Frozen Meat provider,Mumbai,Greenfield Advisory,Private Equity,,False,2017,1
2444,24/10/2017,FYRE,Food & Beverage,Herbal energy shot maker,Mumbai,Venture Catalysts,Seed/Angel,500000.0,True,2017,1
2445,24/10/2017,Skillenza,EdTech,Online Learning Platform,Bengaluru,"Blume Ventures, Indian Angel Network",Seed/Angel,722000.0,True,2017,2
2446,24/10/2017,TagBox,Technology,Cold Chain monitoring solution,Bengaluru,"IAN Fund, Indian Angel network",Seed/Angel,,False,2017,2
2447,24/10/2017,ZipLoan,FinTech,SME lending platform,Delhi,"Matrix Partners India, Sarbvir Singh, WaterBridge Ventures, Whiteboard Capital",Private Equity,3000000.0,True,2017,4
2448,25/10/2017,PropStory,Real Estate,Real Estate content portal,Gurugram,"Abhishek Bhatewara, Haitong Securities, Paras Arora, Suraj Saharan, Vivek Shah",Seed/Angel,,False,2017,5
2449,25/10/2017,SpotDraft,Consumer Internet,Contract Automation,Gurugram,"500 Startups, Citrus Payments, Hunch Ventures, Singapore Angel Network, Spiral Ventures",Seed/Angel,550000.0,True,2017,5
2450,26/10/2017,BigBasket,E-commerce,Online Grocery portal,Bengaluru,Helion Ventures Partners,Private Equity,5000000.0,True,2017,1
2451,27/10/2017,OfBusiness,FinTech,B2B Finance & Fulfilment Network,Gurugram,Kotak Mahindra Bank,Debt,3800000.0,True,2017,1
2452,27/10/2017,Olly Credit,FinTech,Credit + payment mobile app,Delhi,"Anand Kumar, Incubate Fund, Sandesh Kirkire, Yogesh Chaudhary",Seed/Angel,,False,2017,4
2453,28/10/2017,CashFree,FinTech,Payments Platform for Marketplaces and Fintechs,Delhi,Y Combinator,Seed/Angel,120000.0,True,2017,1
2454,28/10/2017,Ola,Mobility,App based cab hailing services,Bengaluru,ANI Technologies Pvt. Ltd,Private Equity,7700000.0,True,2017,1
2455,30/10/2017,GoldFarm,Food & Beverage,Agriculture Technology,Coimbatore,"Infuse Ventures, Mahindra",Private Equity,2000000.0,True,2017,2
2456,31/10/2017,MSE,FinTech,Equity Stock Exchange,Mumbai,"IL&FS, Radhakrishan Damani, Rakesh Jhunjhunwala, Rosy Blue Securities, Trust Capital",Private Equity,32000000.0,True,2017,5
2457,31/10/2017,Netmeds,E-commerce,Online Pharmacy,Chennai,"Sistema Asia Fund, TannCam Investment",Private Equity,14000000.0,True,2017,2
2458,02/11/2017,AadharAPI,Technology,Aadhaar-based API provider,Pune,CIO Angel Network,Seed/Angel,,False,2017,1
2459,02/11/2017,FreshBoxx,E-commerce,Online Grocery Store,Bengaluru,Jayant Humbarwadi,Seed/Angel,,False,2017,1
2460,02/11/2017,Prest Loans,FinTech,Business & SME Loans provider,Delhi,"Arun Garg, Manish Poddar, Parmeshwar Sharma",Seed/Angel,570000.0,True,2017,3
2461,03/11/2017,HalaPlay,Gaming,Online Fantasy Games,Mumbai,"Kae Capital Management, Nazara Technologies",Seed/Angel,,False,2017,2
2462,03/11/2017,Kalpnik Technologies,Technology,VR based Spiritual platform,Bengaluru,Venture Catalysts,Seed/Angel,500000.0,True,2017,1
2463,04/11/2017,Hevo Data,Technology,Real time data analytics & reporting,Bengaluru,IDG Ventures India,Private Equity,1000000.0,True,2017,1
2464,06/11/2017,Leverage Edu,E-commerce,Online platform for Higher Education Services,Delhi,"Alok Mittal, Deepak Jain, Jim Schimdktke, Ritesh Malik",Seed/Angel,,False,2017,4
2465,06/11/2017,Smart Karma,FinTech,Financial Technology Research Platform,Bengaluru,IDG Ventures India,Private Equity,,False,2017,1
2466,07/11/2017,CoveIoT,Technology,Wearable tech and Internet of Things platform,Bengaluru,"Tata Group's watch and jewellery retailing firm, Titan Co Ltd",Private Equity,5000000.0,True,2017,2
2467,07/11/2017,Crayon Data,Technology,Customer Engagement Platform,Delhi,Infosys co-founder Kris Gopalakrishnan,Seed/Angel,,False,2017,1
2468,07/11/2017,DocTalk,Healthcare,Doctor Patient Communication platform,Mumbai,"Khosla Ventures, Matrix Partners India",Private Equity,5000000.0,True,2017,2
2469,08/11/2017,FarmLink,E-commerce,Online platform for Agricultural products,Mumbai,"Pioneering Ventures, Syngenta AG",Private Equity,3000000.0,True,2017,2
2470,08/11/2017,Fisdom,FinTech,Mutual Fund Investment App,Bengaluru,Quona Capital Management,Private Equity,3000000.0,True,2017,1
2471,08/11/2017,OpenApp,EdTech,IoT based Tech Startup,Bengaluru,"Axilor Ventures, Kumar Vembu",Private Equity,3600000.0,True,2017,2
2472,08/11/2017,TalentEdge,EdTech,Distance Education Learning Platform,Bengaluru,Lumis Partners,Private Equity,7600000.0,True,2017,1
2473,09/11/2017,Mobiliz AR,EdTech,Augmented Reality based Tech platform,Bengaluru,"IDFC-Parampara Fund, IDG Ventures",Private Equity,,False,2017,2
2474,09/11/2017,NoPaperForms,Technology,Enrolment Management Platform,Delhi,Info Edge (India),Seed/Angel,872000.0,True,2017,1
2475,09/11/2017,Tilite Technologies Pvt. Ltd,Real Estate,Saas based Corporate Travel Management Solution,Bengaluru,Matrix Partners,Seed/Angel,,False,2017,1
2476,10/11/2017,HappilyUnmarried,E-commerce,Online Gifting platform,Delhi,Wipro Consumer Care,Private Equity,,False,2017,1
2477,10/11/2017,Qubole,Technology,Big Data based analytics platform,Bengaluru,"Harmony Partners, Innov8, Singtel",Private Equity,25000000.0,True,2017,3
2478,13/11/2017,Universal Sportsbiz Pvt. Ltd,E-commerce,Celebrity fashion accessories and merchandise,Mumbai,Accel,Private Equity,15000000.0,True,2017,1
2479,14/11/2017,Active.ai,FinTech,AI based FinTech platform,Bengaluru,Vertex Ventures,Private Equity,8250000.0,True,2017,1
2480,14/11/2017,Hungry Foal,E-commerce,Healthy & Nutrition based snacks online platform,Gurugram,GAIL India Ltd,Seed/Angel,,False,2017,1
2481,15/11/2017,ElderAid Wellness,Healthcare,Social Healthcare Enterprise,Bengaluru,Rugmini Menon,Seed/Angel,,False,2017,1
2482,15/11/2017,Josh Talks,Media & Entertainment,Storytelling platform,Gurugram,"Apurva Chamaria, Girish Mathrubootham, Rohit Chanana",Private Equity,,False,2017,3
2483,15/11/2017,Omnia Information,Technology,WiFi Analytics Platform,Delhi,Omidyar Network,Private Equity,3000000.0,True,2017,1
2484,15/11/2017,Reniso,Real Estate,End-to-End property management for landlords living away,Delhi,"Alok Srivastava, Nishit Sharma",Seed/Angel,,False,2017,2
2485,17/11/2017,Perspectico,EdTech,Placement preparation and career growth training platform,Delhi,"Incubation Foundation (SIIF), SSCBS Innovation",Seed/Angel,,False,2017,2
2486,20/11/2017,ONN Bikes,Mobility,Self riding bike rental program,Mumbai,Z Nation Lab,Seed/Angel,692000.0,True,2017,1
2487,21/11/2017,CreditMate,FinTech,Vehicle loan approval platform,Mumbai,Paytm,Private Equity,,False,2017,1
2488,21/11/2017,Epiq Capital,FinTech,Tech based investor firm,Mumbai,Global Institutional Investors,Private Equity,200000000.0,True,2017,1
2489,21/11/2017,Heckyl,Technology,Big Data Analytics Platform,Mumbai,"IDG Ventures, Notion Capital",Private Equity,2700000.0,True,2017,2
2490,21/11/2017,Nuvepro,Energy & CleanTech,Managed Cloud Environment Solutions,Mumbai,1Crowd,Seed/Angel,400000.0,True,2017,1
2491,21/11/2017,Portea,Healthcare,Healthcare facilities at doorstep,Bengaluru,"MEMG CDC, Sabre Partners",Private Equity,26000000.0,True,2017,2
2492,21/11/2017,Rapido,Mobility,Bike and Taxi pooling online platform,Hyderabad,"Aravind Sanka, Skycatcher Fund",Seed/Angel,329230.0,True,2017,2
2493,21/11/2017,RedBook,Healthcare,AI based pharmacy drugs insights platform,Mumbai,"Dr. Aniruddha Malpani, Vida Ventures",Seed/Angel,250000.0,True,2017,2
2494,22/11/2017,MiStay,Travel & Hospitality,Online Hotel Reservation Platform,Bengaluru,Axilor Ventures,Seed/Angel,,False,2017,1
2495,23/11/2017,WittyFeed,Media & Entertainment,Viral Content and storytelling platform,Indore,Sandeep Aggarwal,Seed/Angel,,False,2017,1
2496,24/11/2017,IDG Ventures,FinTech,Venture Capitalist,Bengaluru,Uniliver Ventures,Private Equity,10000000.0,True,2017,1
2497,24/11/2017,TempGo,Mobility,IoT and SaaS based transportation platform,Goa,Javelin StartupO Victory Fund,Seed/Angel,250000.0,True,2017,1
2498,27/11/2017,ERA,Technology,Identity management platform,Mumbai,Amit Patni,Seed/Angel,39000.0,True,2017,1
2499,27/11/2017,Smaaash,Gaming,Virtual Reality based gaming platform,Mumbai,Sixth Sense Ventures,Private Equity,3800000.0,True,2017,1
2500,28/11/2017,Chumbak,Retail & Consumer Goods,Designer-led consumer products,Bengaluru,Gaja Capital,Private Equity,13000000.0,True,2017,1
2501,28/11/2017,FR8,Logistics,Online Truck aggregator platform,Chennai,IFMR Capital,Debt,1500000.0,True,2017,1
2502,28/11/2017,MobieFit,Healthcare,Health and fitness based mobile App,Goa,"MediAssist, NB Ventures",Seed/Angel,1350000.0,True,2017,2
2503,28/11/2017,Stanza Living,EdTech,Student accommodation platform,Delhi,"Accel, Matrix PArtners",Private Equity,2000000.0,True,2017,2
2504,01/12/2017,Strata Enviro,Technology,IoT based air pollution controller,Mumbai,Scale Minds,Private Equity,,False,2017,1
2505,05/12/2017,Dunzo,Technology,Daily Task Management Mobile App,Bengaluru,Google,Private Equity,12300000.0,True,2017,1
2506,05/12/2017,HandyTrain,EdTech,Mobile Learning Management Platform,Goa,NB Ventures,Private Equity,1000000.0,True,2017,1
2507,05/12/2017,Tata Housing,Real Estate,Residential Project,Mumbai,Hines,Private Equity,23000000.0,True,2017,1
2508,06/12/2017,Fintobox,EdTech,Child Learning & Development Platform,Chennai,Lightbox,Private Equity,7000000.0,True,2017,1
2509,06/12/2017,Greenlight Planet,Energy & CleanTech,Off-grid solar products platform,Mumbai,"Apis Partner, Bamboo Capital Partners, Eight Roads Ventures",Private Equity,60000000.0,True,2017,3
2510,07/12/2017,Cygnus Hospitals,Healthcare,Super speciality Hospitals,Gurugram,Somerset Indus Capital Ventures,Seed/Angel,750000.0,True,2017,1
2511,07/12/2017,eShakti,E-commerce,Women's Fashion Clothing Online Platform,Chennai,IDG Ventures,Debt,2300000.0,True,2017,1
2512,07/12/2017,Mswipe,FinTech,Mobile point of sale services provider,Mumbai,Eduardo Saverin,Private Equity,10000000.0,True,2017,1
2513,07/12/2017,The Label Life,E-commerce,Home Decor and Online Fashion Portal,Mumbai,Kalpvriksh,Private Equity,3100000.0,True,2017,1
2514,08/12/2017,Inshorts,Media & Entertainment,Mobile News Curation App,Noida,Tiger Global,Private Equity,5000000.0,True,2017,1
2515,11/12/2017,Furlenco,Real Estate,Furniture Rental Platform,Bengaluru,Aamir Khan,Debt,1200000.0,True,2017,1
2516,11/12/2017,LogicRoots,EdTech,Educational Platform to Learn Mathematics,Mumbai,Village Capital,Seed/Angel,50000.0,True,2017,1
2517,11/12/2017,Project Mudra,EdTech,Assisting Visually Impaired to learn through Braille,Bengaluru,Village Capital,Seed/Angel,50000.0,True,2017,1
2518,11/12/2017,Vahdam Tea,E-commerce,Online Platform Selling Indian Tea Globally,Delhi,"Mumbai Angel, Singapore Angel Network",Private Equity,1500000.0,True,2017,2
2519,12/12/2017,Fracktal Works,Technology,Platform based on 3D printing and Digital Manufacturing,Bengaluru,Hyderabad Angels,Seed/Angel,,False,2017,1
2520,12/12/2017,icanstay,Travel & Hospitality,Hotel Aggregator Platform,Delhi,HT Media,Private Equity,1800000.0,True,2017,1
2521,12/12/2017,Shopholix,E-commerce,Fashion and Lifestyle Coupon Platform,Gurugram,Munesh Khanna,Seed/Angel,233000.0,True,2017,1
2522,12/12/2017,Simility,Technology,Adaptive Fraud Intelligence Platform,Hyderabad,Accel,Private Equity,17500000.0,True,2017,1
2523,13/12/2017,Capita World,Technology,Artificial Intelligence Platform to Raise Funds,Mumbai,"Darshak Shah, Kiran Shetty, Mandar Mhatre, Mohan Tanksale",Private Equity,,False,2017,4
2524,13/12/2017,DocsApp,Healthcare,Mobile Application for Doctor Consultation,Bengaluru,Bessemer Venture Partners,Private Equity,7200000.0,True,2017,1
2525,13/12/2017,MindTickle,Technology,Gamification Platform to train Sales People,Pune,Canaan Partners,Private Equity,27000000.0,True,2017,1
2526,13/12/2017,Nazara Technologies,Gaming,Mobile Games Development Firm,Mumbai,Rakesh Jhunjhunwala,Private Equity,27000000.0,True,2017,1
2527,14/12/2017,Curofy,Healthcare,Mobile App for Network of Doctors,Gurugram,RoundGlass Partners LLC,Seed/Angel,250000.0,True,2017,1
2528,14/12/2017,HomeLane,E-commerce,Online Furniture Marketplace,Bengaluru,"Accel, RB Investments, Sequoia Capital",Private Equity,10000000.0,True,2017,3
2529,14/12/2017,Teabox,E-commerce,Fresh Indian Tea Selling Platform across 112 countries,Bengaluru,RB Investments,Private Equity,7000000.0,True,2017,1
2530,14/12/2017,Transversal Technologies,Media & Entertainment,Hyperlocal Video Information Sharing Platform,Bengaluru,Matrix Partners,Private Equity,6000000.0,True,2017,1
2531,14/12/2017,WeDoSky,Technology,Provides Business Insights using Drone Imaginary,Delhi,Mumbai Angels Network,Private Equity,,False,2017,1
2532,15/12/2017,Purplle,E-commerce,Beauty Products Online Marketplace,Mumbai,"Mountain Pain Capital, Suncoast Investments",Seed/Angel,537000.0,True,2017,2
2533,18/12/2017,Sky Met Weather,Technology,Weather Forecast Platform,Noida,InsuResillience Investment Fund,Private Equity,,False,2017,1
2534,19/12/2017,9Stacks,Technology,Online Poker Platform,Delhi,"Maheshwar Peri, Purnima Khandelwal, Sanjay Singh, Swati Gupta",Private Equity,1500000.0,True,2017,4
2535,19/12/2017,Peel Works,Technology,SaaS based Big Data Analytics Platform,Mumbai,Unilever Ventures,Private Equity,,False,2017,1
2536,19/12/2017,Springboard,EdTech,Online Courses and Mentoring from Experts,Bengaluru,"Costanoa, Jyoti Bansal, Learn Capital",Private Equity,9500000.0,True,2017,3
2537,20/12/2017,Spandana Sphoorty,FinTech,Micro finance institution providing small ticket unsecured loans to women,Hyderabad,"Kedaraa Capital, Ontario Teachers'",Private Equity,19500000.0,True,2017,2
2538,20/12/2017,Your Quote,Media & Entertainment,Vernacular and Video Content Platform,Bengaluru,"Axilor Ventures, E-City VEntures Atul Goel",Private Equity,1000000.0,True,2017,2
2539,21/12/2017,EasyEcom,E-commerce,Ecommerce enabler platform,Bengaluru,"Ambarish Gupta, Aneesh Reddy, Bold Ventures, Vona Investments",Seed/Angel,150000.0,True,2017,4
2540,21/12/2017,IGP,E-commerce,Online Gifting Platform,Unknown,Venture Catalysts,Private Equity,,False,2017,1
2541,21/12/2017,Indus OS,Technology,Regional Operating System for Smartphones,Mumbai,Omidyar Network,Private Equity,4000000.0,True,2017,1
2542,26/12/2017,Specsmakers,E-commerce,Online Spects Platform for Men and Women,Chennai,Eight Roads Ventures India,Private Equity,10000000.0,True,2017,1
2543,27/12/2017,Foyr,Real Estate,Realty Tech Startup solving real life Interior Designing problems,Hyderabad,Jones Lang LaSalle,Private Equity,3800000.0,True,2017,1
2544,27/12/2017,Garage On Road,E-commerce,Online vehicle service booking platform,Noida,Gaurav Gupta,Private Equity,,False,2017,1
2545,02/01/2018,CleverTap,Technology,Mobile App Analytics,Mumbai,"Accel, Recruit Holdings, Sequoia Capital",Seed/Angel,,False,2018,3
2546,04/01/2018,Early Salary,FinTech,Online Lending,Pune,Eight Roads Ventures India,Private Equity,15700000.0,True,2018,1
2547,05/01/2018,WOTU,E-commerce,Food and Beverages,Bengaluru,"Claris Capital, Mumbai Angels Network",Seed/Angel,,False,2018,2
2548,08/01/2018,DAAKI,E-commerce,Sports Nutrition Supplement etailer,Bengaluru,Rohan Agila,Seed/Angel,,False,2018,1
2549,09/01/2018,Lendingkart,FinTech,Online Lending,Ahmedabad,Nederlandse Financierings-Maatschappij voor Ontwikkelingslanden N.V,Debt,4700000.0,True,2018,1
2550,10/01/2018,Appario Retail Pvt Ltd.,E-commerce,Retail,Delhi,Amazon-Patni JV,Private Equity,18840000.0,True,2018,1
2551,10/01/2018,Sahajanand Medical Technologies,Healthcare,Medical Devices,Surat,Morgan Stanley Private Equity Asia,Private Equity,36230000.0,True,2018,1
2552,10/01/2018,Samunnati,FinTech,Agricultural Loan,Chennai,"Accel, Elevar Equity, responsAbility",Private Equity,23500000.0,True,2018,3
2553,10/01/2018,Tapzo,Technology,Personal Assistant,Bengaluru,RuNet,Private Equity,1930000.0,True,2018,1
2554,12/01/2018,Kuants,Technology,Algorithmic Trading,Gurugram,"Ankush Gupta, Pankaj Chopra",Seed/Angel,80000.0,True,2018,2
2555,12/01/2018,Razorpay,FinTech,Payment Gateway,Bengaluru,"Tiger Global, Y Combinator",Private Equity,20000000.0,True,2018,2
2556,15/01/2018,Newgen Software,Technology,IT,Delhi,"Goldman Sachs, hedge fund",Private Equity,20000000.0,True,2018,2
2557,15/01/2018,Pi Ventures,FinTech,Venture Capital,Bengaluru,"Electronic Development Fund, Hero Electronix's corporate financing arm, Sunil Kant Munjal",Private Equity,25000000.0,True,2018,3
2558,15/01/2018,Streak,Technology,Algorithmic Trading,Bengaluru,"Indian fintech fund, Rainmatter",Seed/Angel,354600.0,True,2018,2
2559,17/01/2018,Rubix,EdTech,Education,Pune,Polaris Fund,Private Equity,1000000.0,True,2018,1
2560,18/01/2018,ShareChat,Media & Entertainment,Social,Bengaluru,"Shunwei Capital, Xiaomi Singapore",Private Equity,18200000.0,True,2018,2
2561,22/01/2018,AEON Learning,EdTech,Education,Bengaluru,Dr. Ranjan Pai,Private Equity,3200000.0,True,2018,1
2562,22/01/2018,HungerBox,Food & Beverage,Food and Beverages,Bengaluru,Lionrock Capital,Private Equity,2500000.0,True,2018,1
2563,22/01/2018,OptaCredit,FinTech,Alternative Lending,Chennai,DMI Finance,Private Equity,4000000.0,True,2018,1
2564,22/01/2018,Paperflite,Technology,IT,Chennai,The Chennai Angels,Seed/Angel,400000.0,True,2018,1
2565,22/01/2018,Skillate,Technology,Artificial Intellegence,Bengaluru,"Anuj Agrawal, Incubate Fund India",Private Equity,,False,2018,2
2566,23/01/2018,MilkBasket,E-commerce,Online Grocery,Gurugram,Unilever Ventures,Private Equity,3000000.0,True,2018,1
2567,24/01/2018,Aye Finance,FinTech,Online Lending,Gurugram,IFMR Capital,Debt,6240000.0,True,2018,1
2568,24/01/2018,NeoGrowth,FinTech,Digital Lending,Mumbai,"Aspada Investment, LeapFrog Investments, Quona Capital",Private Equity,47000000.0,True,2018,3
2569,24/01/2018,Rao IIT Academy,EdTech,Coaching Services,Mumbai,Avendus Finance,Debt,8600000.0,True,2018,1
2570,25/01/2018,Glassic,E-commerce,Eyewear,Bengaluru,"Chennai Angels, Lead Angels, LetsVenture",Seed/Angel,,False,2018,3
2571,25/01/2018,GreyAtom,EdTech,Education,Mumbai,Pravega Ventures,Private Equity,1000000.0,True,2018,1
2572,26/01/2018,Axio,Healthcare,Hemostatic Dressing Solutions,Bengaluru,RNT Capital,Private Equity,7400000.0,True,2018,1
2573,29/01/2018,eKincare,Healthcare,Technology,Hyderabad,"BVR Mohan Reddy, Eight Roads Ventures, Endiya Partners, Touchstone Equities, Ventureast",Private Equity,1500000.0,True,2018,5
2574,29/01/2018,The Wedding Brigade,Consumer Internet,Online Services,Mumbai,Blume Ventures,Private Equity,1000000.0,True,2018,1
2575,30/01/2018,BrowserStack,Technology,Browser Testing,Mumbai,Accel,Private Equity,50000000.0,True,2018,1
2576,30/01/2018,CureFit,Healthcare,Fitness,Bengaluru,"Axis Bank, HDFC Bank",Debt,10000000.0,True,2018,2
2577,30/01/2018,PeeSafe,Healthcare,Hygiene,Gurugram,"Alfa Capital, Green Shots Capital, Mitesh Shah, Rahul Maroli, Real Time Ventures, Shivani Singh, Venture Catalysts",Private Equity,1000000.0,True,2018,7
2578,30/01/2018,Scapic,Technology,Virtual Reality,Bengaluru,"Axilor Ventures, Newfort Capital",Seed/Angel,500000.0,True,2018,2
2579,31/01/2018,iNurture,EdTech,Education Solutions,Bengaluru,Ventureast,Private Equity,4400000.0,True,2018,1
2580,01/02/2018,BigBasket,Food & Beverage,Online Grocery & Food Store,Bengaluru,"Alibaba, Ascent Capital, Bessemer Venture Partners, Helion Venture Partners",Private Equity,300000000.0,True,2018,4
2581,01/02/2018,Zomato,Food & Beverage,Food Ordering and Restaurant Discovery,Gurugram,Ant Financial,Private Equity,200000000.0,True,2018,1
2582,05/02/2018,Asia Institute Of Medical Science,Healthcare,Super-specialty Hospital,Faridabad,CDC Group Plc,Private Equity,21000000.0,True,2018,1
2583,05/02/2018,CollegeDekho,EdTech,Online platform for Higher Education Services,Gurugram,"Girnar Software, Man Capital LLP",Private Equity,2000000.0,True,2018,2
2584,05/02/2018,Pratilipi,Media & Entertainment,E-Publishing,Bengaluru,Omidyar Network,Private Equity,4300000.0,True,2018,1
2585,06/02/2018,Foodmemories,Food & Beverage,Online Food Marketplace,Ahmedabad,"Bhavesh Manglani, Darshan Upadhyay, Sanjay Notani, Suraj Saharan",Seed/Angel,,False,2018,4
2586,06/02/2018,Healthi,Healthcare,Preventive Health Checkup,Bengaluru,Montane Ventures,Private Equity,3100000.0,True,2018,1
2587,07/02/2018,Swiggy,Food & Beverage,Online Food Delivery,Bengaluru,Naspers,Private Equity,100000000.0,True,2018,1
2588,08/02/2018,Icertis,Consumer Internet,Enterprise Contract Management Platform,Pune,Meritech Capital Partners,Private Equity,50000000.0,True,2018,1
2589,08/02/2018,Shape,Healthcare,"Online Portal for Diet,fitness and Beauty",Pune,Sandeep Mathur,Seed/Angel,,False,2018,1
2590,09/02/2018,HealthifyMe,Healthcare,Mobile Weight Loss Coach,Bengaluru,Sistema Asia Fund,Private Equity,12000000.0,True,2018,1
2591,09/02/2018,MedTel,Healthcare,Virtual health clinics,Bhubaneswar,"British, Indian Governments",Private Equity,,False,2018,2
2592,09/02/2018,Rupeek,FinTech,Online Gold Loan,Bengaluru,"Accel, Sequoia Capital",Private Equity,6830000.0,True,2018,2
2593,09/02/2018,WebEngage,Media & Entertainment,Marketing Cloud for consumer businesses,Mumbai,Social Capital,Private Equity,,False,2018,1
2594,12/02/2018,Cashify,E-commerce,Online Selling,Gurugram,Trifecta Capital,Debt,935089.0,True,2018,1
2595,12/02/2018,Lendingkart,FinTech,Online Lending Platform,Bengaluru,Fullerton Financial Holdings Pte Ltd,Private Equity,87000000.0,True,2018,1
2596,12/02/2018,Wydr,E-commerce,B2B Marketplace,Gurugram,"Axis Capital, Bessemer Venture Partners, Jungle Venture Partners, Singapore, Stellaris Venture Partners",Private Equity,,False,2018,5
2597,13/02/2018,Awaaz De,Media & Entertainment,Mobile Solutions for Social Impact,Ahmedabad,Tribe Impact Capital LLP,Seed/Angel,,False,2018,1
2598,13/02/2018,HolaChef,Food & Beverage,Online Food Delivery,Mumbai,Ashok Kumar Gajera,Seed/Angel,311200.0,True,2018,1
2599,13/02/2018,IMAX Program,EdTech,Individualised Progressive Learning Program,Bengaluru,"LGT Impact Ventures, Michael, Susan Dell Foundation",Private Equity,13500000.0,True,2018,3
2600,14/02/2018,Littlemore,EdTech,Online Education Platform,Chennai,Kalpavriksh,Private Equity,3000000.0,True,2018,1
2601,14/02/2018,MoneyOnMobile,FinTech,mobile payment platform,Mumbai,S7 Group,Private Equity,5000000.0,True,2018,1
2602,14/02/2018,OYO Rooms,Food & Beverage,Budget Rooms,Gurugram,DiDi Chuxing,Private Equity,100000000.0,True,2018,1
2603,14/02/2018,Shirsa Labs,EdTech,Integrated Kids Engagement Company,Mumbai,"Atul Agarwal, Dewang Neralla, Mahesh Kothurkar",Private Equity,500000.0,True,2018,3
2604,14/02/2018,Toppr,EdTech,Online Education Platform,Mumbai,Axis Capital Partners,Private Equity,100000.0,True,2018,1
2605,15/02/2018,Infibeam,E-commerce,Online Retailing,Ahmedabad,Network 18,Private Equity,6230000.0,True,2018,1
2606,15/02/2018,PetSutra,Retail & Consumer Goods,Online Pet Care Products,Gurugram,Michael Patrick Hickey,Seed/Angel,148434.0,True,2018,1
2607,16/02/2018,Fincash,FinTech,Fin-Tech,Mumbai,"Mohammed Khan, Sameer Narayan",Seed/Angel,150000.0,True,2018,2
2608,16/02/2018,happay,FinTech,Expense Management,Bengaluru,"Jerry Yang, Sequoia",Seed/Angel,250000.0,True,2018,2
2609,19/02/2018,Aye Finance,FinTech,Online Lending,Gurugram,"Hinduja Leyland Finance, IntelleGrow",Private Equity,3800000.0,True,2018,2
2610,20/02/2018,Agricxlab,AgriTech,Agri-tech,Mumbai,Ankur Capital,Seed/Angel,500000.0,True,2018,1
2611,21/02/2018,Capillary,Technology,SaaS,Bengaluru,"Sequoia, Wargburg Pincus",Private Equity,20000000.0,True,2018,2
2612,21/02/2018,HighRadius,Technology,Cloud-based Software,Hyderabad,"Citi Ventures, PNC",Private Equity,,False,2018,2
2613,21/02/2018,The Healthy Billions,Healthcare,Analytics,Gurugram,"Blume Ventures, Fireside Ventures, HealthQuad",Private Equity,2100000.0,True,2018,3
2614,21/02/2018,Udaan,E-commerce,B2B Marketplace,Bengaluru,"Lightspeed, Yuri Milner",Private Equity,50000000.0,True,2018,2
2615,26/02/2018,Avishkaar Box,EdTech,Education,Delhi,Auxano Deals,Private Equity,772500.0,True,2018,1
2616,26/02/2018,Planys Technologies,Technology,Robotic InspectionStartup,Chennai,"Kris Gopalakrishnan, MEMG Family Office, Pratithi Investment Trust, S Gopal",Private Equity,1040000.0,True,2018,4
2617,27/02/2018,Lollypop,Technology,Digital Design,Bengaluru,Dr Devi Shetty,Seed/Angel,,False,2018,1
2618,27/02/2018,Trilyo,Healthcare,AI platform for hospitality industry,Mumbai,"Amit Manocha, Startup Buddy",Seed/Angel,250000.0,True,2018,2
2619,28/02/2018,Credy,Technology,SaaS,Bengaluru,"Khosla Ventures, Vy Capital, Y Combinator",Seed/Angel,1400000.0,True,2018,3
2620,28/02/2018,Gaana,Media & Entertainment,Online Music Streaming,Gurugram,"Tencent Holdings Ltd, Times Internet",Private Equity,115000000.0,True,2018,2
2621,28/02/2018,Predible Health,Healthcare,Cancer radiology,Bengaluru,Unitus Seed Fund,Seed/Angel,,False,2018,1
2622,01/03/2018,Buddy4studdy,Consumer Internet,Online Scholarship Portal,Noida,CBA Capital,Private Equity,3000000.0,True,2018,1
2623,01/03/2018,PharmEasy,Healthcare,Online Pharmacy Store,Mumbai,"Bessemer Venture Partners, JM Financials, MEMG, Orios Venture Partners",Private Equity,,False,2018,4
2624,01/03/2018,Urban Ladder,E-commerce,Online Furniture Store,Bengaluru,"Kalaari capital, SAIF Partners, Sequoia Capital",Private Equity,12000000.0,True,2018,3
2625,03/03/2018,Kuvera,FinTech,Online Financial Planning,Bengaluru,"Ankit Kesarwani, Baskar Subramanian, Gaurav Suri, Saket Kumar",Seed/Angel,250000.0,True,2018,4
2626,04/03/2018,Gramophone,AgriTech,Agri-tech,Indore,InfoEdge,Seed/Angel,1000000.0,True,2018,1
2627,04/03/2018,Livehealth,Healthcare,Health Service Aggregator Platform,Pune,Nexus Venture Partners,Seed/Angel,1100000.0,True,2018,1
2628,05/03/2018,Finova Capital,FinTech,Online Lending,Jaipur,Sequoia Capital,Private Equity,6000000.0,True,2018,1
2629,05/03/2018,Hotelogix,Travel & Hospitality,Cloud based Online Hotel Management Software,Noida,"Accel, Saama Capital, Vertex Ventures",Private Equity,5000000.0,True,2018,3
2630,05/03/2018,MedGenome,Healthcare,"Genetic Screening, DNA Diagnostics Labs & Research Centers",Bengaluru,"HDFC Asset Management, HDFC Life",Private Equity,10000000.0,True,2018,2
2631,05/03/2018,Wellthy,Healthcare,Therapeutics,Mumbai,"Apoorva Patni, Beenext Ventures, GrowX Ventures, Ranjan Pai",Private Equity,2100000.0,True,2018,4
2632,06/03/2018,Ad2pro,E-commerce,"Creative Design, Brand, Media and Technology Platform Solutions",Chennai,Avendus Finance Pvt. Ltd,Debt,9700000.0,True,2018,1
2633,06/03/2018,Coverfox,FinTech,Online Insurance Aggregator,Mumbai,Aegon NV,Private Equity,7600000.0,True,2018,1
2634,08/03/2018,Magicpin,Consumer Internet,Hyperlocal Discovery,Gurugram,Trifecta Capital,Debt,1000000.0,True,2018,1
2635,08/03/2018,Pepperfry,Real Estate,Online Furniture Shopping Store,Mumbai,State Street Global Advisors,Private Equity,38400000.0,True,2018,1
2636,12/03/2018,HealthCare,Healthcare,Healthcare Aggregator,Mumbai,HR Fund,Seed/Angel,1000000.0,True,2018,1
2637,13/03/2018,Pine Labs,FinTech,Digital Payment Platform,Mumbai,"Actis, Altimeter Capital",Private Equity,82000000.0,True,2018,2
2638,14/03/2018,AvailFinance,FinTech,Online Lending Platform,Bengaluru,"Ankit Bhati, Bhavish Aggarwal, Binny Bansal, Kunal Shah, Manish Patel, Matrix Partners",Private Equity,17200000.0,True,2018,6
2639,14/03/2018,Stumagz,EdTech,Online Communication and Collaboration Platform For Educational Institutions,Hyderabad,"Sudhakar Pennam, Venkat Subramanian, and other tech investors from Silicon Valley",Seed/Angel,,False,2018,3
2640,15/03/2018,Grofers,Food & Beverage,Online Grocery Shop,Gurugram,"Apoletto Managers, SoftBank, Tiger Global",Private Equity,62000000.0,True,2018,3
2641,19/03/2018,CustomerSucessBox,Technology,Customer Success Software for B2B SaaS,Gurugram,"Axilor Ventures, Pi Ventures",Seed/Angel,1000000.0,True,2018,2
2642,19/03/2018,Fingerlix,Food & Beverage,Ready To cook Food Solution,Mumbai,Alteria Capital,Debt,1310000.0,True,2018,1
2643,19/03/2018,Karma Healthcare,Healthcare,Technology enabled equitable healthcare for India,Udaipur,"1Crowd, Ankur Capital",Seed/Angel,500000.0,True,2018,2
2644,19/03/2018,Zappfresh,Food & Beverage,Online Raw Meat E-tailer,Gurugram,"Amit Burman, SIDBI Venture Capital",Seed/Angel,3000000.0,True,2018,2
2645,20/03/2018,One Labs,Consumer Internet,Consumer Technology and Artificial Intelligence Based Aggregator App,Unknown,Micromax Informatics Ltd,Private Equity,,False,2018,1
2646,21/03/2018,GigIndia,EdTech,Micro Jobs Provider For Students,Pune,"Hiro Mashita, Jessica Wong, Xue Manzi, Yiyun Zhang",Seed/Angel,,False,2018,4
2647,22/03/2018,Chargebee,FinTech,Subscription Billing & Recurring Payments Software,Chennai,"Accel, Insight Venture Partners, Tiger Global",Private Equity,18000000.0,True,2018,3
2648,22/03/2018,i2ifunding,FinTech,Online loan platform,Noida,SucSEED Venture Partners,Seed/Angel,768000.0,True,2018,1
2649,22/03/2018,Slang Labs,Technology,Voice-based assistant platform,Bengaluru,Endiya Partners,Seed/Angel,1240000.0,True,2018,1
2650,22/03/2018,UrbanPiper,Food & Beverage,Online ordering solution for restaurants and food chains,Bengaluru,"Axilor Ventures, Kumar Vembu",Seed/Angel,,False,2018,2
2651,26/03/2018,Cash Suvidha,FinTech,Online loan platform,Delhi,"Initia Holdings, Vipin Agarwal",Seed/Angel,1000000.0,True,2018,2
2652,27/03/2018,DriveU,Mobility,Professional Car Drivers Hiring App,Bengaluru,"Amit Singhal, Unitus Seed Fund",Private Equity,3000000.0,True,2018,2
2653,27/03/2018,The Print,Media & Entertainment,News portal,Delhi,Ratan Tata,Seed/Angel,535000.0,True,2018,1
2654,28/03/2018,Smartcoin,FinTech,Micro lending company,Bengaluru,"Accion Venture Lab, ISME ACE, Unicorn India Ventures",Seed/Angel,2000000.0,True,2018,3
2655,29/03/2018,Fynd,E-commerce,O2O fashion ecommerce platform,Mumbai,"Axis Capital, Google, GrowX, IIFL, Kae Capital, Patni family office, Singularity Ventures, Tracxn Labs, Venture Catalyst",Seed/Angel,,False,2018,9
2656,02/04/2018,Benepik,Technology,Enhanced Employee Engagement Platform,Gurugram,"Thomas Assessments, Vishal Bali, Yogesh Misra",Seed/Angel,,False,2018,3
2657,02/04/2018,Fitternity,Healthcare,Online Fitness Discovey Platform,Mumbai,"Anjali Bansal, Arihant Patni of Patni Family Office, Exfinity Venture, Saha fund Partners, Satish Khanna, Shardul Amarchand Mangaldas, Taparia family office",Private Equity,2000000.0,True,2018,7
2658,02/04/2018,Synctag,Media & Entertainment,Social Media Anlaytics Platform,Coimbatore,"Mohit Khadaria, Subhkam Ventures",Seed/Angel,307600.0,True,2018,2
2659,04/04/2018,Varthana,FinTech,Loans and Services To Affordable Private Schools in India,Bengaluru,"ChrysCapital, Elevar Equity, Kaizen Private Equity also participated in the round, LGT Impact, Omidyar Network",Private Equity,55000000.0,True,2018,5
2660,05/04/2018,IndigoLearn,EdTech,Online Education Platform,Hyderabad,"Jamshed Jeejeebhoy, Maheshwar Peri, director at Byramjee Jeejeebhoy Pvt. Ltd were among the angels, founder and chairman of career information portal Careers360",Seed/Angel,150000.0,True,2018,4
2661,05/04/2018,Vedantu,EdTech,Interactive Online Tutoring Platform,Bengaluru,"Accel, Tiger Global",Private Equity,10000000.0,True,2018,2
2662,09/04/2018,Elemential,FinTech,Blockchain Platform,Mumbai,"Amit Ranjan, Amrish Rau, Digital Currency Group, Eight Innovate, Hinduja Group, Investopad, Lightspeed India, Matrix Partner, Prashant Malik",Seed/Angel,,False,2018,9
2663,09/04/2018,Kaleidofin,FinTech,Digital Financial Services Platform,Chennai,"Omidyar Network. Blume Ventures, Professor Shlomo Ben-Haim",Seed/Angel,2800000.0,True,2018,2
2664,09/04/2018,Pipabella,E-commerce,Fashion Accessories Etailer,Mumbai,Fireside Ventures,Seed/Angel,1000000.0,True,2018,1
2665,10/04/2018,Loanzen,FinTech,Digital Lending Platform In Logistics,Bengaluru,Kae Capital Management,Seed/Angel,,False,2018,1
2666,10/04/2018,Travel Triangle,Travel & Hospitality,Online Travel Marketplace,Gurugram,"Bessemer Venture Partners, Fundamentum, RB investments, SAIF Partners",Private Equity,12000000.0,True,2018,4
2667,12/04/2018,Aye Finance,FinTech,Online Lending Platform,Gurugram,"BlueOrchard Finance Ltd, Hinduja Leyland Finance, IntelleGrow",Debt,4600000.0,True,2018,3
2668,12/04/2018,LetsMD,Healthcare,Platform To Discover Healthcare Financing Options,Delhi,"SRI Capital, ThinKuvate, Waterbridge Ventures",Seed/Angel,1000000.0,True,2018,3
2669,13/04/2018,mintifi,FinTech,Online Lending Platform,Mumbai,Lok Capital,Seed/Angel,2000000.0,True,2018,1
2670,16/04/2018,icanstay,Travel & Hospitality,Online Platform For Luxury Hotel Stay For Business Travelers,Delhi,Mr. Manoj Prasad,Seed/Angel,500000.0,True,2018,1
2671,16/04/2018,Pregbuddy,Healthcare,Connected Care App For Pregnant Women,Bengaluru,"Jayant Kadambi, Madhusudhan Kannan, Pradeep K Jaisingh, Puneet Gupta, Rajan Anandan",Seed/Angel,,False,2018,5
2672,18/04/2018,Coverfox,FinTech,Online Insurance Aggregator,Mumbai,"International Finance Corporation, Transamerica",Private Equity,22000000.0,True,2018,2
2673,19/04/2018,Fyle Technologies,Technology,AI Based Expense Management Platform,Bengaluru,"Beenext, Pravega Ventures",Seed/Angel,1100000.0,True,2018,2
2674,19/04/2018,Lenskart,E-commerce,Online Eyewear Retailer,Faridabad,TR Capital,Private Equity,,False,2018,1
2675,19/04/2018,MamaEarth,Healthcare,Online Baby care Products,Gurugram,Shilpa Shetty Kundra,Private Equity,,False,2018,1
2676,19/04/2018,True Balance,Technology,Mobile Balance Checking App,Gurugram,"Line Corp, Line Ventures Corporation, Naver, Shinhan Bank, TS Investment",Private Equity,23000000.0,True,2018,5
2677,22/04/2018,Doxper,Healthcare,Digitized Health-Tech Solutions For Practitioners,Mumbai,Vidal Healthcare,Seed/Angel,1900000.0,True,2018,1
2678,22/04/2018,Nykaa,Consumer Internet,Beauty e-tailer,Mumbai,"Dalip Pathak, Harsh Mariwala, Sunil Munjal",Private Equity,11000000.0,True,2018,3
2679,22/04/2018,Visit,Healthcare,AI Driven Health tech Platform,Delhi,"Alagu Periyannan, Biz Stone, Karthee Madasamy, Kunal Bahl, Rohit Bansal",Private Equity,,False,2018,5
2680,23/04/2018,Capital Float,FinTech,Online Lending Platform,Bengaluru,Amazon,Private Equity,22000000.0,True,2018,1
2681,25/04/2018,TripShelf,Travel & Hospitality,Online Travel Marketplace,Delhi,"Alok Mittal, GEMS Advisory, Sachin Bhatia",Seed/Angel,246000.0,True,2018,3
2682,26/04/2018,POPxo,Media & Entertainment,Women Focussed Digital Media Platform,Delhi,"GREE Ventures, IDG Ventures India, Kalaari Capital, Neoplux, OPPO, Summit Media",Private Equity,5500000.0,True,2018,6
2683,26/04/2018,RailYatri,Travel & Hospitality,Online Travel Ticketing Platform,Noida,"Blume Ventures, Helion Venture Partners, Nandan Nilekani, Omidyar Network",Private Equity,,False,2018,4
2684,27/04/2018,1mg,Healthcare,Online Pharmacy Store,Gurugram,"HBM Healthcare Investments Ltd, Maverick Capital Ltd, Sequoia Capital",Private Equity,10000000.0,True,2018,3
2685,29/04/2018,Rubique,FinTech,Online Lending MarketPlace,Mumbai,"Blacksoil, Emery Capital, Kalaari Capital",Private Equity,,False,2018,3
2686,30/04/2018,MyLoanCare,FinTech,B2C Online Loans Marketplace,Gurugram,SAR Group,Seed/Angel,978000.0,True,2018,1
2687,30/04/2018,Samco,FinTech,Online Stock Broker,Mumbai,Bay Capital Investments,Private Equity,7500000.0,True,2018,1
2688,02/05/2018,Bizongo,Consumer Internet,Aggregator For Packaging Material,Mumbai,"Accel, B Capital, IDG Ventures, International Finance Corporation (IFC)",Private Equity,22000000.0,True,2018,4
2689,02/05/2018,OpenTap,FinTech,Online Lending Platform,Chennai,Unknown High Net-Worth Individuals,Seed/Angel,450000.0,True,2018,1
2690,03/05/2018,Disprz,Technology,SaaS,Chennai,"IL&FS Private Equity, Kae Capital",Seed/Angel,2500000.0,True,2018,2
2691,09/05/2018,i3sysytems,Healthcare,AI product company For Health and Life Insurane Companies,Mumbai,"Behram Vakil, Jerxis Vandrevala, Unitus Ventures",Seed/Angel,1000000.0,True,2018,3
2692,11/05/2018,Earth Food,AgriTech,Agri-tech,Pune,Rairah Corporation,Seed/Angel,949000.0,True,2018,1
2693,14/05/2018,Nykaa,Consumer Internet,Beauty e-tailer,Mumbai,"Dalip Pathak, Harsh Mariwala, Sunil Munjal",Private Equity,24000000.0,True,2018,3
2694,16/05/2018,mfine,Healthcare,Doctor-Consultation App,Bengaluru,"Mayur Abhaya Srisrimal, Prime Venture Partners, Stellaris Venture Partners",Private Equity,4200000.0,True,2018,3
2695,21/05/2018,MilkBasket,Food & Beverage,Micro-Delivery Grocery Startup,Gurugram,"Blume Ventures, Kalaari Capital, Unilever Ventures",Private Equity,7000000.0,True,2018,3
2696,21/05/2018,Rocketium,Media & Entertainment,Online Video Creation Platform,Bengaluru,Blume ventures,Seed/Angel,300000.0,True,2018,1
2697,22/05/2018,Cashkumar,FinTech,P2P Lending Platform,Bengaluru,LetsVenture,Seed/Angel,735000.0,True,2018,1
2698,22/05/2018,Vola,FinTech,Micro Lending Platform,Bengaluru,Credika and unnamed angel investors,Seed/Angel,500000.0,True,2018,1
2699,23/05/2018,Aashiyaan,FinTech,Housing Finance For Low-Income Families,Kolkata,"Insistor, Oikocredit",Seed/Angel,2000000.0,True,2018,2
2700,23/05/2018,Edyoo,E-commerce,Products For Shoolgoing Children,Bengaluru,RS Shanbag,Seed/Angel,735000.0,True,2018,1
2701,24/05/2018,Bonphulapl,Energy & CleanTech,Oxygen Optimiser Manufacturer,Delhi,"Atul Gupta, Saurabh Rastogi",Seed/Angel,293000.0,True,2018,2
2702,24/05/2018,Smartivity,EdTech,Designer Of Toys and Learning Projects For Kids,Delhi,"Ashish Kacholi, S Chand Group",Seed/Angel,2000000.0,True,2018,2
2703,27/05/2018,Acko,FinTech,Online Insurance Platform,Mumbai,"Amazon, Ashish Dhawan, Catamaran Ventures, NR Narayana Murthy",Seed/Angel,12000000.0,True,2018,4
2704,28/05/2018,HWell24,Healthcare,Home Healthcare Aggregator,Mumbai,"Bhavesh P, Medintel Services Pvt. Ltd, Mitali Pawar, Nikhil G, ONCOTRUST, Prashant Mehta, R Ranganathan",Seed/Angel,200000.0,True,2018,7
2705,29/05/2018,Toffee,FinTech,Online Insurance Platform,Gurugram,"Accion Venture Labs, Kalaari Capital, Omidyar Network",Seed/Angel,1500000.0,True,2018,3
2706,29/05/2018,Tonetag,FinTech,Mobile Payments Technology Platform,Bengaluru,"Amazon Inc, Mastercard",Private Equity,8000000.0,True,2018,2
2707,30/05/2018,Events High,Consumer Internet,Events and Activities Discovery Platform,Bengaluru,Treebo,Private Equity,,False,2018,1
2708,30/05/2018,Stellaps,AgriTech,Iot Application Platform In Agriculture,Bengaluru,"ABB Technology Ventures, BEENEXT, Bill, Blume Ventures, IndusAge Partners, Melinda Gates Foundation, Omnivore, Qualcomm Venture, Venture Highway",Private Equity,14000000.0,True,2018,9
2709,31/05/2018,Credright,FinTech,Lending Platform For SMEs,Hyderabad,"Accion Venture Lab, YourNest Venture Capital And Other Angel Investors",Seed/Angel,1300000.0,True,2018,2
2710,01/06/2018,CoinTribe,FinTech,Credit-Based Lending Marketplace For Small And Medium Enterprises,Gurugram,"Puneet Dalmia, Sabre Partners",Private Equity,10000000.0,True,2018,2
2711,04/06/2018,Digiconectt,Technology,Sales Analytics and Enablement Platform,Bengaluru,Aspire Logistics LLC,Seed/Angel,125000.0,True,2018,1
2712,04/06/2018,Kashmir Box,E-commerce,"Online Marketplace For Handicrafts, Handlooms And Local Produce",Srinagar,"Aijaz Saleem, Alok Divatia, Bhairavi Jani, Namrata Kaul, Sohail Hashemi",Seed/Angel,,False,2018,5
2713,05/06/2018,Crowdera,FinTech,Online Crowdfunding Platform,Nagpur,"Amrendra Reddy, Anil Advani, Manish Satnaliwala, Pramod Jain",Seed/Angel,,False,2018,4
2714,05/06/2018,Zoctr,Healthcare,Online Healthcare Aggregator,Mumbai,NB Ventures,Seed/Angel,,False,2018,1
2715,07/06/2018,Annapurna Finance,FinTech,Non-Banking Financial Company,Bhubaneswar,Oman India Joint Investment Fund (OIJIF),Private Equity,23000000.0,True,2018,1
2716,07/06/2018,Meesho,E-commerce,Online Marketplace For Resellers,Bengaluru,"SAIF Partners, Sequoia Capital, Venture Highway, Y Combinator",Private Equity,11500000.0,True,2018,4
2717,10/06/2018,Aye Finance,FinTech,Online Lending Platform,Gurugram,"CapitalG, LGT Impact Ventures, SAIF Partners",Private Equity,21500000.0,True,2018,3
2718,11/06/2018,Theranosis,Healthcare,Specialised diagnostics Platform,Hyderabad,Mumbai Angels Network,Seed/Angel,,False,2018,1
2719,12/06/2018,Alpha Capital,FinTech,Supplychain Finance,Mumbai,Alpha Capital,Private Equity,14800000.0,True,2018,1
2720,12/06/2018,Daily Ninja,Logistics,Hyperlocal Delivery Platform,Bengaluru,"Saama Capital, Sequoia Capital",Seed/Angel,3000000.0,True,2018,2
2721,12/06/2018,eShakti,E-commerce,Fashion e-tailer,Chennai,Paragon Partners,Private Equity,10100000.0,True,2018,1
2722,13/06/2018,NirogStreet,Healthcare,An Online Platform That Connects Ayurveda Doctors With Patients,Gurugram,"Samir Kumar, Spiral Ventures, Subho Ray",Seed/Angel,300000.0,True,2018,3
2723,13/06/2018,Nivesh,FinTech,Mass Market Mutual Fund Investment Platform,Noida,"Basab Pradhan, Bijoy George, LetsVenture, Rajan Anandan, Vivek Khare",Seed/Angel,450000.0,True,2018,5
2724,13/06/2018,What's Up Life,Food & Beverage,"A Local Discovery App For Dining-Out, Party, Leisure and Events",Gurugram,Rannvijay Singha,Seed/Angel,,False,2018,1
2725,14/06/2018,HomeLane,Real Estate,Online Home Furnishing Solutions,Bengaluru,Brand Capital,Seed/Angel,3450000.0,True,2018,1
2726,14/06/2018,Network Intelligence,Technology,Cybersecurity Specialist,Mumbai,Helix Investments,Private Equity,4800000.0,True,2018,1
2727,18/06/2018,Elucidata,Technology,Data Analytics (SaaS),Delhi,Hyperplane Venture Capital and several angel investors,Seed/Angel,1700000.0,True,2018,1
2728,18/06/2018,Tynor Othontics,Healthcare,Prosthetics Manufacturers,Chandigarh,"Lighthouse Funds, Thuasne Participations",Private Equity,21000000.0,True,2018,2
2729,19/06/2018,Chrysalis,EdTech,Education Services Provider,Pune,"Artha Initiatives, Menterra Venture",Seed/Angel,,False,2018,2
2730,19/06/2018,RentSher,E-commerce,Online Rental Marketplace,Bengaluru,"LetsVenture, Shorooq Investments",Seed/Angel,1100000.0,True,2018,2
2731,20/06/2018,Drip capital,FinTech,Trade Finance Firm,Mumbai,"Accel, Sequoia Capital, Y Combinator",Private Equity,15000000.0,True,2018,3
2732,22/06/2018,WickedRide,Mobility,Online Motorbike And Scooter Rental Platforms,Bengaluru,"Accel, Raghunandan Gangappa, Sequoia Capital",Private Equity,9100000.0,True,2018,3
2733,25/06/2018,HipBar,FinTech,Digital Payment Platform For Beverage Delivery,Bengaluru,Diageo India,Private Equity,4000000.0,True,2018,1
2734,25/06/2018,PolicyBazaar,FinTech,Online Insurance Selling Platform,Gurugram,"Info Edge (India) Ltd, SoftBank Vision Fund",Private Equity,200000000.0,True,2018,2
2735,25/06/2018,Sqqrl,FinTech,App-based investment platform,Gurugram,Equanimity Venture Fund,Seed/Angel,1000000.0,True,2018,1
2736,26/06/2018,Paytm,FinTech,Digital Payment Platform,Noida,One 97 Communications,Private Equity,8950000.0,True,2018,1
2737,26/06/2018,Sigtuple,Healthcare,Data Driven Intelligence Solutions Platform,Bengaluru,"Accel, Axilor Ventures, Binny Bansal, Endiya Partners, IDG Venture, VH Capital, pi Ventures",Private Equity,19000000.0,True,2018,7
2738,27/06/2018,WoWexpress,Logistics,E-commerce Logistics Platform,Mumbai,Undisclosed Existing Investors As Well As The Tamarind Family Trust,Private Equity,4500000.0,True,2018,1
2739,28/06/2018,Edureka,EdTech,Online Education Platform,Bengaluru,Leo Capital,Seed/Angel,2000000.0,True,2018,1
2740,28/06/2018,Front Desk AI,Technology,An AI Platform Offering Automated Customer Service Software,Bengaluru,Speciale Invest,Seed/Angel,1100000.0,True,2018,1
2741,29/06/2018,Numeroseven,HR & Jobs,An Artificial Intelligence-Based Recruitment Platform,Kolkata,Shiva Gunapu,Seed/Angel,,False,2018,1
2742,01/07/2018,Leena AI,HR & Jobs,HR Virtual Agent For Employees,Gurugram,Y Combinator,Seed/Angel,,False,2018,1
2743,02/07/2018,Biryani By Kilo,Food & Beverage,Online Food Delivery,Gurugram,"Ajay Relan, Vinay Mittal",Seed/Angel,1000000.0,True,2018,2
2744,04/07/2018,Anchanto,Logistics,E-commerce Fulfilment Platform,Pune,"MDI Ventures, Telkom Indonesia",Private Equity,4000000.0,True,2018,2
2745,05/07/2018,Loantap,FinTech,Online Lending Platform For Salaried Professionals,Mumbai,"Ashish Goenka, Kae Capital, Shunwei Capital, Tuscan Ventures, VC firms India Quotient",Private Equity,6250000.0,True,2018,5
2746,06/07/2018,PolicyBazaar,FinTech,Online Insurance Selling Platform,Gurugram,"Info Edge (India) Ltd, Temasek",Private Equity,27700000.0,True,2018,2
2747,09/07/2018,Groww,FinTech,Online Platform That Sells Direct Plans Of Mutual Funds,Bengaluru,"Insignia Ventures Partners, Kairos, Lightbridge Partners",Seed/Angel,1100000.0,True,2018,3
2748,09/07/2018,zippserv,FinTech,Online Platform For Risk-Assessment Services For Real Estate Investments,Bengaluru,Info Edge (India) Ltd,Seed/Angel,440000.0,True,2018,1
2749,10/07/2018,Avenue Growth,HR & Jobs,Online Platform That Connects Brands With Freelance Sales Professionals,Gurugram,"Aditya Malik, Avtar Monga, chief operating office at IDFC Bank",Seed/Angel,437000.0,True,2018,3
2750,10/07/2018,iNICU,Healthcare,Med-tech Platform Providing Care For Newborns,Delhi,Venture Catalysts,Seed/Angel,,False,2018,1
2751,10/07/2018,Kinara Capital,FinTech,Lending Platform For Micro and Small Enterprises,Bengaluru,ResponsAbility,Private Equity,5000000.0,True,2018,1
2752,10/07/2018,Shop 101,Consumer Internet,Mobile Storefront And Commerce Platform For Sellers,Mumbai,"Raghunandan G, Ramakant Sharma, Stellaris Venture Partners, Vy Capital",Private Equity,5000000.0,True,2018,4
2753,11/07/2018,Sambandh,FinTech,Online Micro Lending Platform,Rourkela,Base of Pyramid Asia (BOPA) Pte Ltd,Private Equity,2500000.0,True,2018,1
2754,12/07/2018,19th mile,Technology,Artificial intelligence-based sales acceleration software platform,Gurugram,"Excelsior Investments, Prashant Gupta, Praveer Kumar, Rishi Vasudev, Ritesh Vohra",Seed/Angel,180000.0,True,2018,5
2755,12/07/2018,5th Vital,Healthcare,Home diagnostics services provider,Bengaluru,Brand Capital,Seed/Angel,500000.0,True,2018,1
2756,13/07/2018,MEngage,Healthcare,A Doctor-Patient Engagement Platform,Jaipur,"100 Co-founders Lab, Amit Singal, Mahavir Sharma, Siddharth Agarwal",Seed/Angel,175000.0,True,2018,4
2757,17/07/2018,Cars24,Mobility,Online Used Car Marketplace,Gurugram,"KCK Global, Kingsway FCI Fund",Private Equity,49700000.0,True,2018,2
2758,17/07/2018,OfBusiness,FinTech,Online Lending Platform For SME,Gurugram,"Creation Investments, Falcon Edge, Matrix Partners India, Zodius Capital",Private Equity,29000000.0,True,2018,4
2759,18/07/2018,The Ken,Media & Entertainment,Subscription-Only News Website,Bengaluru,Omidyar Network,Seed/Angel,1500000.0,True,2018,1
2760,19/07/2018,BookMyShow,Consumer Internet,Online Ticketing Platform,Mumbai,"TPG Growth, The Rise Fund",Private Equity,100000000.0,True,2018,2
2761,21/07/2018,PaySense,FinTech,Online Consumer Lending Platform,Mumbai,PayU,Private Equity,18000000.0,True,2018,1
2762,23/07/2018,Log9 Materials,Technology,Nanotechnology Company Specializing In Graphene,Bengaluru,"Hemant Luthra, Metaform Ventures, Micro venture capital firm GEMS Partners",Seed/Angel,436000.0,True,2018,3
2763,23/07/2018,VTION,Media & Entertainment,Media Analytics,Gurugram,"AngelList, Rahul Khanna, Rajeev Arora, Ram Ramsundar",Seed/Angel,280000.0,True,2018,4
2764,24/07/2018,Digit,FinTech,Online Insurance Startup,Pune,Fairfax,Private Equity,45000000.0,True,2018,1
2765,24/07/2018,kidovators,EdTech,Skill Learning Platform,Bengaluru,Gray Matters,Seed/Angel,180000.0,True,2018,1
2766,25/07/2018,Black Soil,FinTech,Non-Banking Financial Company,Mumbai,"Allcargo Logistics, Mahavir Agency, Navneet Education",Private Equity,17000000.0,True,2018,3
2767,25/07/2018,iqlect,Technology,Data Analytics Firm,Bengaluru,"Exfinity, Ventureast",Seed/Angel,2500000.0,True,2018,2
2768,25/07/2018,Trell,Media & Entertainment,Mobile-First Video Blogging App,Bengaluru,"BeeNext, Sprout Ventures, WEH Ventures",Seed/Angel,1250000.0,True,2018,3
2769,26/07/2018,Bitla Software,EdTech,Travel-Focused Tech Startup,Bengaluru,MakeMyTrip,Private Equity,,False,2018,1
2770,26/07/2018,Entropik,Technology,Software-As-A-Service Platform,Bengaluru,"Arthavida Ventures, Bharat Innovation, IDFC-Parampara Capital, Jitendra Gupta",Seed/Angel,1100000.0,True,2018,4
2771,26/07/2018,TheCapitalNet,FinTech,Unified Global Investments Ecosystem,Hyderabad,Lindwall Family Investments LLC (LFI),Private Equity,500000.0,True,2018,1
2772,30/07/2018,CureFit,Healthcare,Health and fitness Platform,Bengaluru,"Accel, IDG Ventures, Kalaari Capital",Private Equity,120000000.0,True,2018,3
2773,30/07/2018,Shuttl,Mobility,Bus Aggregation Platform,Gurugram,"Amazon Alexa Fund, Dentsu Ventures",Private Equity,11000000.0,True,2018,2
2774,31/07/2018,Five Star Group,FinTech,Non-Bank Lending Platform For SME,Chennai,"Matrix Partners, Norwest Venture Partners, Sequoia Capital, TPG",Private Equity,100000000.0,True,2018,4
2775,31/07/2018,Healthsignz,Healthcare,Health and Well being Platform,Hyderabad,Kantilal Patel,Seed/Angel,5000000.0,True,2018,1
2776,01/08/2018,dishq,Food & Beverage,Personalisation Technology Firm Focusing On The Food And Beverage Industry,Bengaluru,"Artesian Venture Partners, Arts Alliance, Farm To Fork, Sven Hensen, The Syndicate Fund, Zeroth",Seed/Angel,400000.0,True,2018,6
2777,01/08/2018,HealthFin,FinTech,Patient Financing Platform,Pune,"Axilor, Sprout Venture Partners",Seed/Angel,,False,2018,2
2778,02/08/2018,Samosa Labs,Media & Entertainment,Social Media and Chat Entertainment Platform,Hyderabad,"Sequoia Capital, Xiaomi",Private Equity,7000000.0,True,2018,2
2779,03/08/2018,ZiffyHomes,Real Estate,Online Home Rental Marketplace,Gurugram,Y Combinator,Private Equity,120000.0,True,2018,1
2780,07/08/2018,MakeMyTrip,Travel & Hospitality,Online Travel Aggregator,Gurugram,MakeMyTrip Limited,Private Equity,10000000.0,True,2018,1
2781,07/08/2018,ShopX,E-commerce,Assisted E-commerce Platform,Bengaluru,Fung Strategic Holdings,Private Equity,35000000.0,True,2018,1
2782,08/08/2018,Hansel io,Consumer Internet,Real-time Mobile App Management,Bengaluru,Vertex Ventures,Seed/Angel,4000000.0,True,2018,1
2783,08/08/2018,Metro Bikes,Mobility,Online Bike Rental Marketplace,Bengaluru,"Accel, G Raghunandan, Sequoia Capital India Advisors",Private Equity,12200000.0,True,2018,3
2784,08/08/2018,PhonePe,FinTech,UPI Payments App,Bengaluru,Flipkart,Private Equity,66000000.0,True,2018,1
2785,09/08/2018,Happy EMI,FinTech,Consumer Financing Platform,Bengaluru,"AJ Ventures, Jain International Trade Organisation (JITO)",Seed/Angel,1000000.0,True,2018,2
2786,09/08/2018,quizizz,EdTech,e-learning Platform,Bengaluru,"Nexus Venture Partners, Prime Venture Partners",Seed/Angel,3000000.0,True,2018,2
2787,13/08/2018,Inthree,E-commerce,Rural E-commerce Platform,Chennai,"Orios Venture Partners and the IAN Fund, Ventureast",Seed/Angel,4000000.0,True,2018,2
2788,13/08/2018,Observe AI,Technology,AI Based Solutions Platform,Bengaluru,"Emergent Ventures, Hack VC, Liquid 2 Ventures, MGV, Nexus Venture Partners, Y Combinator",Private Equity,8000000.0,True,2018,6
2789,17/08/2018,EazyDiner,Food & Beverage,Online Restaurant Table Reservation Platform,Gurugram,"Beenext, Denlow Investment Trust",Private Equity,5850000.0,True,2018,2
2790,20/08/2018,RawPressery,Food & Beverage,Online Organic Juice Delivery Service,Mumbai,Alteria Capital,Debt,4800000.0,True,2018,1
2791,22/08/2018,Pi Ventures,Technology,Applied Artificial Intelligence and IoT focused Platform,Bengaluru,CDC Group plc,Private Equity,6000000.0,True,2018,1
2792,22/08/2018,Revv,Mobility,Online Indian Car Rental Platform,Gurugram,"Beenext, Dream Incubator, Edelweiss, Hyundai, Sunjay Kapoor, Telama Investment",Private Equity,14270000.0,True,2018,6
2793,26/08/2018,Shubh Loans,FinTech,Customer Sourcing Platform,Bengaluru,"Beenext, Pravega Ventures, SRI Capital, Saama Capital",Private Equity,4200000.0,True,2018,4
2794,26/08/2018,ZestMoney,FinTech,Online Lending Platform,Bengaluru,"Omidyar Network, PayU, Ribbit Capital, Xiaomi",Private Equity,13400000.0,True,2018,4
2795,27/08/2018,MyUpchar,Healthcare,Local Language Health Content App,Delhi,"Nexus Venture Partners, Omidyar Network, Shunwei Capital",Private Equity,5000000.0,True,2018,3
2796,28/08/2018,Narvar,Technology,Post-Purchase Customer Engagement Platform,Bengaluru,Accel (formerly known as Accel Partners),Private Equity,3000000.0,True,2018,1
2797,01/09/2018,Netmeds,Healthcare,Online Pharmacy Chain,Chennai,"Sistema Asia Fund, Sistema JSFC, Tanncam Investment",Private Equity,35000000.0,True,2018,3
2798,03/09/2018,DailyHunt,Media & Entertainment,News and ebooks Mobile App,Bengaluru,Falcon Edge,Private Equity,6390000.0,True,2018,1
2799,03/09/2018,Udaan,Logistics,Logistics and Shipping,Bengaluru,"DST Global, Lightspeed Venture Partners' global fund",Private Equity,225000000.0,True,2018,2
2800,04/09/2018,HappyGoEasy,Travel & Hospitality,Online Travel Agecy,Gurugram,"China-based CITIC Capital, Korea Investment Partners (KIP), Samsung",Private Equity,,False,2018,3
2801,05/09/2018,Mad Street Den,Technology,Computer Vision And Artificial Intelligence (Ai) Platform,Chennai,KDDI,Private Equity,,False,2018,1
2802,05/09/2018,Nykaa,Consumer Internet,Online Marketplace For Multi-brand Beauty Cosmetic and Wellness Products,Mumbai,Lighthouse,Private Equity,157200000.0,True,2018,1
2803,06/09/2018,Dream11,Gaming,Online Gaming Platform,Mumbai,"Kalaari Capital, Private equity firm Multiples Alternate Asset Management, Tencent",Private Equity,100000000.0,True,2018,3
2804,10/09/2018,MamaEarth,Healthcare,Online Marketplace For Mother and Babycare Products,Gurugram,Stellaris Ventures,Private Equity,4000000.0,True,2018,1
2805,11/09/2018,AutoGrid,Energy & CleanTech,AI-Based Energy Optimisation and Control Provider,Bengaluru,"CLP Holdings Group, Innogy, Tenaska, Ørstead",Private Equity,32000000.0,True,2018,4
2806,11/09/2018,PharmEasy,Healthcare,Online Marketplace For Pharmaceutical Products,Mumbai,InnoVen Capital,Debt,5500000.0,True,2018,1
2807,11/09/2018,Upwards,FinTech,Online Micro Lending Marketplace,Mumbai,"Mayfield, Quotient, Shunwei Capital",Private Equity,5000000.0,True,2018,3
2808,12/09/2018,Kissht,FinTech,Online lending Platform,Mumbai,"Endiya Partners, Fosun RZ Capital, India, Sistema Asia Fund, Ventureast, Vertex Ventures Southeast Asia (SEA)",Private Equity,30000000.0,True,2018,6
2809,01/10/2018,Northmist,E-commerce,Mens Wear,Delhi,Prashant Jaiswal,Seed/Angel,,False,2018,1
2810,02/10/2018,Origo,Logistics,Supply Chain,Hyderabad,"Caspian, Cooperative Oikocredit, Hivos-Triodos Fund",Seed/Angel,11000000.0,True,2018,3
2811,04/10/2018,Grover Zampa,Food & Beverage,Wine,Mumbai,Ravi Viswanathan,Private Equity,8200000.0,True,2018,1
2812,05/10/2018,Droom,Mobility,New and Used Cars Platform,Gurugram,ZigExN,Series E,3000000.0,True,2018,1
2813,11/10/2018,Innov8,Real Estate,Co-Working,Delhi,Credence Family Office,Pre-Series A,4000000.0,True,2018,1
2814,12/10/2018,BlackBuck,Logistics,Largest Trucking Platform,Bengaluru,Sequoia Capital,Private Equity,14680000.0,True,2018,1
2815,12/10/2018,LetsTransport,Logistics,Book Trucks Online,Bengaluru,Fosun International,Series C,12000000.0,True,2018,1
2816,01/11/2018,GoDesi,Food & Beverage,Regional Flavours,Bengaluru,Lead Angels Network,Seed/Angel,138995.0,True,2018,1
2817,03/11/2018,Veritas Finance,FinTech,MSME Finance,Chennai,"CDC Group, Norwest Venture Partners, P Surendra Pai, the UK's Development Finance Institution",Series D,27799000.0,True,2018,4
2818,06/11/2018,Meesho,E-commerce,Social Commerce,Bengaluru,"DST Partners, RPS Ventures, Shunwei Capital",Series C,50000000.0,True,2018,3
2819,08/11/2018,A&R Bon Vivants,Food & Beverage,Meat Retail Chain,Jaipur,"RB Investments, Singapore",Private Equity,1000000.0,True,2018,2
2820,12/11/2018,BlackBuck,Food & Beverage,POS For Online Ordering,New York,Tiger Global,Series A,1000000.0,True,2018,1
2821,12/11/2018,MilkBasket,Food & Beverage,Micro-delivery grocery service,Delhi,Mayfield Fund,Series B,1300000.0,True,2018,1
2822,13/11/2018,DriveU,Mobility,On-Demand Drivers,Bengaluru,Stevens Creek Ventures,Debt,1000000.0,True,2018,1
2823,14/11/2018,CleanseCar,Mobility,Car Wash,Bengaluru,Venture Catalysts,Seed/Angel,500000.0,True,2018,1
2824,19/11/2018,Automation Anywhere,SaaS & Enterprise Tech,Robotics,Unknown,SoftBank Vision Fund,Series B,300000000.0,True,2018,1
2825,20/11/2018,HealthifyMe,Healthcare,Wellness Coach,Bengaluru,"Blume Ventures, Chiratae Ventures, Innoven Capital, Inventus Capital, Sistema Asia Fund, VC Samsung NEXT",Series B,6000000.0,True,2018,6
2826,22/11/2018,Aavishkaar-Intellecap Group,FinTech,SME Funding,Mumbai,"Annuity Association (TIAA), Teachers Insurance",Private Equity,31000000.0,True,2018,2
2827,23/11/2018,Signzy,FinTech,Digital Onboarding Solution,Mumbai,"Amrish Rau from PayU India, Dilip Khandwelwal from SAP Labs India, Kalaari Capital, Rajan Anandan from Google, Stellaris Venture Partners",Series A,3400000.0,True,2018,5
2828,24/11/2018,Engineer.ai,SaaS & Enterprise Tech,AI Platform,Unknown,"Jungle Ventures, Lakestar, Softbank's DeepCore",Series A,29500000.0,True,2018,3
2829,25/11/2018,InCred,FinTech,SME Lending,Unknown,Paragon Partners,Private Equity,42000000.0,True,2018,1
2830,25/11/2018,Roposo,Media & Entertainment,Video Sharing,Delhi,Bertelsmann India Investments,Series B,1700000.0,True,2018,1
2831,01/12/2018,UrbanClap,E-commerce,Home services marketplace,Delhi,"Steadview Capital, Vy Capital",Series D,50000000.0,True,2018,2
2832,04/12/2018,Manch,Media & Entertainment,Hyperlocal Content,Delhi,Stellaris Venture Partners,Seed/Angel,700000.0,True,2018,1
2833,04/12/2018,Nagpur Wholesale,E-commerce,eCommerce,Nagpur,Omphalos Ventures India LLP,Seed/Angel,143000.0,True,2018,1
2834,06/12/2018,BuildSupply,E-commerce,"Real Estate, ERP",Gurugram,"GREE Ventures, Space Matrix, Venture Highway",Series A,3500000.0,True,2018,3
2835,06/12/2018,ShopKirana,E-commerce,eCommerce,Indore,"AET Fund, Akatsuki, Better Capital AngelList syndicate, Incubate Fund from Japan, Info Edge (India)",Seed/Angel,2000000.0,True,2018,5
2836,03/01/2019,CarDekho,Mobility,Online Marketplace,Jaipur,"Alphabet's growth investment arm Capital G, Axis Bank, Hillhouse Capital, Sequoia Capital",Series C,110000000.0,True,2019,4
2837,04/01/2019,Samunnati,FinTech,Non-banking financial company,Chennai,"MASSIF, a Dutch government fund",Debt,5000000.0,True,2019,2
2838,04/01/2019,Vyome Therapeutics Inc.,Healthcare,Specialty pharmaceutical,Unknown,"Iron Pillar, Kalaari Capital, Perceptive Advisors, Romulus Capital",Series D,22000000.0,True,2019,4
2839,01/02/2019,FleetX,Logistics,Logistics,Gurugram,"India Quotient, LetsVenture's Angel Fund",Pre-Series A,,False,2019,2
2840,08/02/2019,Zilingo,E-commerce,Fashion & Apparel,Unknown,"Burda Principal Investments, EDBI, Sequoia Capital, Sofina, Temasek Holdings",Series D,226000000.0,True,2019,5
2841,13/02/2019,NanoClean Global,SaaS & Enterprise Tech,Anti-Pollution,Delhi,"91SpringBoard, AL Nour International Holdings, LetsVenture, Mark V Investments, PitchRight Venture",Series A,600000.0,True,2019,5
2842,10/04/2019,Craftsvilla,E-commerce,Fashion and Apparel,Mumbai,Supera Pte Ltd,Seed/Angel,2443495.0,True,2019,1
2843,10/04/2019,Kabadiwala,E-commerce,Waste Management,Bhopal,"ABCOM Investments, Beehive Capital Advisor, Parekh Marine Transport, Unilever",Private Equity,430665.0,True,2019,4
2844,10/04/2019,Toppr,EdTech,E-learning,Mumbai,Milestone,Debt,6320820.0,True,2019,1
2845,10/04/2019,Unacademy,EdTech,E-learning,Bengaluru,Kalyan Krishnamurthy,Seed/Angel,307000.0,True,2019,1
2846,11/04/2019,CleverTap,Media & Entertainment,Mobile analytics and marketing,Mumbai,"Accel, Sequoia Capital, Tiger Global",Series B,26000000.0,True,2019,3
2847,11/04/2019,Setu,FinTech,Banking,Bengaluru,Lightspeed India Partners,Seed/Angel,3500000.0,True,2019,1
2848,12/04/2019,Azah,Healthcare,Organic wellness,Gurugram,Unnamed angel investors,Seed/Angel,200000.0,True,2019,1
2849,12/04/2019,Medlife,E-commerce,Online Medicine,Bengaluru,Prasid Uno Family Trust,Private Equity,17000000.0,True,2019,1
2850,13/04/2019,Tripoto,Media & Entertainment,Travel,Delhi,"3one4 Capital, Chiratae Ventures (formerly IDG Ventures), Hornbill Orchid India Fund, Lasmer NV, Orchid India",Series B,3591375.0,True,2019,5
2851,16/04/2019,Kuvera,FinTech,Wealth Management,Bengaluru,Eight Roads,Series A,45000000.0,True,2019,1
2852,17/04/2019,Increff,Technology,Supply-chain technology solutions,Bengaluru,"021 Capita, Binny Bansal",Series A,3000000.0,True,2019,2
2853,17/04/2019,Shuttl,Mobility,Bus Aggregation,Gurugram,New Atlantic Ventures,Venture Round,5000000.0,True,2019,1
2854,19/04/2019,KrazyBee,E-commerce,Lending Platform,Bengaluru,"BAC Acquisitions, BRD Securities, Northern R Capital, Unifi AIF",Debt,14342000.0,True,2019,4
2855,19/04/2019,My Healthcare,E-commerce,Software Solutions,Bengaluru,Sixth Sense Ventures,Series A,3000000.0,True,2019,1
2856,01/05/2019,BlackBuck,Mobility,Logistics,Bengaluru,"B Capital, Goldman Sachs Investment Partners, International Finance Corporation, LightStreet, Sands Capital, Sequoia Capital, Silicon Valley-based Accel, Wellington",Series D,150000000.0,True,2019,8
2857,02/05/2019,Zenoti,SaaS & Enterprise Tech,Beauty and Wellness Industry,Hyderabad,Tiger Global,Series C,50000000.0,True,2019,1
2858,05/05/2019,StyleDotMe,E-commerce,Fashion and Shopping,Delhi,"Indian Angel Network and other angel investors, Innov8 founder Ritesh Malik, Josh Talks founders Supriya Paul, Shobha Banga, and former Hero Corporate president Rohit Chanana",Bridge,,False,2019,5
2859,06/05/2019,Ola Electric,Mobility,Cabs,Bengaluru,Tata Sons,Series A,,False,2019,1
2860,06/05/2019,Saahas Zero Waste,Energy & CleanTech,Optimization,Bengaluru,C4D Partners,Venture Round,868600.0,True,2019,1
2861,28/05/2019,Ather Energy,Mobility,Electric Vehicle,Bengaluru,Sachin Bansal,Series C,51000000.0,True,2019,1
2862,28/05/2019,FreshVnF,AgriTech,Fresh Agriculture Produces,Mumbai,Equanimity Ventures,Seed/Angel,,False,2019,1
2863,30/05/2019,GlowRoad,E-commerce,Retail,Bengaluru,"Korea Investment Partners, Vertex Ventures",Series B,11500000.0,True,2019,2
2864,31/05/2019,Bira91,Food & Beverage,Brewery,Delhi,Sixth Sense Ventures,Series B,5600000.0,True,2019,1
2865,03/06/2019,Agara Labs,SaaS & Enterprise Tech,Artificial Intelligence,Bengaluru,"Blume Ventures, RTP Global",Pre-Series A,2500000.0,True,2019,2
2866,03/06/2019,AvailFinance,FinTech,FinTech,Bengaluru,Matrix Partners,Series A,9000000.0,True,2019,1
2867,03/06/2019,FabHotels,E-commerce,Hospitality,Gurugram,"Accel, Goldman Sachs, Qualcomm",Unknown,4889975.54,True,2019,3
2868,04/06/2019,BharatPe,FinTech,FinTech,Delhi,Insight Partners,Series B,75000000.0,True,2019,1
2869,04/06/2019,Bira91,Food & Beverage,Brewery,Delhi,Anicut Capital,Debt,10000000.0,True,2019,1
2870,04/06/2019,Leegality,Other,Digital Documentation,Mumbai,Mumbai Angels,Series A,3400000.0,True,2019,1
2871,04/06/2019,Recykal,Energy & CleanTech,Optimization,Hyderabad,"Pidilite Industries director Ajay Parekh, Triton Investment Advisors",Pre-Series A,26000000.0,True,2019,2
2872,05/06/2019,NoBroker,E-commerce,Real Estate,Bengaluru,General Atlantic,Series C,51000000.0,True,2019,1
2873,06/06/2019,Biz2Credit,FinTech,Online Lending Platform,New York,WestBridge Capital,Series B,52000000.0,True,2019,1
2874,06/06/2019,Chakr Innovation,Energy & CleanTech,Renewable Energy,Delhi,IAN Fund,Series A,26000000.0,True,2019,1
2875,06/06/2019,Pratilipi,Media & Entertainment,E-Books,Bengaluru,Qiming Venture Partners,Series B,15109500.0,True,2019,1
2876,06/06/2019,Sistema.bio,AgriTech,Hybrid Reactor Biodigestor,Nairobi,"Alpha Mundi, CoCapital, DILA CAPITAL, EDFIMC (ElectriFI), EcoEnterprise Fund, Endeavor Catalyst Fund, Engie RDE Fund, Lendahand, Shell Foundation, Triodos",Unknown,2739034.68,True,2019,10
2877,08/06/2019,Vogo Automotive,Mobility,Dockless Scooter Rental Company,Unknown,Alteria Capital,Debt,3584000.0,True,2019,1
2878,10/06/2019,Bolo App,Media & Entertainment,Video Platform,Bengaluru,Nexus Venture Partners,Seed/Angel,430200.0,True,2019,1
2879,10/06/2019,OkCredit,FinTech,Financial Services,Unknown,Tiger Global,Series A,15500000.0,True,2019,1
2880,01/07/2019,Uniphore,SaaS & Enterprise Tech,Speech Recognition,Chennai,March Capital Partners,Series C,38080000.0,True,2019,1
2881,01/07/2019,WizCounsel,SaaS & Enterprise Tech,Consulting,Delhi,Kapil Dev,Seed/Angel,145000.0,True,2019,1
2882,02/07/2019,Atlan,Technology,Big Data,Singapore,WaterBridge Ventures,Pre-Series A,2500000.0,True,2019,1
2883,02/07/2019,RenewBuy,FinTech,Auto Insurance,Gurugram,"IIFL Wealth, Lok Capital",Series B,19000000.0,True,2019,2
2884,03/07/2019,Ola,Mobility,Cabs,Bengaluru,"DIG Investment Ab, Deshe Holdings, Hussam Khoury, Samih Toukan",Series J,1000000.0,True,2019,4
2885,04/07/2019,Daalchini Technologies,Food & Beverage,Digital Vending Machine,Delhi,Artha Venture,Seed/Angel,500000.0,True,2019,1
2886,08/07/2019,Board Infinity,EdTech,Full-stack career platform,Mumbai,Multiple Angel Investors,Seed/Angel,319605.0,True,2019,1
2887,09/07/2019,House of Msasaba,E-commerce,Clothes and Apparel,Mumbai,Binny Bansal,Series A,1000000.0,True,2019,1
2888,10/07/2019,Byju's,EdTech,Education,Bengaluru,Qatar Investment Authority,Private Equity,150000000.0,True,2019,1
2889,10/07/2019,HealthAssure,Healthcare,Primary care medical network,Mumbai,Blume Ventures,Series A,2500000.0,True,2019,1
2890,10/07/2019,Indus OS,Technology,Smartphone Operating System,Mumbai,Ventureast,Series B,5750000.0,True,2019,1
2891,11/07/2019,Moglix,E-commerce,Industrial Tools and Equipments,Singapore,"Composite Capital Management, Sequoia Capital, Tiger Global",Series D,60000000.0,True,2019,3
2892,01/08/2019,Alteria Capital,FinTech,VC Funds,Mumbai,"Azim Premji, Binny Bansal",Venture Round,140000000.0,True,2019,2
2893,01/08/2019,CarDekho,E-commerce,Automotive,Gurugram,SC GG India Mobility Holdings LLC,Series C,20000000.0,True,2019,1
2894,01/08/2019,Pine Labs,Logistics,Last-mile retail transaction technology,Noida,Pine Labs Pte Ltd,Corporate Round,38080000.0,True,2019,1
2895,01/08/2019,Progcap,FinTech,Supply Chain Management,Delhi,Sequoia Capital,Series A,5000000.0,True,2019,1
2896,12/08/2019,Meesho,E-commerce,Social Commerce,Bengaluru,Naspers,Series D,125000000.0,True,2019,1
2897,13/08/2019,Cars24,E-commerce,Car Retail,Gurugram,MS Dhoni,Series D,11000000.0,True,2019,1
2898,13/08/2019,Uniphore,Consumer Services,Conversational AI,Palo Alto,March Capital Partners,Series C,51000000.0,True,2019,1
2899,19/08/2019,Grofers,E-commerce,Grocery Delivery,Gurugram,Softbank Vision Fund,Series F,70000000.0,True,2019,1
2900,19/08/2019,Mishry Reviews,Retail & Consumer Goods,Product Review,Gurugram,Vir Sanghvi,Series A,,False,2019,1
2901,21/08/2019,HungerBox,Food & Beverage,B2B Foodtech,Bengaluru,One97 Communications Ltd,Series C,6590000.0,True,2019,1
2902,22/08/2019,INDwealth,FinTech,Wealth Management,Gurugram,Tiger Global,Venture Round,15000000.0,True,2019,1
2903,23/08/2019,AdmitKard,EdTech,University Admissions,Noida,Growth DNA,Seed/Angel,1000000.0,True,2019,1
2904,23/08/2019,Lo! Foods,Retail & Consumer Goods,Low carb food for Diabetics,Bengaluru,"BookMyShow), FreshMenu), Mitesh Shah (finance chief, Myntra), Rashmi Daga (founder, Raveen Sastry (co-founder",Seed/Angel,500000.0,True,2019,6
2905,23/08/2019,Tala,FinTech,Digital Lending Platform,Santa Monica,RPS Ventures,Series D,110000000.0,True,2019,1
2906,23/08/2019,Zendrive,Mobility,Road Safety Analytics,San Francisco,XL Innovate,Series B,37000000.0,True,2019,1
2907,27/08/2019,Rapido,Mobility,Bike Taxi,Bengaluru,Westbridge Capital,Series B,,False,2019,1
2908,03/09/2019,Vyapar App,FinTech,Mobile-based Accounting Software,Bengaluru,"Axilor Ventures, India Quotient",Series A,5000000.0,True,2019,2
2909,04/09/2019,3rdFlix,EdTech,Education Technology,Hyderabad,Exfinity Venture Partners,Pre-Series A,5000000.0,True,2019,1
2910,04/09/2019,75F,SaaS & Enterprise Tech,Building automation system,Burnsville,Breakthrough Energy Ventures,Series A,18000000.0,True,2019,1
2911,04/09/2019,Atomberg,Retail & Consumer Goods,"Consumer Electronics, Home Appliances",Mumbai,A91 Partners,Series A,10000000.0,True,2019,1
2912,04/09/2019,Cashflo,FinTech,Invoice discounting platform and SME lending marketplace,Mumbai,SAIF Partners,Series A,3300000.0,True,2019,1
2913,04/09/2019,Digital F5,Media & Entertainment,Digital marketing firm,Mumbai,TIW Private Equity,Private Equity,6000000.0,True,2019,1
2914,04/09/2019,GOQii,Healthcare,Wearable Fitness Bands,Menlo Park,"Bennett Coleman, Company Ltd (BCCL)",Series C,450000000.0,True,2019,2
2915,04/09/2019,Myelin Foundry,Technology,Deep-technology,Bengaluru,Endiya Partners,Seed/Angel,1000000.0,True,2019,1
2916,05/09/2019,FPL Technologies,FinTech,Financial Services,Pune,"Matrix Partners India, Sequoia Capital",Seed/Angel,4500000.0,True,2019,2
2917,02/10/2019,Udaan,Other,Business development,Bengaluru,"Altimeter Capital, DST Global",Series D,585000000.0,True,2019,2
2918,04/10/2019,Dunzo,Logistics,Delivery Service,Bengaluru,Lightbox,Series D,45000000.0,True,2019,1
2919,21/10/2019,The Man Company,Retail & Consumer Goods,Beauty and Grooming,Gurugram,Ayushmann Khurana,Corporate Round,,False,2019,1
2920,11/11/2019,eBikeGo,Mobility,Electric bike rental,Amritsar,Startup Buddy,Seed/Angel,300000.0,True,2019,1
2921,12/11/2019,SuperGaming,Gaming,Social gaming platform,Pune,Dream Incubator,Seed/Angel,1300000.0,True,2019,1
2922,13/11/2019,Freshworks,SaaS & Enterprise Tech,Business and customer engagement tools,San Francisco,"Accel, CapitalG, Sequoia",Series H,150000000.0,True,2019,3
2923,13/11/2019,Sunstone Eduversity Pvt. Ltd,EdTech,Elearning,Gurugram,"GlobalLogic co-founder Rajul Garg, LetsVenture, PS1 Venture, Prime Venture Partners",Seed/Angel,1500000.0,True,2019,4
2924,14/11/2019,Misters,Healthcare,Men's Health and Wellness brand,Gurugram,"Rainforest Ventures, Sauce.vc",Series B,486000.0,True,2019,2
2925,15/11/2019,Ninjacart,Media & Entertainment,Agritech,Bengaluru,Trifecta Capital Advisors,Debt,26000000.0,True,2019,1
2926,15/11/2019,Vogo Automotive,Mobility,Scooter sharing app,Bengaluru,"Kalaari Capital, Matrix Partners, Stellaris Venture Partners",Series B,283000000.0,True,2019,3
2927,17/11/2019,Burger Singh,Food & Beverage,Indian Burger Brand,Gurugram,RB Investments,Venture Round,,False,2019,1
2928,18/11/2019,Healthians,Healthcare,Healthcare services,Gurugram,"DG Daiwa Ventures, DG Incubation",Series B,12000000.0,True,2019,2
2929,18/11/2019,Medikabazaar,Healthcare,B2B platform for medical supplies,Mumbai,"Ackermans & van Haaren, HealthQuad, Rebright Partners, Toppan Printing",Series B,15800000.0,True,2019,4
2930,19/11/2019,Digital Mall Asia,E-commerce,Virtual e-commerce platform,Delhi,Amour Infrastructure,Seed/Angel,,False,2019,1
2931,19/11/2019,Furtados School of Music,EdTech,Music Education,Tulangan,"DSG Consumer Partners, IAN Fund",Unknown,200000000.0,True,2019,2
2932,20/11/2019,Aye Finance,FinTech,Financial Services To MSMEs,Gurugram,FinTech,Debt,17411265.0,True,2019,1
2933,20/11/2019,Clumio,SaaS & Enterprise Tech,Recovery software,San Jose,"Altimeter Capital, Sutter Hill Ventures",Series C,135000000.0,True,2019,2
2934,25/11/2019,Paytm,FinTech,Mobile Wallet,Noida,Vijay Shekhar Sharma,Unknown,1000000000.0,True,2019,1
2935,03/12/2019,Dhruva Space,Other,Satellite Communication,Bengaluru,"Mumbai Angels, Ravikanth Reddy",Seed/Angel,50000000.0,True,2019,2
2936,06/12/2019,CarDekho,E-commerce,Automobile,Gurugram,Ping An Global Voyager Fund,Series D,70000000.0,True,2019,1
2937,11/12/2019,Rein Games,Gaming,Real money based gaming startup,Noida,"Manipal Education, Medical Group (MEMG)",Seed/Angel,50000000.0,True,2019,2
2938,12/12/2019,Ecozen,AgriTech,Agritech,Pune,Sathguru Catalyzer Advisors,Series A,6000000.0,True,2019,1
2939,13/12/2019,Rivigo,Logistics,Logistics Services and Solutions,Gurugram,"SAIF Partners, Spring Canter Investment Ltd",Series F,20000000.0,True,2019,2
2940,14/12/2019,Trell,Media & Entertainment,Experience Discovery Platform,Bengaluru,Ruizheng Investment,Seed/Angel,2000000.0,True,2019,1
2941,16/12/2019,Licious,E-commerce,Online Meat And Seafood Ordering Startup,Bengaluru,Vertex Growth Fund,Series E,30000000.0,True,2019,1
2942,17/12/2019,Healthians,Food & Beverage,Food Solutions For Corporate,Bengaluru,"NPTK, Neoplux, Paytm, Sabre Partners",Series C,12000000.0,True,2019,4
2943,20/12/2019,Lenskart,E-commerce,Online Eyewear Shopping Portal,Faridabad,SoftBank Vision Fund,Series G,231000000.0,True,2019,1
2944,02/01/2020,AutoStack,FinTech,InsurTech,Delhi,Prosus Ventures,Series B,18981000.0,True,2020,1
2945,02/01/2020,Fashor,E-commerce,Embroiled Clothes For Women,Mumbai,Sprout Venture Partners,Seed/Angel,1800000.0,True,2020,1
2946,02/01/2020,PharmEasy,AgriTech,Supply Chain,Bengaluru,LCatterton,Series A,4382000.0,True,2020,1
2947,02/01/2020,wealthbucket,FinTech,Online Investment,Delhi,Vinod Khatumal,Pre-Series A,3000000.0,True,2020,1
2948,03/01/2020,CoreConnect,SaaS & Enterprise Tech,Security,Kolkata,"LCatterton, SoftBank Vision Fund, Tiger Global",Series B,21321000.0,True,2020,3
2949,09/01/2020,Byju's,EdTech,E-learning,Bengaluru,Tiger Global,Private Equity,200000000.0,True,2020,1
2950,09/01/2020,MamaEarth,E-commerce,Retailer of baby and toddler products,Bengaluru,Sequoia Capital,Series B,18358860.0,True,2020,1
2951,09/01/2020,UrbanStack,E-commerce,Fashion,Gurugram,"IFC, Lightspeed India, Ventures India",Pre-Seed,43000.0,True,2020,3
2952,10/01/2020,Zomato,Food & Beverage,Online Food Delivery Platform,Gurugram,Ant Financial,Private Equity,150000000.0,True,2020,1
2953,13/01/2020,Pando,Logistics,"Open-market, freight management platform",Chennai,Chiratae Ventures,Series A,9000000.0,True,2020,1
2954,13/01/2020,Shuttl,Mobility,App based shuttle service,Gurugram,Susquehanna Growth Equity,Series C,8048394.0,True,2020,1
2955,14/01/2020,FreshBox,Food & Beverage,Cloud Kitchen,Chennai,Sequoia Capital,Seed/Angel,95000.0,True,2020,1
2956,17/01/2020,HealthAnalytics,Logistics,Supply Chain,Mumbai,Lightspeed India,Series A,1303000.0,True,2020,1
2957,18/01/2020,HyperSpace,Real Estate,PropTech,Mumbai,"Info Edge (India), Ribbit Capital",Series A,1969000.0,True,2020,2
2958,26/01/2020,Bounce,AgriTech,Marketplace,Pune,Kalaari Capital,Growth,556750000.0,True,2020,1
2959,26/01/2020,DailyHunt,FinTech,Payments,Hyderabad,"Falcon Edge, IFC, Ventures India",Series B,48819000.0,True,2020,3
2960,30/01/2020,MultiplyMyLeads,Real Estate,Real Estate,Delhi,"Frontline Strategy Funds, SucSEED Venture Partners",Venture Round,,False,2020,2
2961,31/01/2020,Adonmo,Media & Entertainment,Advertising,Hyderabad,BAce Capital,Pre-Series A,3000000.0,True,2020,1
2962,31/01/2020,DailyHunt,Media & Entertainment,Social,Gurugram,"Kalaari Capital, Lightspeed India",Seed/Angel,810000.0,True,2020,2
2963,31/01/2020,Doubtnut,EdTech,Online Tutoring,Gurugram,Tencent Holdings,Series A,15000000.0,True,2020,1
2964,01/02/2020,GreenEdge,SaaS & Enterprise Tech,Security,Hyderabad,Peak XV Partners,Bridge,1769000.0,True,2020,1
2965,02/02/2020,UrbanSolutions,EdTech,UpSkilling,Gurugram,Sequoia Capital,Seed/Angel,70000.0,True,2020,1
2966,03/02/2020,1mg,E-commerce,Medicine,Gurugram,"Bill, Melinda Gates Foundation",Venture Round,10000000.0,True,2020,2
2967,03/02/2020,Embibe,EdTech,AI based learning,Mumbai,Reliance Industries Limited (RIL),Venture Round,12625020.0,True,2020,1
2968,03/02/2020,RACEnergy,Mobility,Electric Vehicle,Hyderabad,GrowX Ventures,Seed/Angel,,False,2020,1
2969,04/02/2020,Freshworks,Food & Beverage,Food Delivery,Chennai,"Falcon Edge, Prosus Ventures",Series A,14717000.0,True,2020,2
2970,04/02/2020,PhonePe,FinTech,NeoBank,Noida,"Falcon Edge, Kedaara Capital",Pre-Series A,497000.0,True,2020,2
2971,05/02/2020,AlphaVector,Mobility,Bicycles,Mumbai,"Avaana Capital, Titan Capital",Venture Round,,False,2020,2
2972,05/02/2020,WizKlub,EdTech,Online Tutoring,Bengaluru,"Incubate Fund India, Insitor Impact Asia Fund",Seed/Angel,1000000.0,True,2020,2
2973,06/02/2020,Dot,Consumer Services,Information Technology and Services,Gurugram,"Fosun RZ Capital, PayU",Seed/Angel,8000000.0,True,2020,2
2974,08/02/2020,AutoStack,Retail & Consumer Goods,Smart Home,Noida,"A91 Partners, IFC, Kedaara Capital",Seed/Angel,264000.0,True,2020,3
2975,10/02/2020,FirstCry,E-commerce,Baby Products,Pune,Softbank Vision Fund,Series E,296000000.0,True,2020,1
2976,10/02/2020,Pepperfry,E-commerce,Furniture,Mumbai,Pidilite Industries,Series F,37000000.0,True,2020,1
2977,11/02/2020,Chaayos,Food & Beverage,Tea,Delhi,"Innoven Capital, Integrated Capital, Neeraj Arora, SAIF Partners, Think Investment, Tiger Global",Series B,21500000.0,True,2020,6
2978,11/02/2020,MoEngage,Media & Entertainment,Intelligent Marketing Cloud,San Francisco,Eight Roads Ventures,Series C,25000000.0,True,2020,1
2979,11/02/2020,Postman,Media & Entertainment,Content,Hyderabad,Zodius Capital,Seed/Angel,17000.0,True,2020,1
2980,14/02/2020,Friyey,Real Estate,Co-working Spaces,Pune,Tarun Bhalla,Seed/Angel,,False,2020,1
2981,14/02/2020,Simsim,E-commerce,E-commerce,Delhi,Accel,Series B,8000000.0,True,2020,1
2982,16/02/2020,SmartTech_599,Media & Entertainment,Social,Hyderabad,Lightspeed India,Series A,1117000.0,True,2020,1
2983,17/02/2020,HomeFoods,Media & Entertainment,Content,Gurugram,"Omidyar Network, Prosus Ventures",Series D,482361000.0,True,2020,2
2984,18/02/2020,MaxWholesale,E-commerce,B2B platform for groceries,Delhi,"Al Falaj Investment Co, IAN Fund",Series A,3000000.0,True,2020,2
2985,19/02/2020,BigBasket,Healthcare,Health Analytics,Ahmedabad,"Mirae Asset, Nexus Venture Partners",Series B,31619000.0,True,2020,2
2986,19/02/2020,FarmFit,FinTech,WealthTech,Chennai,"Matrix Partners India, SoftBank Vision Fund",Seed/Angel,134000.0,True,2020,2
2987,19/02/2020,Unacademy,EdTech,Online Tutoring,Bengaluru,"Facebook, General Atlantic, Sequoia Capital",Series D,110000000.0,True,2020,3
2988,22/02/2020,Porter,E-commerce,E-Retail,Hyderabad,A91 Partners,Seed/Angel,1788000.0,True,2020,1
2989,22/02/2020,Razorpay,Food & Beverage,Grocery,Pune,Lightspeed India,Series A,6782000.0,True,2020,1
2990,23/02/2020,DataEdge,Mobility,Micro Mobility,Noida,Y Combinator,Pre-Series A,736000.0,True,2020,1
2991,24/02/2020,HyperSpace_791,Media & Entertainment,Social,Mumbai,Y Combinator,Series A,4892000.0,True,2020,1
2992,26/02/2020,QuantumSolutions,Mobility,EV,Noida,IFC,Seed/Angel,104000.0,True,2020,1
2993,29/02/2020,DriveEdge,FinTech,Lending,Delhi,Bessemer Venture Partners,Seed/Angel,1238000.0,True,2020,1
2994,02/03/2020,BlueTech,Real Estate,Home Services,Pune,Mirae Asset,Series A,5750000.0,True,2020,1
2995,02/03/2020,ChqBook,FinTech,Financial Services,Gurugram,Aavishkaar Capital,Series A,5000000.0,True,2020,1
2996,04/03/2020,Soxytoes,E-commerce,Socks,Noida,Angel Networks,Seed/Angel,,False,2020,1
2997,06/03/2020,Paper Boat,E-commerce,Beverages and Snacks,Bengaluru,"A91 Emerging Fund, Advent Management, Trifecta Venture",Debt,4000000.0,True,2020,3
2998,07/03/2020,AutoStack,FinTech,WealthTech,Gurugram,Zodius Capital,Series C,71157000.0,True,2020,1
2999,09/03/2020,PhonePe,EdTech,K12,Mumbai,"Kedaara Capital, Omidyar Network",Seed/Angel,96000.0,True,2020,2
3000,12/03/2020,FamPay,FinTech,Online Payment,Bengaluru,"GFC (Global Founders Capital), Sequoia Capital, Venture Highway, Y Combinator",Seed/Angel,4700000.0,True,2020,4
3001,12/03/2020,MeraKisan,Food & Beverage,Organic Products,Pune,Ajinkya Rahane,Private Equity,,False,2020,1
3002,12/03/2020,MultiLiving,Real Estate,Home Renting and Management,Mumbai,Lodha Ventures,Series A,6000000.0,True,2020,1
3003,12/03/2020,Ola Electric,Mobility,Cab and Bike Taxi,Bengaluru,Pawan Munjal Family Trust,Series B,1000000.0,True,2020,1
3004,13/03/2020,CollegeKhabri,EdTech,Education,Bhopal,Vdiec Global,Seed/Angel,,False,2020,1
3005,14/03/2020,QuantumAnalytics,Real Estate,Rental Tech,Kolkata,"Ribbit Capital, Tiger Global",Growth,372329000.0,True,2020,2
3006,16/03/2020,NimbusLabs,AgriTech,Marketplace,Noida,"Falcon Edge, Kalaari Capital",Debt,1018000.0,True,2020,2
3007,18/03/2020,DriveEdge,Food & Beverage,Food Delivery,Kolkata,"Lightspeed India, Y Combinator",Pre-Series A,196000.0,True,2020,2
3008,18/03/2020,DriveEdge,Logistics,Last Mile,Pune,"Omidyar Network, Tiger Global, Y Combinator",Seed/Angel,200000.0,True,2020,3
3009,18/03/2020,NextStack,Mobility,Micro Mobility,Pune,"Mirae Asset, Y Combinator",Pre-Seed,192000.0,True,2020,2
3010,19/03/2020,HealthRise,EdTech,Test Prep,Mumbai,Lightspeed India,Seed/Angel,404000.0,True,2020,1
3011,21/03/2020,HealthRise,E-commerce,Grocery,Gurugram,"Elevation Capital, Prosus Ventures",Seed/Angel,82000.0,True,2020,2
3012,25/03/2020,SmartTech,Healthcare,Diagnostics,Delhi,A91 Partners,Seed/Angel,1416000.0,True,2020,1
3013,26/03/2020,MediSpace_1029,E-commerce,E-Retail,Ahmedabad,Lightspeed India,Series C,188760000.0,True,2020,1
3014,27/03/2020,FinSense,SaaS & Enterprise Tech,Security,Hyderabad,Zodius Capital,Series A,2326000.0,True,2020,1
3015,29/03/2020,GrowthCare,AgriTech,Supply Chain,Chennai,A91 Partners,Pre-Seed,100000.0,True,2020,1
3016,30/03/2020,NeoTech,Retail & Consumer Goods,Wearables,Pune,"Elevation Capital, Kalaari Capital, Lightspeed India",Series A,1592000.0,True,2020,3
3017,31/03/2020,Nykaa,E-commerce,Cosmetic and Beauty Products,Mumbai,Steadview Capital,Series F,13000000.0,True,2020,1
3018,01/04/2020,AgriFit,Mobility,Ride Sharing,Mumbai,Sequoia Capital,Series B,13365000.0,True,2020,1
3019,01/04/2020,Lenskart,SaaS & Enterprise Tech,MarTech,Ahmedabad,Lightspeed India,Seed/Angel,94000.0,True,2020,1
3020,02/04/2020,DataAnalytics,SaaS & Enterprise Tech,Analytics,Gurugram,"SoftBank Vision Fund, Tiger Global",Series A,3795000.0,True,2020,2
3021,02/04/2020,Recko,FinTech,AI-powered Reconciliation of Digital Transactions,Bengaluru,"India, Prime Venture Partners, Vertex Ventures Southeast Asia",Series A,6000000.0,True,2020,3
3022,04/04/2020,FarmFit,AgriTech,Supply Chain,Pune,Falcon Edge,Series A,1265000.0,True,2020,1
3023,05/04/2020,Razorpay,EdTech,K12,Ahmedabad,Prosus Ventures,Series A,4070000.0,True,2020,1
3024,06/04/2020,Swiggy,Food & Beverage,Online Food Delivery,Bengaluru,"Ark Impact, Korea Investment Partners, Mirae Asset Capital Markets, Samsung Ventures, Tencent",Other,43000000.0,True,2020,5
3025,07/04/2020,DeHaat,AgriTech,AgriTech,Patna,"AgFunder, FMO, Omnivore, Sequoia Capital",Series A,12000000.0,True,2020,4
3026,08/04/2020,Fingerlix,Food & Beverage,Ready-to-Cook Food,Mumbai,"Accel, RB Investments, Swiggy, Zephyr Peacock",Series C,1800000.0,True,2020,4
3027,08/04/2020,Zupee,Gaming,Gaming,Gurugram,"Falcon Edge Capital, Matrix Partners India, Orios Venture Partners, Smile Group, WestCap Group",Series A,8000000.0,True,2020,5
3028,09/04/2020,ClearDekho,Healthcare,Health Analytics,Bengaluru,"Peak XV Partners, Zodius Capital",Series A,1254000.0,True,2020,2
3029,09/04/2020,Vedantu,EdTech,Online Tutoring,Bengaluru,Legend Capital,Series C,12560000.0,True,2020,1
3030,13/04/2020,CloudLabs,EdTech,Test Prep,Gurugram,Kedaara Capital,Pre-Seed,144000.0,True,2020,1
3031,13/04/2020,DriveFit,EdTech,K12,Ahmedabad,Mirae Asset,Pre-Series A,771000.0,True,2020,1
3032,14/04/2020,Mobikwik,SaaS & Enterprise Tech,Analytics,Noida,"Blume Ventures, Mirae Asset",Pre-Series A,147000.0,True,2020,2
3033,15/04/2020,BigBasket,E-commerce,Online Grocery Delivery,Bengaluru,Alibaba Group,Debt,50000000.0,True,2020,1
3034,15/04/2020,Swiggy,FinTech,InsurTech,Ahmedabad,"Ribbit Capital, Tiger Global, Zodius Capital",Seed/Angel,1019000.0,True,2020,3
3035,16/04/2020,NeoTech,Real Estate,Home Services,Gurugram,"Accel, Lightspeed India, Ribbit Capital",Pre-Series A,103000.0,True,2020,3
3036,17/04/2020,WorkStack,E-commerce,Grocery,Bengaluru,"Bessemer Venture Partners, Blume Ventures",Seed/Angel,1593000.0,True,2020,2
3037,20/04/2020,Wakefit,Healthcare,Pharmacy,Ahmedabad,"Elevation Capital, Omidyar Network, Prosus Ventures",Growth,411602000.0,True,2020,3
3038,21/04/2020,CloudPay,EdTech,Test Prep,Kolkata,"Nexus Venture Partners, Peak XV Partners",Series A,7441000.0,True,2020,2
3039,21/04/2020,CoreConnect,SaaS & Enterprise Tech,Analytics,Noida,Falcon Edge,Series A,1369000.0,True,2020,1
3040,23/04/2020,BlueTech,Healthcare,Health Analytics,Noida,Falcon Edge,Seed/Angel,26000.0,True,2020,1
3041,23/04/2020,Postman,E-commerce,Fashion,Hyderabad,"Peak XV Partners, Tiger Global, Y Combinator",Seed/Angel,108000.0,True,2020,3
3042,23/04/2020,QuantumSolutions,Healthcare,Telemedicine,Kolkata,SoftBank Vision Fund,Series C,81514000.0,True,2020,1
3043,28/04/2020,BlueTech,Retail & Consumer Goods,Wearables,Delhi,Info Edge (India),Seed/Angel,514000.0,True,2020,1
3044,29/04/2020,HealthWorks,Media & Entertainment,Content,Pune,"Matrix Partners India, Tiger Global",Series C,245913000.0,True,2020,2
3045,29/04/2020,NimbusWorks,AgriTech,Supply Chain,Hyderabad,SoftBank Vision Fund,Seed/Angel,833000.0,True,2020,1
3046,30/04/2020,AeroAnalytics,Retail & Consumer Goods,Smart Home,Gurugram,"Blume Ventures, Matrix Partners India, Ventures India",Seed/Angel,1202000.0,True,2020,3
3047,02/05/2020,Oyo,Media & Entertainment,Content,Noida,Matrix Partners India,Seed/Angel,216000.0,True,2020,1
3048,03/05/2020,CRED,FinTech,WealthTech,Gurugram,"Falcon Edge, Ribbit Capital",Pre-Seed,82000.0,True,2020,2
3049,03/05/2020,Ola,Healthcare,Diagnostics,Delhi,SoftBank Vision Fund,Series C,20605000.0,True,2020,1
3050,04/05/2020,HyperLoop,EdTech,Test Prep,Ahmedabad,"Mirae Asset, SoftBank Vision Fund, Tiger Global",Series B,35610000.0,True,2020,3
3051,05/05/2020,Classplus,EdTech,"e-learning, education solutions.",Noida,"RTP Global, Sequoia Capital India's Surge, Spiral Ventures, Strive, lume Ventures",Series A,9000000.0,True,2020,5
3052,06/05/2020,AgriFit,Logistics,Last Mile,Noida,"Kalaari Capital, Matrix Partners India, Tiger Global",Seed/Angel,107000.0,True,2020,3
3053,06/05/2020,GreenMart,SaaS & Enterprise Tech,Automation,Mumbai,"Omidyar Network, Tiger Global",Series C,42009000.0,True,2020,2
3054,09/05/2020,SmartMart,Retail & Consumer Goods,Smart Home,Delhi,"Bessemer Venture Partners, Elevation Capital, Info Edge (India)",Series C,125287000.0,True,2020,3
3055,11/05/2020,Nykaa,E-commerce,Cosmetic and Beauty Products,Mumbai,Steadview Capital,Series F,8800000.0,True,2020,1
3056,13/05/2020,FreshTech,Food & Beverage,Grocery,Ahmedabad,Elevation Capital,Seed/Angel,598000.0,True,2020,1
3057,13/05/2020,Magicpin,E-commerce,E-commerce,Gurugram,"Lightspeed Venture Partners, Srivatsan Rajan, The Bunting Family Private Fund, WaterBridge Venture, along with the participation of Moonstone Investments",Series C,4000000.0,True,2020,5
3058,14/05/2020,Dream11,E-commerce,Fashion,Noida,Prosus Ventures,Pre-Seed,187000.0,True,2020,1
3059,14/05/2020,Ola,E-commerce,Quick Commerce,Pune,Elevation Capital,Series A,8905000.0,True,2020,1
3060,17/05/2020,Byju's,Real Estate,Home Services,Ahmedabad,Kalaari Capital,Pre-Series A,279000.0,True,2020,1
3061,18/05/2020,FarmFit,SaaS & Enterprise Tech,HRTech,Bengaluru,Matrix Partners India,Pre-Series A,110000.0,True,2020,1
3062,18/05/2020,LetsTransport,Logistics,"Logistics, Transportation, Travel",Bengaluru,InnoVen Capital,Venture Round,1700000.0,True,2020,1
3063,18/05/2020,LogiRise,AgriTech,Supply Chain,Kolkata,"Ribbit Capital, Tiger Global",Seed/Angel,1102000.0,True,2020,2
3064,18/05/2020,Meesho,FinTech,Lending,Hyderabad,Elevation Capital,Seed/Angel,201000.0,True,2020,1
3065,19/05/2020,Lendingkart,FinTech,"Financial Services, Lending, Micro Lending.",Ahmedabad,"Bertelsmann India Investments, Fullerton Financial Holdings Pte Ltd (FFH), India Quotient, Sistema Asia Fund",Series D,42000000.0,True,2020,4
3066,19/05/2020,NextSense_10,Mobility,Ride Sharing,Delhi,"IFC, Kalaari Capital, Peak XV Partners",Seed/Angel,54000.0,True,2020,3
3067,19/05/2020,Vakilsearch,SaaS & Enterprise Tech,"Online professional services platform for lawyers, corporate bodies, and professionals in India.",Chennai,"Sujeet Kumar, Udaan co-founder",Series A,,False,2020,2
3068,20/05/2020,CureFit,Healthcare,Pharmacy,Kolkata,Y Combinator,Series A,6387000.0,True,2020,1
3069,20/05/2020,Khatabook,FinTech,"Financial Services, Accounting, Payments.",Bengaluru,"Alexander Will, B Capital Group, Falcon Edge Capital, GGV, Hummingbird Ventures, Kevin Weil, Kunal Bahl, Kunal Shah, Partners of DST Global, RTP Global, Rocketship.vc, Rohit Bansal, Sequoia Capital, Tencent, Unilever Ventures",Series B,60000000.0,True,2020,15
3070,20/05/2020,Tring,Media & Entertainment,Celebrity Engagement Platform,Mumbai,"Ark Impact, Gaurav Munjal of Unacademy, Hemesh Singh of Unacademy, Keshav Sanghi of VentureWorks India, KoKalyan Krishnamurthy of Flipkart, Roman Saini of Unacademy, Sujeet Kumar of Udaan, Sumit Jain of Opentalk amongst, Tencent",Seed/Angel,,False,2020,9
3071,21/05/2020,leap.club,Media & Entertainment,Professional Network for Women,Gurugram,"Amrish Rau (CEO Pinelabs, Artha India Ventures, Co-Cubes), Deepak Abbot (Former SVP, FirstCheque, Founder Citrus Pay), Harpreet Singh Grover (Co-founder, Paytm), Sweta Rau (Founder, White Ventures), Whiteboard Capital (Sandeep Tandon's VC fund)",Pre-Seed,340000.0,True,2020,11
3072,21/05/2020,No Worry No Tension Healthcare (NWNT),Healthcare,Emotional health and mental health wellness,Delhi,"Amit Burman, Chairman of Dabur India",Pre-Series A,,False,2020,2
3073,23/05/2020,DriveEdge_29,E-commerce,Fashion,Gurugram,"LCatterton, Prosus Ventures, Ribbit Capital",Pre-Series A,111000.0,True,2020,3
3074,24/05/2020,WorkFit,Real Estate,Home Services,Delhi,"Kedaara Capital, Tiger Global, Ventures India",Series A,1883000.0,True,2020,3
3075,26/05/2020,HyperLoop,SaaS & Enterprise Tech,Automation,Delhi,"Kedaara Capital, Mirae Asset, Sequoia Capital",Seed/Angel,1367000.0,True,2020,3
3076,02/06/2020,Groww,SaaS & Enterprise Tech,DevTools,Chennai,"Peak XV Partners, Tiger Global",Seed/Angel,65000.0,True,2020,2
3077,02/06/2020,MediSpace,Healthcare,Health Analytics,Kolkata,SoftBank Vision Fund,Growth,62547000.0,True,2020,1
3078,08/06/2020,Bounce,Media & Entertainment,Social,Bengaluru,Omidyar Network,Seed/Angel,226000.0,True,2020,1
3079,08/06/2020,HomeAnalytics,E-commerce,Fashion,Delhi,Y Combinator,Seed/Angel,65000.0,True,2020,1
3080,08/06/2020,QuantumDrive,EdTech,Coding Bootcamp,Pune,"Falcon Edge, Y Combinator",Seed/Angel,670000.0,True,2020,2
3081,09/06/2020,Meesho,E-commerce,E-Retail,Delhi,"Info Edge (India), Ribbit Capital, Tiger Global",Pre-Seed,127000.0,True,2020,3
3082,09/06/2020,NoBroker,AgriTech,Marketplace,Gurugram,"Kedaara Capital, SoftBank Vision Fund",Seed/Angel,304000.0,True,2020,2
3083,10/06/2020,GreenConnect,Food & Beverage,Grocery,Delhi,"IFC, Ribbit Capital",Seed/Angel,309000.0,True,2020,2
3084,10/06/2020,Hapramp,FinTech,"Block Chain, Cryptocurrency",Gurugram,Anand Mahindra,Seed/Angel,1000000.0,True,2020,1
3085,10/06/2020,QuantumSolutions_441,EdTech,Coding Bootcamp,Chennai,"A91 Partners, Info Edge (India)",Series C,289340000.0,True,2020,2
3086,10/06/2020,WayCool,AgriTech,Food and Beverage,Chennai,Indusland Bank,Series C,5500000.0,True,2020,1
3087,11/06/2020,Myelin Foundry,SaaS & Enterprise Tech,Artificial Intelligence,Bengaluru,Kris Gopalakrishnan's family office — Pratithi,Seed/Angel,1000000.0,True,2020,1
3088,15/06/2020,LetsTransport,Logistics,"Logistics, Transportation, Travel",Bengaluru,Stride Ventures,Venture Round,1311647.0,True,2020,1
3089,15/06/2020,Practo,E-commerce,E-Retail,Gurugram,Matrix Partners India,Seed/Angel,66000.0,True,2020,1
3090,15/06/2020,Sai Estate Management and Skills Institute,EdTech,Education,Mumbai,Suniel Shetty,Seed/Angel,,False,2020,1
3091,16/06/2020,Biomoneta,Healthcare,"HealthTech, Biotechnology Research",Bengaluru,"ArthaVida Ventures, Beyond Next Ventures, Dr. Aniruddha Malpani",Seed/Angel,,False,2020,3
3092,16/06/2020,BlueSpace,Food & Beverage,Food Delivery,Chennai,"A91 Partners, Sequoia Capital",Seed/Angel,341000.0,True,2020,2
3093,16/06/2020,Jai Kisan,FinTech,"AgriTech, Financial Services",Mumbai,"Arkam Ventures, NABVENTURES Fund I",Pre-Series A,3934941.0,True,2020,2
3094,17/06/2020,GrowthFlow,EdTech,UpSkilling,Mumbai,Zodius Capital,Pre-Series A,198000.0,True,2020,1
3095,17/06/2020,Peppermint,SaaS & Enterprise Tech,Industrial Robotics,Mumbai,"Naveen Kshatriya, Venture Catalysts",Seed/Angel,,False,2020,2
3096,17/06/2020,Stellaps,AgriTech,"Farming, Dairy Management Apps",Bengaluru,Stride Ventures,Debt,,False,2020,1
3097,18/06/2020,Drishti Technologies,Media & Entertainment,"Artificial Intelligence, Video Analytics",Mumbai,Sozo Ventures,Series B,25000000.0,True,2020,1
3098,18/06/2020,NimbusLabs,Retail & Consumer Goods,Wearables,Kolkata,"Sequoia Capital, Ventures India",Series A,1260000.0,True,2020,2
3099,19/06/2020,FarmBox,FinTech,InsurTech,Noida,Matrix Partners India,Series C,27201000.0,True,2020,1
3100,19/06/2020,GrowthCare,Media & Entertainment,Social,Kolkata,"Kedaara Capital, Ventures India",Series A,1560000.0,True,2020,2
3101,25/06/2020,BharatPe,AgriTech,Supply Chain,Hyderabad,"Blume Ventures, Mirae Asset",Series B,7709000.0,True,2020,2
3102,28/06/2020,HomeMart,Retail & Consumer Goods,Wearables,Noida,Y Combinator,Series A,5696000.0,True,2020,1
3103,28/06/2020,ShareChat,Media & Entertainment,Streaming,Chennai,Nexus Venture Partners,Series C,91037000.0,True,2020,1
3104,01/07/2020,Myntra,E-commerce,Quick Commerce,Bengaluru,"Kalaari Capital, LCatterton, Ribbit Capital",Seed/Angel,181000.0,True,2020,3
3105,07/07/2020,ClearDekho,Healthcare,Health Analytics,Noida,Lightspeed India,Series A,2168000.0,True,2020,1
3106,07/07/2020,HomeAnalytics,Logistics,Last Mile,Bengaluru,Peak XV Partners,Pre-Seed,64000.0,True,2020,1
3107,09/07/2020,EduTech,Media & Entertainment,Streaming,Pune,SoftBank Vision Fund,Seed/Angel,23000.0,True,2020,1
3108,09/07/2020,JetSynthesys,Gaming,Gaming and Entertainment,Pune,"Adar Poonawalla, Kris Gopalakrishnan",Venture Round,400000.0,True,2020,2
3109,10/07/2020,GigIndia,E-commerce,"Crowd Sourcing, Freelance",Pune,"Beyond Next Ventures, Incubate Fund India",Pre-Series A,974200.0,True,2020,2
3110,13/07/2020,Cars24,SaaS & Enterprise Tech,HRTech,Chennai,Sequoia Capital,Series B,41297000.0,True,2020,1
3111,13/07/2020,Mystifly,Travel & Hospitality,"Ticketing, Airline Retailing, and Post-Ticketing Services",Singapore,Recruit Co. Ltd,Pre-Series B,3300000.0,True,2020,1
3112,13/07/2020,Open Appliances Pvt. Ltd.,Technology,Internet-of-Things Security Solutions,Bengaluru,Unicorn India Ventures,Venture Round,500000.0,True,2020,1
3113,14/07/2020,FinSpace,E-commerce,Fashion,Ahmedabad,"Info Edge (India), Nexus Venture Partners, Tiger Global",Series A,4765000.0,True,2020,3
3114,14/07/2020,FLYX,Media & Entertainment,Streaming Social Network,New York,"Raj Mishra, founder of AIT Global Inc",Pre-Seed,200000.0,True,2020,2
3115,14/07/2020,goDutch,FinTech,Group Payments,Mumbai,"Global Founders Capital, Matrix India, Soma Capital, VentureSouq, Y Combinator",Seed/Angel,1700000.0,True,2020,5
3116,14/07/2020,Myntra,SaaS & Enterprise Tech,Automation,Ahmedabad,"Ribbit Capital, Sequoia Capital",Series C,28289000.0,True,2020,2
3117,15/07/2020,Flipkart,E-commerce,E-commerce,Bengaluru,Walmart Inc,M&A,1200000000.0,True,2020,1
3118,15/07/2020,PumPumPum,Mobility,Used Car-leasing platform,Gurugram,Early Adapters Syndicate,Seed/Angel,292800.0,True,2020,1
3119,16/07/2020,Crio,EdTech,Learning Platform for Developers,Bengaluru,021 Capital,Pre-Series A,934160.0,True,2020,1
3120,16/07/2020,Vedantu,EdTech,Online Tutoring,Bengaluru,Coatue Management,Series D,100000000.0,True,2020,1
3121,17/07/2020,DriveLoop,SaaS & Enterprise Tech,Automation,Ahmedabad,Lightspeed India,Series A,9076000.0,True,2020,1
3122,17/07/2020,Inmobi,E-commerce,D2C,Kolkata,Elevation Capital,Seed/Angel,181000.0,True,2020,1
3123,19/07/2020,BlueRise,SaaS & Enterprise Tech,DevTools,Mumbai,Ventures India,Seed/Angel,64000.0,True,2020,1
3124,19/07/2020,BlueTech,FinTech,Payments,Mumbai,"Accel, Info Edge (India)",Pre-Seed,53000.0,True,2020,2
3125,21/07/2020,NeoLabs,SaaS & Enterprise Tech,HRTech,Noida,Blume Ventures,Seed/Angel,613000.0,True,2020,1
3126,23/07/2020,Dream11,Retail & Consumer Goods,Audio,Ahmedabad,"Bessemer Venture Partners, Omidyar Network, Sequoia Capital",Pre-Seed,52000.0,True,2020,3
3127,23/07/2020,Groww,FinTech,InsurTech,Ahmedabad,Falcon Edge,Debt,374000.0,True,2020,1
3128,25/07/2020,GreenConnect,AgriTech,Supply Chain,Mumbai,IFC,Series A,7635000.0,True,2020,1
3129,26/07/2020,Bounce,E-commerce,Fashion,Mumbai,Ribbit Capital,Series B,6917000.0,True,2020,1
3130,26/07/2020,MediHive,Media & Entertainment,Social,Chennai,"Accel, Mirae Asset",Pre-Series A,446000.0,True,2020,2
3131,28/07/2020,GreenEdge,Real Estate,Rental Tech,Ahmedabad,Falcon Edge,Pre-Series A,671000.0,True,2020,1
3132,29/07/2020,FinSense,FinTech,InsurTech,Pune,"Elevation Capital, IFC, Zodius Capital",Series A,1903000.0,True,2020,3
3133,29/07/2020,HomeMart,AgriTech,Smart Farming,Bengaluru,"IFC, Info Edge (India), Kalaari Capital",Seed/Angel,1639000.0,True,2020,3
3134,30/07/2020,Paytm,EdTech,Test Prep,Kolkata,Tiger Global,Series B,7671000.0,True,2020,1
3135,02/08/2020,SkillFlow,Media & Entertainment,Social,Chennai,"Kedaara Capital, Nexus Venture Partners",Series D,177214000.0,True,2020,2
3136,03/08/2020,CrowdPouch,FinTech,Financial Services,Bengaluru,Elina Investments Pvt. Ltd,Seed/Angel,,False,2020,1
3137,04/08/2020,DrinkPrime,Energy & CleanTech,Water Purification,Bengaluru,"ON Mauritius, Sequoia Surge",Pre-Series A,2880000.0,True,2020,2
3138,04/08/2020,InVideo,Media & Entertainment,Video Editor,Bengaluru,Sequoia Capital,Series A,15000000.0,True,2020,1
3139,04/08/2020,SkillFlow,EdTech,K12,Ahmedabad,Info Edge (India),Seed/Angel,521000.0,True,2020,1
3140,05/08/2020,DataEdge,E-commerce,Grocery,Hyderabad,"Falcon Edge, Sequoia Capital",Growth,160008000.0,True,2020,2
3141,06/08/2020,UrbanDrive,Media & Entertainment,Social,Chennai,Lightspeed India,Seed/Angel,172000.0,True,2020,1
3142,07/08/2020,Cars24,FinTech,Payments,Hyderabad,Elevation Capital,Series A,5935000.0,True,2020,1
3143,07/08/2020,FreshToHome,E-commerce,Food Delivery,Bengaluru,Ascent Capital,Venture Round,16200000.0,True,2020,1
3144,07/08/2020,LogiMart,Retail & Consumer Goods,Smart Home,Ahmedabad,Elevation Capital,Seed/Angel,950000.0,True,2020,1
3145,08/08/2020,FoodFit,Media & Entertainment,Content,Delhi,Nexus Venture Partners,Seed/Angel,99000.0,True,2020,1
3146,09/08/2020,NimbusWorks,AgriTech,Marketplace,Hyderabad,Tiger Global,Seed/Angel,163000.0,True,2020,1
3147,10/08/2020,NeoLabs,EdTech,Coding Bootcamp,Delhi,A91 Partners,Series B,25052000.0,True,2020,1
3148,10/08/2020,NimbusWorks,Food & Beverage,Cloud Kitchen,Noida,"Info Edge (India), Prosus Ventures",Series C,80168000.0,True,2020,2
3149,10/08/2020,ZestMoney,FinTech,Financial Services,Bengaluru,Primrose Hills Ventures,Unknown,10670000.0,True,2020,1
3150,11/08/2020,Terra.do,EdTech,"Online Climate School, E-learning",Stanford,"BEENEXT Emerging Asia, Entrepreneurs (India), Rainmatter Capital, Stanford Angels",Seed/Angel,1400000.0,True,2020,4
3151,12/08/2020,Classplus,EdTech,"E-learning, Online Tutoring",Noida,Falcon Edge,Unknown,15000000.0,True,2020,1
3152,12/08/2020,Delhivery,Retail & Consumer Goods,Audio,Pune,"Bessemer Venture Partners, Omidyar Network",Seed/Angel,52000.0,True,2020,2
3153,13/08/2020,Eduvanz,FinTech,Financial Services,Mumbai,"Sequoia Capital, Unitus",Series A,5000000.0,True,2020,2
3154,13/08/2020,HungerBox,Food & Beverage,Online Food Delivery Service,Bengaluru,"One97, Pratithi Investment Trust, Sabre Partners Trust, Srihari Kumar",Series D,1560000.0,True,2020,4
3155,13/08/2020,Medlife,E-commerce,Online Pharmacy,Bengaluru,"Prasid Uno Family Trust, SC Credit Fund",Unknown,23000000.0,True,2020,2
3156,14/08/2020,MediSpace,SaaS & Enterprise Tech,Security,Chennai,Falcon Edge,Seed/Angel,172000.0,True,2020,1
3157,14/08/2020,Niyo,FinTech,Financial Services,Bengaluru,Niyo Solutions Inc,Unknown,6000000.0,True,2020,1
3158,15/08/2020,CloudPay,FinTech,NeoBank,Bengaluru,"Blume Ventures, Info Edge (India)",Seed/Angel,1116000.0,True,2020,2
3159,15/08/2020,Practo,Healthcare,Health care and Wellness,Bengaluru,A1A Company,Series F,32000000.0,True,2020,1
3160,17/08/2020,NimbusWorks,Logistics,Last Mile,Noida,Bessemer Venture Partners,Seed/Angel,447000.0,True,2020,1
3161,18/08/2020,NimbusLabs,Healthcare,Health Analytics,Hyderabad,Blume Ventures,Seed/Angel,407000.0,True,2020,1
3162,18/08/2020,Urban Company,Real Estate,PropTech,Gurugram,Mirae Asset,Series A,13274000.0,True,2020,1
3163,31/08/2020,Apna,HR & Jobs,Recruitment Platform,Bengaluru,"Lightspeed India, Sequoia Capital",Series A,8000000.0,True,2020,2
3164,31/08/2020,mfine,Healthcare,On-Demand Healthcare Services,Bengaluru,Caretech Pte Inc,Series B,5400000.0,True,2020,1
3165,02/09/2020,Winzo,Gaming,Online Gaming,Delhi,"IndigoEdge Management Consultancy, Kalaari Capital Partners",Series B,15500000.0,True,2020,2
3166,03/09/2020,AeroAnalytics,SaaS & Enterprise Tech,Automation,Delhi,"Falcon Edge, Sequoia Capital, SoftBank Vision Fund",Series A,14864000.0,True,2020,3
3167,03/09/2020,Railofy,Mobility,WL & RAC protection platform,Mumbai,Chiratae Ventures,Seed/Angel,950000.0,True,2020,1
3168,04/09/2020,Freshworks,E-commerce,D2C,Ahmedabad,"Lightspeed India, Zodius Capital",Seed/Angel,805000.0,True,2020,2
3169,05/09/2020,FoodSolutions,Retail & Consumer Goods,Smart Home,Delhi,Kalaari Capital,Series A,1372000.0,True,2020,1
3170,05/09/2020,WorkStack,SaaS & Enterprise Tech,HRTech,Pune,IFC,Pre-Seed,27000.0,True,2020,1
3171,07/09/2020,1mg,E-commerce,Online Pharmacy,Gurugram,"Gaja Capital, Partners Group, Tata Capital",Unknown,100000000.0,True,2020,3
3172,07/09/2020,Melorra,E-commerce,Online Jewelry Store,Bengaluru,"Lightbox, Shadow Holdings",Debt,8900000.0,True,2020,2
3173,08/09/2020,Byju's,EdTech,Online Tutoring,Bengaluru,"General Atlantic, Owl Ventures, Silver Lake, Tiger Global",Private Equity,500000000.0,True,2020,4
3174,08/09/2020,Cell Propulsion,Mobility,Electric Mobility Solutions,Bengaluru,"Micelio, growX Ventures",Pre-Series A,,False,2020,2
3175,09/09/2020,Hippo Video,Media & Entertainment,Video Customer Experience(CX) Platform,Newark,"Alpha Wave Incubation, Exfinity Venture Partners",Series A,4500000.0,True,2020,2
3176,09/09/2020,Qshala,EdTech,Online Curiosity Platform for Kids,Bengaluru,Rainmatter Capital,Seed/Angel,370000.0,True,2020,1
3177,10/09/2020,Mobikwik,E-commerce,Fashion,Bengaluru,"Ventures India, Y Combinator",Seed/Angel,227000.0,True,2020,2
3178,10/09/2020,SkillSolutions,Retail & Consumer Goods,Smart Home,Chennai,"Omidyar Network, Sequoia Capital, Y Combinator",Series B,16426000.0,True,2020,3
3179,12/09/2020,MCaffeine,Retail & Consumer Goods,Skincare & Haircare,Mumbai,"Amicus Capital Partners India Fund I, Amicus Capital Private Equity I LLP, RP-SG Venture Fund 1",Series B,3000000.0,True,2020,3
3180,15/09/2020,UrbanStack,E-commerce,Grocery,Gurugram,"Falcon Edge, Mirae Asset, Y Combinator",Seed/Angel,9000.0,True,2020,3
3181,17/09/2020,NoBroker,E-commerce,Grocery,Delhi,Peak XV Partners,Series B,50620000.0,True,2020,1
3182,23/09/2020,Flipkart,E-commerce,Quick Commerce,Bengaluru,"Accel, Lightspeed India",Pre-Series A,788000.0,True,2020,2
3183,25/09/2020,NimbusWorks,Food & Beverage,Food Delivery,Kolkata,"Prosus Ventures, Zodius Capital",Seed/Angel,1631000.0,True,2020,2
3184,25/09/2020,Porter,Food & Beverage,Food Delivery,Mumbai,Mirae Asset,Seed/Angel,80000.0,True,2020,1
3185,27/09/2020,EduTech,Mobility,EV,Pune,SoftBank Vision Fund,Growth,288051000.0,True,2020,1
3186,27/09/2020,Groww,Mobility,Ride Sharing,Pune,"A91 Partners, IFC",Seed/Angel,46000.0,True,2020,2
3187,27/09/2020,LogiSense,Logistics,Supply Chain,Chennai,"IFC, Y Combinator",Seed/Angel,326000.0,True,2020,2
3188,30/09/2020,DataHive,AgriTech,Smart Farming,Bengaluru,"LCatterton, Omidyar Network, Sequoia Capital",Seed/Angel,18000.0,True,2020,3
3189,02/10/2020,Paytm,Healthcare,Diagnostics,Pune,Mirae Asset,Seed/Angel,288000.0,True,2020,1
3190,04/10/2020,EduMart,AgriTech,Smart Farming,Kolkata,Info Edge (India),Seed/Angel,76000.0,True,2020,1
3191,10/10/2020,BlueSpace,Retail & Consumer Goods,Smart Home,Ahmedabad,"Ribbit Capital, Ventures India",Seed/Angel,1346000.0,True,2020,2
3192,12/10/2020,Ola,SaaS & Enterprise Tech,B2B SaaS,Kolkata,"A91 Partners, Kalaari Capital, SoftBank Vision Fund",Seed/Angel,14000.0,True,2020,3
3193,13/10/2020,UrbanDrive,Mobility,EV,Chennai,"Falcon Edge, Kedaara Capital, Tiger Global",Series C,132064000.0,True,2020,3
3194,14/10/2020,MediWorks,E-commerce,Fashion,Delhi,"A91 Partners, Blume Ventures",Series C,42389000.0,True,2020,2
3195,15/10/2020,Treebo,Food & Beverage,Budget Hospitality Chain,Bengaluru,"Bertelsmann India, Matrix Partners India, SAIF Partners, Ward Ferry Management",Unknown,6000000.0,True,2020,4
3196,16/10/2020,MediHive_1008,Retail & Consumer Goods,Audio,Gurugram,Nexus Venture Partners,Seed/Angel,126000.0,True,2020,1
3197,16/10/2020,Zomato,EdTech,UpSkilling,Noida,"A91 Partners, Bessemer Venture Partners, Blume Ventures",Seed/Angel,782000.0,True,2020,3
3198,19/10/2020,CoreConnect,E-commerce,Fashion,Delhi,"Info Edge (India), Prosus Ventures",Bridge,208000.0,True,2020,2
3199,21/10/2020,Pocket FM,Technology,Audiobook & Podcast App,Bengaluru,"Lightspeed India, Tencent, Times Group",Series A,5500000.0,True,2020,3
3200,22/10/2020,DailyHunt,E-commerce,Grocery,Kolkata,"IFC, Tiger Global",Pre-Seed,26000.0,True,2020,2
3201,24/10/2020,PharmEasy,Food & Beverage,Grocery,Chennai,"IFC, Sequoia Capital",Series A,2134000.0,True,2020,2
3202,25/10/2020,Chargebee,Real Estate,Home Services,Delhi,"Bessemer Venture Partners, Kedaara Capital, Prosus Ventures",Series A,1068000.0,True,2020,3
3203,25/10/2020,CoreFlow,EdTech,K12,Pune,"Peak XV Partners, Y Combinator",Pre-Seed,105000.0,True,2020,2
3204,26/10/2020,Hubilo,Technology,Virtual Events Platform,Wilmington,Lightspeed Venture Partners,Seed/Angel,4500000.0,True,2020,1
3205,26/10/2020,NextFlow,SaaS & Enterprise Tech,Automation,Delhi,Lightspeed India,Seed/Angel,1741000.0,True,2020,1
3206,27/10/2020,FreshToHome,E-commerce,Food Delivery,Bengaluru,"Ascent Capital, Corporation of Dubai (ICD), DFC, the Allana Group",Series C,121000000.0,True,2020,4
3207,27/10/2020,GetVantage,FinTech,Revenue-Based Financing Platform,Mumbai,"Chiratae Ventures, Dream Incubators",Seed/Angel,5000000.0,True,2020,2
3208,27/10/2020,HyperLabs,FinTech,WealthTech,Noida,"Kalaari Capital, LCatterton, Ribbit Capital",Series A,1932000.0,True,2020,3
3209,27/10/2020,Origo,AgriTech,Agricultural Commodities Management,Gurugram,Northern Arc Capital,Debt,4700000.0,True,2020,1
3210,27/10/2020,Origo,Media & Entertainment,Online Video Editing,Mumbai,Sequoia Capital,Series A,15000000.0,True,2020,1
3211,28/10/2020,Betterplace,HR & Jobs,Blue Collar Workforce Management Platform,Bengaluru,Jungle Ventures,Series B,10000000.0,True,2020,1
3212,28/10/2020,CredAble,FinTech,Supply Chain Finance,Mumbai,"Oaks Asset Management, V'Ocean Investment",Follow-On,4500000.0,True,2020,2
3213,28/10/2020,Flexiloans,FinTech,Digital Lending Platform,Mumbai,"Falguni, Sanjay Nayar Family Office",Debt,20160000.0,True,2020,2
3214,28/10/2020,Nykaa,E-commerce,"Beauty, Fashion, Lifestyle, Wellness",Mumbai,Alia Bhatt,Seed/Angel,,False,2020,1
3215,29/10/2020,CloudPay,SaaS & Enterprise Tech,DevTools,Pune,"Kedaara Capital, Nexus Venture Partners",Seed/Angel,1612000.0,True,2020,2
3216,30/10/2020,Dunzo,E-commerce,Marketplace,Hyderabad,"Lightspeed India, Nexus Venture Partners",Seed/Angel,788000.0,True,2020,2
3217,31/10/2020,Swiggy,Mobility,Micro Mobility,Kolkata,Kalaari Capital,Series B,17686000.0,True,2020,1
3218,04/11/2020,EduMart,Retail & Consumer Goods,Smart Home,Ahmedabad,Tiger Global,Series B,18181000.0,True,2020,1
3219,09/11/2020,FoodLoop,Healthcare,Pharmacy,Noida,Prosus Ventures,Series B,29557000.0,True,2020,1
3220,11/11/2020,GreenMart,E-commerce,Marketplace,Ahmedabad,"Kalaari Capital, Ventures India",Seed/Angel,81000.0,True,2020,2
3221,11/11/2020,GrowthConnect,E-commerce,Fashion,Delhi,Blume Ventures,Series A,14428000.0,True,2020,1
3222,13/11/2020,Razorpay,AgriTech,Marketplace,Kolkata,Bessemer Venture Partners,Series B,25663000.0,True,2020,1
3223,15/11/2020,Chargebee,E-commerce,E-Retail,Kolkata,Tiger Global,Seed/Angel,84000.0,True,2020,1
3224,23/11/2020,Country Delight,Food & Beverage,Milk delivery startup,Gurugram,Elevation Capital,Series C,25000000.0,True,2020,1
3225,24/11/2020,CashFree,FinTech,Payments and banking technology,Bengaluru,"Bertelsmann India, Matrix Partners India, SAIF Partners, Ward Ferry Management",Series B,35300000.0,True,2020,4
3226,24/11/2020,HealthAnalytics_1095,Food & Beverage,Food Delivery,Pune,"Lightspeed India, Mirae Asset, Prosus Ventures",Seed/Angel,8000.0,True,2020,3
3227,25/11/2020,CityFlo,Mobility,App-based bus commute startup,Mumbai,Lightbox Ventures,Series A,7700000.0,True,2020,1
3228,25/11/2020,Shipsy,Logistics,Software Automation Of Logistics,Gurugram,"Info Edge (India), Sequoia Capital India's Surge",Series A,6003806.0,True,2020,2
3229,25/11/2020,Unacademy,EdTech,Online Learning Platform,Bengaluru,"Dragoneer Investment Group, Tiger Global",Venture Round,75000000.0,True,2020,2
3230,26/11/2020,Unacademy,FinTech,Payments,Chennai,"Elevation Capital, Kedaara Capital, Prosus Ventures",Debt,26070000.0,True,2020,3
3231,27/11/2020,Chumbak,Retail & Consumer Goods,Gifting Startup,Bengaluru,Gaja Capital Fund (GCFII-A),Pre-Series E,1001047.92,True,2020,1
3232,29/11/2020,Bira91,Food & Beverage,Craft Beer,Delhi,"Neoplux, Sequoia Capital, Sixth Sense Ventures, Sofina",Bridge,3000000.0,True,2020,4
3233,30/11/2020,Codingal,EdTech,Online coding platform,Bengaluru,"GSF Accelerator, Java Capital, Rebright Partners",Seed/Angel,560000.0,True,2020,3
3234,30/11/2020,CRED,FinTech,Credit Card Behavior Services,Bengaluru,DST Global,Series C,80000000.0,True,2020,1
3235,30/11/2020,Credgenics,FinTech,Critical NPA reduction for Fintech lenders and banks,Gurugram,"Accel, DMI Finance, Venture Capital firm",Pre-Series A,3500000.0,True,2020,3
3236,30/11/2020,EduTech,Retail & Consumer Goods,Smart Home,Noida,Ventures India,Seed/Angel,798000.0,True,2020,1
3237,30/11/2020,Udaan,EdTech,K12,Bengaluru,"LCatterton, Mirae Asset, Nexus Venture Partners",Series A,3074000.0,True,2020,3
3238,02/12/2020,Porter,FinTech,WealthTech,Mumbai,"Blume Ventures, Matrix Partners India",Series B,25728000.0,True,2020,2
3239,06/12/2020,BharatPe,Healthcare,Telemedicine,Ahmedabad,LCatterton,Seed/Angel,361000.0,True,2020,1
3240,06/12/2020,Postman,Healthcare,Pharmacy,Hyderabad,"Kedaara Capital, Peak XV Partners",Series A,4358000.0,True,2020,2
3241,08/12/2020,Zomato,SaaS & Enterprise Tech,Automation,Bengaluru,"Lightspeed India, Nexus Venture Partners, Y Combinator",Series A,6169000.0,True,2020,3
3242,10/12/2020,Cars24,FinTech,WealthTech,Gurugram,"A91 Partners, Bessemer Venture Partners",Series A,1150000.0,True,2020,2
3243,11/12/2020,HomeFoods,Retail & Consumer Goods,Audio,Hyderabad,Kalaari Capital,Series B,7389000.0,True,2020,1
3244,13/12/2020,FreshTech,Media & Entertainment,Social,Hyderabad,Falcon Edge,Seed/Angel,679000.0,True,2020,1
3245,14/12/2020,FarmBox,Real Estate,Home Services,Noida,"Accel, Blume Ventures, IFC",Seed/Angel,1411000.0,True,2020,3
3246,14/12/2020,PhonePe,Food & Beverage,Grocery,Noida,Elevation Capital,Pre-Seed,38000.0,True,2020,1
3247,15/12/2020,Bira91,Food & Beverage,Craft Beer,Delhi,"Nishant Mittal, Pankaj Chaddah, Shikha Sunil Chandak",Unknown,1273634.07,True,2020,3
3248,15/12/2020,Delhivery,Logistics,Transportation,Gurugram,Steadview Capital,Secondary Market,25000000.0,True,2020,1
3249,15/12/2020,Zenoti,Technology,Cloud-based software provider for the spa and salon industries,Washington,Advent International,Series D,160000000.0,True,2020,1
3250,18/12/2020,PagarBook,SaaS & Enterprise Tech,Employee management platform,Bengaluru,Sequoia Capital,Series A,15000000.0,True,2020,1
3251,20/12/2020,NeoSense,Retail & Consumer Goods,Smart Home,Chennai,"LCatterton, SoftBank Vision Fund",Seed/Angel,379000.0,True,2020,2
3252,21/12/2020,Pine Labs,FinTech,Payment Solutions Provider,Noida,Lone Pine Capital,Secondary Market,,False,2020,1
3253,22/12/2020,ShareChat,FinTech,Payments,Gurugram,LCatterton,Seed/Angel,234000.0,True,2020,1
3254,22/12/2020,Tax Buddy India,FinTech,Online tax adviser,Mumbai,Zenith Global,Seed/Angel,1000000.0,True,2020,1
3255,25/12/2020,CloudSolutions,E-commerce,Quick Commerce,Kolkata,Y Combinator,Series B,68288000.0,True,2020,1
3256,25/12/2020,Delhivery,AgriTech,Marketplace,Delhi,Y Combinator,Series A,1113000.0,True,2020,1
3257,26/12/2020,NoBroker,SaaS & Enterprise Tech,DevTools,Delhi,LCatterton,Seed/Angel,205000.0,True,2020,1
3258,29/12/2020,LogiSense,EdTech,Coding Bootcamp,Delhi,"LCatterton, Omidyar Network",Series A,1553000.0,True,2020,2
3259,01/01/2021,UrbanStack,Retail & Consumer Goods,Wearables,Chennai,A91 Partners,Seed/Angel,65000.0,True,2021,1
3260,02/01/2021,Delhivery,Food & Beverage,Grocery,Delhi,"Info Edge (India), Ventures India",Pre-Series A,313000.0,True,2021,2
3261,03/01/2021,HealthWorks,E-commerce,Fashion,Bengaluru,Ventures India,Seed/Angel,103000.0,True,2021,1
3262,04/01/2021,Innovaccer,Mobility,EV,Bengaluru,SoftBank Vision Fund,Pre-Series A,140000.0,True,2021,1
3263,06/01/2021,NextSense,AgriTech,Smart Farming,Ahmedabad,Y Combinator,Series B,34916000.0,True,2021,1
3264,08/01/2021,AeroAnalytics_861,Media & Entertainment,Streaming,Kolkata,"Kalaari Capital, Tiger Global",Seed/Angel,266000.0,True,2021,2
3265,09/01/2021,Porter,E-commerce,Grocery,Delhi,Ventures India,Seed/Angel,500000.0,True,2021,1
3266,09/01/2021,WorkFit,SaaS & Enterprise Tech,B2B SaaS,Gurugram,Kedaara Capital,Seed/Angel,343000.0,True,2021,1
3267,11/01/2021,True Elements,Food & Beverage,Whole Food plant based Nashta,Pune,SIDBI Venture Capital,Unknown,100000000.0,True,2021,1
3268,13/01/2021,Saveo,E-commerce,Pharmacies,Bengaluru,"Matrix Partners India, RTP Global",Seed/Angel,4000000.0,True,2021,2
3269,15/01/2021,Digit Insurance,FinTech,Insurance Services,Bengaluru,"A91 Partners, Faering Capital, TVS Capital Funds",Venture Round,18000000.0,True,2021,3
3270,18/01/2021,mfine,Healthcare,AI-powered telemedicine mobile app,Bengaluru,Heritas Capital Management,Venture Round,16000000.0,True,2021,1
3271,18/01/2021,NoBroker,Mobility,Ride Sharing,Kolkata,Zodius Capital,Seed/Angel,111000.0,True,2021,1
3272,18/01/2021,Udayy,EdTech,Online learning platform for kids in class 1-5,Gurugram,Sequoia Capital,Seed/Angel,15000000.0,True,2021,1
3273,19/01/2021,DarwinBox,HR & Jobs,HR Tech,Mumbai,Salesforce Ventures,Seed/Angel,15000000.0,True,2021,1
3274,19/01/2021,DeHaat,AgriTech,online marketplace for farm products and services,Patna,Prosus Ventures,Series C,30000000.0,True,2021,1
3275,23/01/2021,DailyHunt,Mobility,EV,Noida,"Blume Ventures, Y Combinator",Series B,13131000.0,True,2021,2
3276,24/01/2021,HyperLabs,Mobility,Ride Sharing,Chennai,Tiger Global,Seed/Angel,29000.0,True,2021,1
3277,25/01/2021,AgriHive,EdTech,Coding Bootcamp,Noida,"Falcon Edge, IFC",Seed/Angel,157000.0,True,2021,2
3278,27/01/2021,Byju's,E-commerce,Marketplace,Delhi,Y Combinator,Series C,31376000.0,True,2021,1
3279,28/01/2021,AgriFit,SaaS & Enterprise Tech,Automation,Hyderabad,Elevation Capital,Series A,6512000.0,True,2021,1
3280,28/01/2021,Bombay Shaving Company,Retail & Consumer Goods,"Shave care, beard care, and skincare products",Delhi,Reckitt Benckiser,Venture Round,6172258.5,True,2021,1
3281,29/01/2021,FreshTech_651,E-commerce,Grocery,Gurugram,Elevation Capital,Seed/Angel,363000.0,True,2021,1
3282,31/01/2021,ClearDekho,EdTech,Coding Bootcamp,Gurugram,Bessemer Venture Partners,Seed/Angel,79000.0,True,2021,1
3283,01/02/2021,EduMart,EdTech,UpSkilling,Kolkata,Prosus Ventures,Seed/Angel,37000.0,True,2021,1
3284,03/02/2021,HomeAnalytics,E-commerce,D2C,Bengaluru,"Bessemer Venture Partners, Falcon Edge",Series A,1458000.0,True,2021,2
3285,03/02/2021,Udaan,SaaS & Enterprise Tech,Security,Bengaluru,"Falcon Edge, Tiger Global",Series A,5402000.0,True,2021,2
3286,07/02/2021,Zepto,Media & Entertainment,Content,Mumbai,SoftBank Vision Fund,Seed/Angel,5000.0,True,2021,1
3287,08/02/2021,WorkFit,Logistics,Last Mile,Bengaluru,"Info Edge (India), LCatterton, Nexus Venture Partners",Debt,5995000.0,True,2021,3
3288,09/02/2021,Nothing,Technology,Consumer Technology Venture,London,GV,Series A,15000000.0,True,2021,1
3289,09/02/2021,SplashLearn,EdTech,Game-based learning programme,Gurugram,Owl Ventures,Series C,18000000.0,True,2021,1
3290,11/02/2021,Bounce,SaaS & Enterprise Tech,Analytics,Hyderabad,Sequoia Capital,Seed/Angel,1762000.0,True,2021,1
3291,11/02/2021,Doubtnut,EdTech,E-Learning Platform,Gurugram,"ON Mauritius, SIG Global, Sequoia Capital, WaterBridge Ventures",Series B,2500000.0,True,2021,4
3292,12/02/2021,Grofers,E-commerce,Online supermarket,Gurugram,SoftBank Vision Fund (SVF),Unknown,55000000.0,True,2021,1
3293,12/02/2021,NextFlow,E-commerce,Quick Commerce,Bengaluru,Ribbit Capital,Bridge,376000.0,True,2021,1
3294,12/02/2021,Pepperfry,E-commerce,Multi-brand furniture brand,Mumbai,InnoVen Capital,Debt,4773958.0,True,2021,1
3295,13/02/2021,Porter,E-commerce,E-Retail,Kolkata,Zodius Capital,Seed/Angel,255000.0,True,2021,1
3296,15/02/2021,KreditBee,FinTech,Digital lending platform,Bengaluru,"Azim Premji's PremjiInvest, South Korea's Mirae Asset Venture",Series C,75000000.0,True,2021,2
3297,17/02/2021,Zolve,FinTech,Global Neobank Venture,Mumbai,"Accel, Lightspeed Venture Partners",Seed/Angel,15000000.0,True,2021,2
3298,19/02/2021,Fingerlix,Food & Beverage,Semi-cooked food delivery app,Mumbai,"Accel, Rhodium Trust, Swiggy",Series C,2747045.2,True,2021,3
3299,22/02/2021,HealthWorks,Retail & Consumer Goods,Wearables,Gurugram,"Omidyar Network, Peak XV Partners, Sequoia Capital",Seed/Angel,980000.0,True,2021,3
3300,22/02/2021,Zomato,Food & Beverage,Online Food Delivery Platform,Gurugram,"Kora, Tiger Global",Venture Round,250000000.0,True,2021,2
3301,24/02/2021,MediHive,E-commerce,Grocery,Bengaluru,"Accel, Bessemer Venture Partners, Kalaari Capital",Pre-Series A,411000.0,True,2021,3
3302,24/02/2021,WorkPay,SaaS & Enterprise Tech,Automation,Kolkata,"Accel, Falcon Edge, Omidyar Network",Seed/Angel,319000.0,True,2021,3
3303,25/02/2021,BlueRise,Food & Beverage,Food Delivery,Bengaluru,Ventures India,Series B,5546000.0,True,2021,1
3304,25/02/2021,Meesho,SaaS & Enterprise Tech,Automation,Chennai,"IFC, Zodius Capital",Series D,55224000.0,True,2021,2
3305,27/02/2021,NextStack,Retail & Consumer Goods,Wearables,Delhi,"Lightspeed India, Zodius Capital",Series A,3110000.0,True,2021,2
3306,02/03/2021,FoodFit,EdTech,Coding Bootcamp,Mumbai,Kalaari Capital,Pre-Seed,158000.0,True,2021,1
3307,03/03/2021,CloudSolutions_576,EdTech,Test Prep,Bengaluru,"Accel, LCatterton, Mirae Asset",Seed/Angel,8000.0,True,2021,3
3308,04/03/2021,DealShare,E-commerce,Online shopping platform,Jaipur,Innoven Capital,Debt,250000000.0,True,2021,1
3309,05/03/2021,BlueTech,Mobility,Ride Sharing,Kolkata,"Bessemer Venture Partners, Zodius Capital",Bridge,1333000.0,True,2021,2
3310,05/03/2021,FoodLoop,E-commerce,D2C,Kolkata,Kedaara Capital,Pre-Seed,25000.0,True,2021,1
3311,05/03/2021,Ola,Media & Entertainment,Content,Hyderabad,Bessemer Venture Partners,Seed/Angel,99000.0,True,2021,1
3312,06/03/2021,DataAnalytics,Healthcare,Health Analytics,Mumbai,Info Edge (India),Seed/Angel,339000.0,True,2021,1
3313,09/03/2021,EduMart,Retail & Consumer Goods,Smart Home,Noida,Ventures India,Seed/Angel,64000.0,True,2021,1
3314,12/03/2021,Rapido,Real Estate,PropTech,Gurugram,Mirae Asset,Series A,6055000.0,True,2021,1
3315,14/03/2021,Groww,Mobility,Ride Sharing,Hyderabad,"Nexus Venture Partners, Peak XV Partners",Series B,38052000.0,True,2021,2
3316,17/03/2021,SmartCare,Food & Beverage,Cloud Kitchen,Hyderabad,Zodius Capital,Private Equity,382861000.0,True,2021,1
3317,18/03/2021,SmartCare,SaaS & Enterprise Tech,Analytics,Delhi,"Nexus Venture Partners, Y Combinator",Series A,2177000.0,True,2021,2
3318,19/03/2021,HomeFoods,SaaS & Enterprise Tech,Automation,Kolkata,Mirae Asset,Growth,407801000.0,True,2021,1
3319,21/03/2021,Delhivery,E-commerce,Grocery,Chennai,"Accel, Mirae Asset, SoftBank Vision Fund",Series A,1418000.0,True,2021,3
3320,23/03/2021,Meesho,Real Estate,Home Services,Pune,"Falcon Edge, Tiger Global",Pre-Series A,739000.0,True,2021,2
3321,23/03/2021,SkilloVilla,EdTech,Career and job-oriented upskilling.,Bengaluru,Titan Capital,Seed/Angel,,False,2021,1
3322,24/03/2021,NimbusLabs,Healthcare,Telemedicine,Mumbai,Bessemer Venture Partners,Series C,45633000.0,True,2021,1
3323,25/03/2021,CityMall,E-commerce,Social ecommerce and online grocery platform,Gurugram,Accel,Series A,11000000.0,True,2021,1
3324,25/03/2021,SmartTech,Retail & Consumer Goods,Wearables,Kolkata,"LCatterton, SoftBank Vision Fund",Seed/Angel,226000.0,True,2021,2
3325,26/03/2021,DotPe,FinTech,Commerce and payments platform to offline enterprise businesses.,Gurugram,PayU,Series A,27500000.0,True,2021,1
3326,28/03/2021,FoodSolutions,Real Estate,Rental Tech,Delhi,"Lightspeed India, Zodius Capital",Seed/Angel,651000.0,True,2021,2
3327,29/03/2021,EduMart,Mobility,Micro Mobility,Mumbai,"Bessemer Venture Partners, Tiger Global",Series A,11213000.0,True,2021,2
3328,29/03/2021,FarmBox,Retail & Consumer Goods,Wearables,Bengaluru,"Elevation Capital, Prosus Ventures",Seed/Angel,59000.0,True,2021,2
3329,30/03/2021,Byju's,EdTech,Online tutoring,Bengaluru,"B Capital, Baron, MC Global Edtech",Series F,460000000.0,True,2021,3
3330,30/03/2021,DriveFit,E-commerce,Fashion,Ahmedabad,"Elevation Capital, Kalaari Capital",Series A,1636000.0,True,2021,2
3331,30/03/2021,Dunzo,E-commerce,Hyper-local delivery app,Bengaluru,Krishtal Advisors Pte Ltd,Series E,8000000.0,True,2021,1
3332,30/03/2021,HealthAnalytics,Mobility,Ride Sharing,Hyderabad,IFC,Pre-Seed,86000.0,True,2021,1
3333,31/03/2021,Uniphore,Technology,Conversational Service Automation (CSA),Palo Alto,Sorenson Capital Partners,Series D,140000000.0,True,2021,1
3334,01/04/2021,Byju's,EdTech,Online tutoring,Bengaluru,Innoven Capital,Series F,460000000.0,True,2021,1
3335,02/04/2021,QuantumAnalytics,E-commerce,Fashion,Chennai,Nexus Venture Partners,Series C,47415000.0,True,2021,1
3336,03/04/2021,MediSpace,Healthcare,Diagnostics,Ahmedabad,Omidyar Network,Series C,230417000.0,True,2021,1
3337,03/04/2021,Paytm,E-commerce,Grocery,Gurugram,"Matrix Partners India, SoftBank Vision Fund",Seed/Angel,55000.0,True,2021,2
3338,05/04/2021,Meesho,E-commerce,Online reselling platform,Bengaluru,SoftBank Vision Fund 2,Series E,300000000.0,True,2021,1
3339,06/04/2021,Oyo,Healthcare,Diagnostics,Pune,Peak XV Partners,Seed/Angel,24000.0,True,2021,1
3340,07/04/2021,BlueSpace,Retail & Consumer Goods,Audio,Delhi,"Kedaara Capital, Tiger Global",Series C,39284000.0,True,2021,2
3341,07/04/2021,Groww,FinTech,Investment platform,Bengaluru,"B Capital, Baron, MC Global Edtech",Series D,83000000.0,True,2021,3
3342,11/04/2021,AeroStack,SaaS & Enterprise Tech,MarTech,Chennai,"Accel, Tiger Global",Seed/Angel,127000.0,True,2021,2
3343,14/04/2021,Beldara,E-commerce,Global B2B marketplace,Mumbai,Hindustan Media Ventures,Venture Round,7400000.0,True,2021,1
3344,14/04/2021,Swiggy,Food & Beverage,Online Food Delivery,Bengaluru,"Amansa Holdings, Carmignac, Falcon Edge Capital, Goldman Sachs, Think Investments",Series J,343000000.0,True,2021,5
3345,16/04/2021,WorkFit,E-commerce,D2C,Kolkata,"Falcon Edge, Tiger Global",Series A,2620000.0,True,2021,2
3346,19/04/2021,SmartTech,E-commerce,Fashion,Noida,"Blume Ventures, Sequoia Capital",Series A,14492000.0,True,2021,2
3347,22/04/2021,LogiRise,SaaS & Enterprise Tech,Automation,Delhi,Sequoia Capital,Series B,47223000.0,True,2021,1
3348,23/04/2021,CureFit,AgriTech,Smart Farming,Pune,"IFC, Sequoia Capital",Seed/Angel,812000.0,True,2021,2
3349,25/04/2021,WorkFit,Logistics,Last Mile,Pune,"Mirae Asset, Ventures India",Pre-Seed,42000.0,True,2021,2
3350,27/04/2021,UrbanDrive,Food & Beverage,Grocery,Kolkata,"Elevation Capital, Kalaari Capital",Series A,10764000.0,True,2021,2
3351,28/04/2021,Nykaa,E-commerce,E-Retail,Hyderabad,"Blume Ventures, Falcon Edge",Series C,122297000.0,True,2021,2
3352,29/04/2021,Freshworks,AgriTech,Marketplace,Delhi,Tiger Global,Seed/Angel,12000.0,True,2021,1
3353,29/04/2021,ShareChat,E-commerce,Fashion,Mumbai,"Kalaari Capital, LCatterton",Series A,2940000.0,True,2021,2
3354,02/05/2021,UrbanSolutions,Media & Entertainment,Content,Mumbai,"Mirae Asset, Tiger Global",Seed/Angel,95000.0,True,2021,2
3355,05/05/2021,UrbanDrive,EdTech,UpSkilling,Mumbai,"LCatterton, Ventures India",Pre-Series A,753000.0,True,2021,2
3356,12/05/2021,NimbusWorks,Media & Entertainment,Social,Mumbai,"IFC, Peak XV Partners",Series B,8521000.0,True,2021,2
3357,13/05/2021,NextStack,E-commerce,D2C,Chennai,"IFC, Lightspeed India, Prosus Ventures",Series A,5288000.0,True,2021,3
3358,18/05/2021,GrowthConnect,Retail & Consumer Goods,Wearables,Bengaluru,"Falcon Edge, Tiger Global",Growth,419740000.0,True,2021,2
3359,19/05/2021,MediHive,AgriTech,Supply Chain,Chennai,"LCatterton, Prosus Ventures",Seed/Angel,23000.0,True,2021,2
3360,23/05/2021,Wakefit,Healthcare,Diagnostics,Kolkata,Matrix Partners India,Seed/Angel,133000.0,True,2021,1
3361,26/05/2021,MediHive,EdTech,Coding Bootcamp,Noida,Kedaara Capital,Series A,4568000.0,True,2021,1
3362,26/05/2021,Mobikwik,E-commerce,E-Retail,Pune,"Accel, Bessemer Venture Partners, IFC",Seed/Angel,84000.0,True,2021,3
3363,27/05/2021,DriveFit_560,Retail & Consumer Goods,Audio,Gurugram,"Nexus Venture Partners, Zodius Capital",Seed/Angel,41000.0,True,2021,2
3364,27/05/2021,HyperLoop,Retail & Consumer Goods,Audio,Delhi,Mirae Asset,Series C,103701000.0,True,2021,1
3365,27/05/2021,Oyo,Healthcare,Pharmacy,Mumbai,Y Combinator,Series B,50768000.0,True,2021,1
3366,31/05/2021,FoodFit,Mobility,Ride Sharing,Kolkata,Nexus Venture Partners,Seed/Angel,188000.0,True,2021,1
3367,01/06/2021,HealthAnalytics,Retail & Consumer Goods,Wearables,Delhi,"Accel, Tiger Global",Bridge,141000.0,True,2021,2
3368,01/06/2021,Zomato,Mobility,EV,Chennai,Falcon Edge,Series A,1949000.0,True,2021,1
3369,04/06/2021,MediWorks,AgriTech,Supply Chain,Gurugram,"Matrix Partners India, Sequoia Capital",Series A,4119000.0,True,2021,2
3370,08/06/2021,AutoMart,Media & Entertainment,Content,Chennai,Accel,Series B,25007000.0,True,2021,1
3371,12/06/2021,ShareChat,AgriTech,Smart Farming,Ahmedabad,"Prosus Ventures, Tiger Global, Zodius Capital",Series A,4680000.0,True,2021,3
3372,13/06/2021,NimbusLabs,Healthcare,Health Analytics,Gurugram,Elevation Capital,Pre-Series A,123000.0,True,2021,1
3373,15/06/2021,FarmTech,E-commerce,D2C,Pune,A91 Partners,Series A,4500000.0,True,2021,1
3374,16/06/2021,LogiMart,Food & Beverage,Grocery,Bengaluru,Sequoia Capital,Series B,28352000.0,True,2021,1
3375,18/06/2021,SkillSolutions,EdTech,Coding Bootcamp,Chennai,Kalaari Capital,Series A,2805000.0,True,2021,1
3376,20/06/2021,FinFoods,Food & Beverage,Cloud Kitchen,Bengaluru,Ribbit Capital,Seed/Angel,1461000.0,True,2021,1
3377,21/06/2021,LogiSense,Retail & Consumer Goods,Smart Home,Bengaluru,Kalaari Capital,Series A,2550000.0,True,2021,1
3378,25/06/2021,CoreSpace,FinTech,Payments,Chennai,"Kalaari Capital, Tiger Global, Y Combinator",Seed/Angel,888000.0,True,2021,3
3379,26/06/2021,Delhivery,SaaS & Enterprise Tech,MarTech,Kolkata,Tiger Global,Series A,4137000.0,True,2021,1
3380,26/06/2021,HealthWorks,SaaS & Enterprise Tech,B2B SaaS,Hyderabad,Info Edge (India),Bridge,145000.0,True,2021,1
3381,27/06/2021,DriveEdge,Real Estate,PropTech,Noida,Elevation Capital,Seed/Angel,239000.0,True,2021,1
3382,29/06/2021,PharmEasy,Healthcare,Telemedicine,Gurugram,"LCatterton, Zodius Capital",Series B,24655000.0,True,2021,2
3383,30/06/2021,Paytm,AgriTech,Marketplace,Hyderabad,Matrix Partners India,Seed/Angel,100000.0,True,2021,1
3384,01/07/2021,QuantumSolutions,Healthcare,Pharmacy,Hyderabad,"Prosus Ventures, Tiger Global",Seed/Angel,336000.0,True,2021,2
3385,04/07/2021,CureFit,Retail & Consumer Goods,Wearables,Hyderabad,"Tiger Global, Ventures India",Seed/Angel,653000.0,True,2021,2
3386,04/07/2021,Unacademy,E-commerce,Grocery,Pune,"Kedaara Capital, Lightspeed India, Ventures India",Series C,277385000.0,True,2021,3
3387,06/07/2021,Bounce,FinTech,WealthTech,Kolkata,Nexus Venture Partners,Pre-Series A,646000.0,True,2021,1
3388,09/07/2021,SkillFlow_602,Real Estate,PropTech,Mumbai,"IFC, Prosus Ventures",Pre-Series A,150000.0,True,2021,2
3389,10/07/2021,UrbanDrive,E-commerce,D2C,Pune,"Accel, IFC",Series B,59057000.0,True,2021,2
3390,11/07/2021,NextStack,E-commerce,Quick Commerce,Pune,"Kedaara Capital, Tiger Global",Series C,27387000.0,True,2021,2
3391,13/07/2021,GrowthFlow,Real Estate,Rental Tech,Hyderabad,"LCatterton, Ventures India, Y Combinator",Pre-Seed,20000.0,True,2021,3
3392,14/07/2021,FoodLoop,Real Estate,PropTech,Hyderabad,Sequoia Capital,Seed/Angel,436000.0,True,2021,1
3393,16/07/2021,EduMart_176,SaaS & Enterprise Tech,Security,Ahmedabad,"Peak XV Partners, Tiger Global",Debt,7325000.0,True,2021,2
3394,21/07/2021,NeoLabs,Real Estate,PropTech,Bengaluru,Tiger Global,Seed/Angel,57000.0,True,2021,1
3395,24/07/2021,AeroStack,EdTech,Coding Bootcamp,Delhi,"Matrix Partners India, Peak XV Partners",Pre-Series A,143000.0,True,2021,2
3396,30/07/2021,AeroAnalytics,E-commerce,Fashion,Hyderabad,"Y Combinator, Zodius Capital",Series A,4481000.0,True,2021,2
3397,31/07/2021,WorkPay_557,Mobility,Ride Sharing,Delhi,Nexus Venture Partners,Bridge,56000.0,True,2021,1
3398,01/08/2021,NextFlow,Food & Beverage,Cloud Kitchen,Noida,"A91 Partners, Kedaara Capital, LCatterton",Series B,67565000.0,True,2021,3
3399,02/08/2021,UrbanDrive,Real Estate,Home Services,Noida,Kalaari Capital,Seed/Angel,496000.0,True,2021,1
3400,03/08/2021,Razorpay,E-commerce,D2C,Kolkata,"Omidyar Network, SoftBank Vision Fund",Seed/Angel,98000.0,True,2021,2
3401,03/08/2021,SkillFlow,Mobility,Ride Sharing,Pune,"Mirae Asset, Prosus Ventures",Pre-Series A,132000.0,True,2021,2
3402,04/08/2021,FarmBox,E-commerce,Fashion,Delhi,"Prosus Ventures, Ribbit Capital",Series B,69429000.0,True,2021,2
3403,04/08/2021,HyperLoop,Food & Beverage,Food Delivery,Gurugram,"Nexus Venture Partners, Ribbit Capital",Seed/Angel,595000.0,True,2021,2
3404,06/08/2021,FarmBox,Healthcare,Telemedicine,Bengaluru,Info Edge (India),Series B,37933000.0,True,2021,1
3405,11/08/2021,NextSense,Retail & Consumer Goods,Wearables,Gurugram,Elevation Capital,Series C,150998000.0,True,2021,1
3406,14/08/2021,Udaan,AgriTech,Marketplace,Gurugram,Kalaari Capital,Pre-Series A,439000.0,True,2021,1
3407,17/08/2021,Chargebee,Retail & Consumer Goods,Audio,Ahmedabad,Sequoia Capital,Seed/Angel,122000.0,True,2021,1
3408,19/08/2021,BharatPe,SaaS & Enterprise Tech,DevTools,Pune,"Elevation Capital, Matrix Partners India, Ribbit Capital",Seed/Angel,596000.0,True,2021,3
3409,19/08/2021,Rapido,E-commerce,E-Retail,Delhi,"Info Edge (India), Ribbit Capital",Series A,1513000.0,True,2021,2
3410,20/08/2021,Housejoy,Real Estate,PropTech,Kolkata,"Kalaari Capital, Kedaara Capital",Seed/Angel,6000.0,True,2021,2
3411,23/08/2021,Delhivery,FinTech,Payments,Pune,Y Combinator,Series C,161346000.0,True,2021,1
3412,24/08/2021,FarmBox,SaaS & Enterprise Tech,Automation,Mumbai,"Lightspeed India, Nexus Venture Partners",Series B,12830000.0,True,2021,2
3413,26/08/2021,Paytm,E-commerce,Quick Commerce,Bengaluru,"Kalaari Capital, Ribbit Capital",Series A,4485000.0,True,2021,2
3414,28/08/2021,CoreConnect,Real Estate,PropTech,Bengaluru,LCatterton,Series B,14710000.0,True,2021,1
3415,28/08/2021,Myntra,EdTech,K12,Delhi,Falcon Edge,Seed/Angel,304000.0,True,2021,1
3416,04/09/2021,FarmTech,E-commerce,Fashion,Chennai,A91 Partners,Seed/Angel,46000.0,True,2021,1
3417,05/09/2021,NextStack,E-commerce,Marketplace,Chennai,"Bessemer Venture Partners, Y Combinator",Seed/Angel,318000.0,True,2021,2
3418,08/09/2021,AgriSense,E-commerce,Fashion,Ahmedabad,"A91 Partners, Bessemer Venture Partners",Series D,458292000.0,True,2021,2
3419,08/09/2021,CloudLabs,Food & Beverage,Grocery,Delhi,"A91 Partners, Sequoia Capital",Series A,1587000.0,True,2021,2
3420,09/09/2021,ClearDekho,FinTech,Lending,Kolkata,"Mirae Asset, Tiger Global",Series C,142371000.0,True,2021,2
3421,10/09/2021,Delhivery,Real Estate,Home Services,Hyderabad,Tiger Global,Series A,1071000.0,True,2021,1
3422,10/09/2021,NeoSense,EdTech,Test Prep,Kolkata,"Kalaari Capital, Nexus Venture Partners, Peak XV Partners",Seed/Angel,10000.0,True,2021,3
3423,12/09/2021,CRED,SaaS & Enterprise Tech,Security,Kolkata,Matrix Partners India,Seed/Angel,174000.0,True,2021,1
3424,17/09/2021,QuantumAnalytics,Retail & Consumer Goods,Wearables,Ahmedabad,"Omidyar Network, Ribbit Capital",Debt,14625000.0,True,2021,2
3425,26/09/2021,GrowthCare,Food & Beverage,Cloud Kitchen,Delhi,"Prosus Ventures, Zodius Capital",Growth,382414000.0,True,2021,2
3426,01/10/2021,DriveFit,AgriTech,Marketplace,Kolkata,Zodius Capital,Series A,1413000.0,True,2021,1
3427,01/10/2021,Oyo,Media & Entertainment,Social,Kolkata,"A91 Partners, Kalaari Capital, Ventures India",Series A,10610000.0,True,2021,3
3428,03/10/2021,CureFit,Real Estate,Home Services,Noida,Kalaari Capital,Bridge,189000.0,True,2021,1
3429,03/10/2021,Inmobi,Media & Entertainment,Content,Pune,Info Edge (India),Series C,145412000.0,True,2021,1
3430,03/10/2021,Oyo,Mobility,EV,Chennai,Kalaari Capital,Series B,65083000.0,True,2021,1
3431,04/10/2021,HomeMart_208,Media & Entertainment,Social,Gurugram,"Nexus Venture Partners, Prosus Ventures",Pre-Seed,20000.0,True,2021,2
3432,13/10/2021,HealthAnalytics,EdTech,Coding Bootcamp,Ahmedabad,"A91 Partners, Y Combinator",Pre-Series A,193000.0,True,2021,2
3433,14/10/2021,BharatPe,Retail & Consumer Goods,Audio,Bengaluru,Peak XV Partners,Seed/Angel,621000.0,True,2021,1
3434,16/10/2021,Dunzo,Media & Entertainment,Content,Gurugram,"Accel, Nexus Venture Partners",Seed/Angel,78000.0,True,2021,2
3435,21/10/2021,AgriHive,Mobility,Micro Mobility,Chennai,Tiger Global,Series A,5621000.0,True,2021,1
3436,23/10/2021,AutoFlow_933,Food & Beverage,Grocery,Bengaluru,"Kalaari Capital, Zodius Capital",Series D,167749000.0,True,2021,2
3437,24/10/2021,BlueTech,Media & Entertainment,Streaming,Delhi,"Info Edge (India), Sequoia Capital",Pre-Series A,235000.0,True,2021,2
3438,24/10/2021,NeoSense,Food & Beverage,Grocery,Chennai,"A91 Partners, Matrix Partners India",Series C,75927000.0,True,2021,2
3439,25/10/2021,NimbusMart,E-commerce,D2C,Delhi,Y Combinator,Pre-Series A,356000.0,True,2021,1
3440,26/10/2021,UrbanSolutions,SaaS & Enterprise Tech,DevTools,Pune,"IFC, Omidyar Network",Seed/Angel,233000.0,True,2021,2
3441,28/10/2021,Lenskart,FinTech,Payments,Pune,"IFC, Mirae Asset",Growth,197383000.0,True,2021,2
3442,29/10/2021,Byju's,AgriTech,Supply Chain,Noida,Info Edge (India),Seed/Angel,1040000.0,True,2021,1
3443,30/10/2021,NeoTech,Logistics,Fleet Management,Hyderabad,"A91 Partners, Kedaara Capital",Series B,26948000.0,True,2021,2
3444,01/11/2021,DriveLoop,Retail & Consumer Goods,Audio,Bengaluru,Info Edge (India),Seed/Angel,158000.0,True,2021,1
3445,06/11/2021,Freshworks,SaaS & Enterprise Tech,HRTech,Mumbai,"Elevation Capital, Kedaara Capital",Series D,59295000.0,True,2021,2
3446,07/11/2021,SkillRise,Healthcare,Health Analytics,Gurugram,"Accel, Info Edge (India), Y Combinator",Seed/Angel,1535000.0,True,2021,3
3447,07/11/2021,Zepto,Real Estate,PropTech,Bengaluru,"Mirae Asset, Nexus Venture Partners, Prosus Ventures",Seed/Angel,166000.0,True,2021,3
3448,08/11/2021,AeroHub,Media & Entertainment,Social,Mumbai,"Mirae Asset, Tiger Global",Pre-Series A,313000.0,True,2021,2
3449,09/11/2021,DataHive,Retail & Consumer Goods,Smart Home,Kolkata,"A91 Partners, SoftBank Vision Fund",Series A,5042000.0,True,2021,2
3450,09/11/2021,HomeAnalytics,Media & Entertainment,Content,Chennai,Matrix Partners India,Series C,47487000.0,True,2021,1
3451,09/11/2021,SkillRise,Logistics,Last Mile,Gurugram,Matrix Partners India,Series D,246176000.0,True,2021,1
3452,10/11/2021,DriveEdge,E-commerce,Marketplace,Bengaluru,Accel,Series A,11170000.0,True,2021,1
3453,10/11/2021,WorkPay,FinTech,Lending,Noida,IFC,Bridge,285000.0,True,2021,1
3454,14/11/2021,Freshworks,E-commerce,D2C,Mumbai,Nexus Venture Partners,Pre-Series A,972000.0,True,2021,1
3455,16/11/2021,CRED,Mobility,Micro Mobility,Gurugram,A91 Partners,Seed/Angel,1017000.0,True,2021,1
3456,21/11/2021,MediHive,Mobility,EV,Kolkata,"Info Edge (India), Y Combinator",Series A,1105000.0,True,2021,2
3457,22/11/2021,Cars24,Retail & Consumer Goods,Smart Home,Noida,"LCatterton, Tiger Global",Series A,7671000.0,True,2021,2
3458,28/11/2021,Udaan,E-commerce,Fashion,Gurugram,"Peak XV Partners, Ventures India",Series D,252031000.0,True,2021,2
3459,28/11/2021,WorkStack,EdTech,Test Prep,Kolkata,Zodius Capital,Seed/Angel,77000.0,True,2021,1
3460,03/12/2021,CoreConnect,FinTech,NeoBank,Ahmedabad,"Kedaara Capital, Prosus Ventures, Ribbit Capital",Series C,20596000.0,True,2021,3
3461,04/12/2021,CloudPay,Retail & Consumer Goods,Wearables,Noida,"A91 Partners, Peak XV Partners",Seed/Angel,477000.0,True,2021,2
3462,06/12/2021,Flipkart,Food & Beverage,Food Delivery,Pune,"Bessemer Venture Partners, Prosus Ventures",Seed/Angel,587000.0,True,2021,2
3463,07/12/2021,UrbanSolutions,EdTech,Coding Bootcamp,Pune,"Bessemer Venture Partners, LCatterton",Series C,24686000.0,True,2021,2
3464,08/12/2021,NextStack,Food & Beverage,Food Delivery,Bengaluru,"Falcon Edge, Mirae Asset",Seed/Angel,201000.0,True,2021,2
3465,12/12/2021,SkillFlow_806,E-commerce,Fashion,Kolkata,Ribbit Capital,Pre-Series A,860000.0,True,2021,1
3466,15/12/2021,Cleartax,AgriTech,Supply Chain,Delhi,"Omidyar Network, Ribbit Capital, Ventures India",Series D,248669000.0,True,2021,3
3467,22/12/2021,Zomato,E-commerce,Fashion,Pune,"Ribbit Capital, SoftBank Vision Fund",Seed/Angel,442000.0,True,2021,2
3468,23/12/2021,Dunzo,Mobility,Ride Sharing,Kolkata,"Y Combinator, Zodius Capital",Series B,10531000.0,True,2021,2
3469,24/12/2021,MediWorks,Healthcare,Telemedicine,Hyderabad,"Falcon Edge, Kalaari Capital, Omidyar Network",Series C,30056000.0,True,2021,3
3470,28/12/2021,Flipkart,E-commerce,Fashion,Ahmedabad,Omidyar Network,Series C,163351000.0,True,2021,1
3471,03/01/2022,DailyHunt,Media & Entertainment,Social,Bengaluru,"LCatterton, Mirae Asset, Nexus Venture Partners",Series B,61332000.0,True,2022,3
3472,09/01/2022,LogiMart,Mobility,Micro Mobility,Gurugram,"Accel, Kedaara Capital",Series C,44238000.0,True,2022,2
3473,14/01/2022,FreshBox,AgriTech,Marketplace,Kolkata,"Accel, Info Edge (India), Prosus Ventures",Series B,69115000.0,True,2022,3
3474,16/01/2022,BigBasket,Media & Entertainment,Streaming,Delhi,Peak XV Partners,Series A,11477000.0,True,2022,1
3475,16/01/2022,DriveEdge,Media & Entertainment,Streaming,Bengaluru,Nexus Venture Partners,Series A,14397000.0,True,2022,1
3476,17/01/2022,HealthWorks,EdTech,Coding Bootcamp,Chennai,"Nexus Venture Partners, Peak XV Partners, Prosus Ventures",Seed/Angel,485000.0,True,2022,3
3477,18/01/2022,DriveLoop,Logistics,Supply Chain,Noida,"Elevation Capital, Prosus Ventures",Pre-Series A,262000.0,True,2022,2
3478,18/01/2022,FreshToHome,Food & Beverage,Food Delivery,Kolkata,Blume Ventures,Series A,2894000.0,True,2022,1
3479,20/01/2022,LogiSense,FinTech,NeoBank,Noida,"IFC, Ribbit Capital, Sequoia Capital",Seed/Angel,920000.0,True,2022,3
3480,23/01/2022,LogiMart,E-commerce,E-Retail,Pune,Sequoia Capital,Series A,1013000.0,True,2022,1
3481,26/01/2022,Nykaa,E-commerce,Grocery,Chennai,"Elevation Capital, Falcon Edge",Seed/Angel,55000.0,True,2022,2
3482,28/01/2022,EduTech,E-commerce,Fashion,Bengaluru,Info Edge (India),Seed/Angel,369000.0,True,2022,1
3483,28/01/2022,HyperLabs,SaaS & Enterprise Tech,HRTech,Chennai,"A91 Partners, SoftBank Vision Fund",Seed/Angel,175000.0,True,2022,2
3484,04/02/2022,FreshToHome,SaaS & Enterprise Tech,Automation,Pune,"Accel, Kalaari Capital, Peak XV Partners",Bridge,208000.0,True,2022,3
3485,04/02/2022,Rapido,SaaS & Enterprise Tech,HRTech,Hyderabad,"Accel, LCatterton, Mirae Asset",Series A,14442000.0,True,2022,3
3486,06/02/2022,SkillSolutions,Logistics,Fleet Management,Bengaluru,"Info Edge (India), Peak XV Partners, SoftBank Vision Fund",Series A,8795000.0,True,2022,3
3487,09/02/2022,GreenMart,E-commerce,Fashion,Kolkata,"Info Edge (India), Sequoia Capital",Seed/Angel,53000.0,True,2022,2
3488,10/02/2022,BigBasket,Media & Entertainment,Streaming,Hyderabad,Info Edge (India),Pre-Series A,320000.0,True,2022,1
3489,14/02/2022,DataHive,SaaS & Enterprise Tech,Analytics,Pune,"Tiger Global, Y Combinator",Series B,26119000.0,True,2022,2
3490,15/02/2022,DataAnalytics,Retail & Consumer Goods,Smart Home,Noida,Matrix Partners India,Pre-Series A,106000.0,True,2022,1
3491,17/02/2022,Lenskart,Mobility,Micro Mobility,Ahmedabad,Zodius Capital,Series C,120606000.0,True,2022,1
3492,18/02/2022,PhonePe,Logistics,Fleet Management,Chennai,"Accel, Tiger Global",Seed/Angel,69000.0,True,2022,2
3493,19/02/2022,Myntra,E-commerce,Fashion,Kolkata,"Elevation Capital, Ribbit Capital",Private Equity,403808000.0,True,2022,2
3494,20/02/2022,Udaan,Real Estate,PropTech,Gurugram,"Info Edge (India), SoftBank Vision Fund",Series A,9971000.0,True,2022,2
3495,26/02/2022,GreenMart,Real Estate,PropTech,Gurugram,Ribbit Capital,Seed/Angel,171000.0,True,2022,1
3496,03/03/2022,QuantumSolutions,E-commerce,Quick Commerce,Delhi,"Bessemer Venture Partners, Nexus Venture Partners",Series A,2518000.0,True,2022,2
3497,11/03/2022,FreshBox,E-commerce,Fashion,Ahmedabad,"Kalaari Capital, Lightspeed India",Series A,5010000.0,True,2022,2
3498,19/03/2022,FarmFit_840,Mobility,Micro Mobility,Chennai,"A91 Partners, Tiger Global, Y Combinator",Seed/Angel,52000.0,True,2022,3
3499,23/03/2022,Cars24,Healthcare,Health Analytics,Noida,Falcon Edge,Series A,5362000.0,True,2022,1
3500,24/03/2022,FreshSolutions,Real Estate,Home Services,Mumbai,Accel,Seed/Angel,187000.0,True,2022,1
3501,24/03/2022,NoBroker,Food & Beverage,Cloud Kitchen,Bengaluru,"Blume Ventures, Ventures India",Debt,19590000.0,True,2022,2
3502,24/03/2022,Swiggy,SaaS & Enterprise Tech,B2B SaaS,Mumbai,"Elevation Capital, SoftBank Vision Fund",Pre-Series A,191000.0,True,2022,2
3503,25/03/2022,Cars24,E-commerce,Fashion,Mumbai,"Mirae Asset, Prosus Ventures",Seed/Angel,141000.0,True,2022,2
3504,25/03/2022,Dunzo,Retail & Consumer Goods,Wearables,Pune,"Accel, Prosus Ventures, SoftBank Vision Fund",Series A,6900000.0,True,2022,3
3505,27/03/2022,CureFit,E-commerce,E-Retail,Bengaluru,"Elevation Capital, Ventures India",Seed/Angel,412000.0,True,2022,2
3506,27/03/2022,GreenEdge,EdTech,Coding Bootcamp,Pune,"Kedaara Capital, SoftBank Vision Fund",Series C,47319000.0,True,2022,2
3507,31/03/2022,AeroStack,Real Estate,PropTech,Hyderabad,"Kalaari Capital, Ribbit Capital",Series A,2623000.0,True,2022,2
3508,31/03/2022,FinSense,FinTech,Lending,Delhi,Prosus Ventures,Seed/Angel,1178000.0,True,2022,1
3509,02/04/2022,BlueSpace,SaaS & Enterprise Tech,DevTools,Gurugram,Tiger Global,Series A,1549000.0,True,2022,1
3510,03/04/2022,Meesho,E-commerce,D2C,Pune,"Info Edge (India), Kalaari Capital, SoftBank Vision Fund",Seed/Angel,1665000.0,True,2022,3
3511,09/04/2022,HyperLabs,AgriTech,Smart Farming,Chennai,Tiger Global,Seed/Angel,339000.0,True,2022,1
3512,09/04/2022,Porter,FinTech,Lending,Kolkata,"Mirae Asset, Omidyar Network, Tiger Global",Series A,2960000.0,True,2022,3
3513,11/04/2022,SmartMart,E-commerce,Fashion,Delhi,Omidyar Network,Seed/Angel,120000.0,True,2022,1
3514,12/04/2022,SkillSolutions,Mobility,Ride Sharing,Mumbai,"A91 Partners, Matrix Partners India",Seed/Angel,103000.0,True,2022,2
3515,16/04/2022,UrbanDrive,Healthcare,Diagnostics,Gurugram,Peak XV Partners,Seed/Angel,1494000.0,True,2022,1
3516,18/04/2022,DriveEdge,E-commerce,D2C,Gurugram,"A91 Partners, Peak XV Partners",Bridge,1129000.0,True,2022,2
3517,22/04/2022,Cars24,Real Estate,PropTech,Gurugram,"Nexus Venture Partners, Y Combinator",Seed/Angel,18000.0,True,2022,2
3518,23/04/2022,EduTech,FinTech,Lending,Pune,"IFC, Matrix Partners India, Zodius Capital",Series C,53939000.0,True,2022,3
3519,23/04/2022,FarmBox,EdTech,K12,Hyderabad,Peak XV Partners,Series A,12394000.0,True,2022,1
3520,23/04/2022,FinFoods_744,SaaS & Enterprise Tech,Analytics,Noida,"Ribbit Capital, SoftBank Vision Fund",Series B,9519000.0,True,2022,2
3521,23/04/2022,SmartCare_770,Mobility,EV,Pune,LCatterton,Series C,26986000.0,True,2022,1
3522,26/04/2022,CoreSpace,Mobility,Ride Sharing,Chennai,IFC,Series A,13122000.0,True,2022,1
3523,27/04/2022,LogiRise,Mobility,EV,Kolkata,"A91 Partners, Falcon Edge, Tiger Global",Series C,35458000.0,True,2022,3
3524,28/04/2022,Ola,Logistics,Last Mile,Chennai,Zodius Capital,Series B,59611000.0,True,2022,1
3525,29/04/2022,GrowthFlow,E-commerce,E-Retail,Gurugram,"Tiger Global, Y Combinator",Series C,41465000.0,True,2022,2
3526,01/05/2022,DriveEdge,Healthcare,Telemedicine,Delhi,"Kedaara Capital, LCatterton",Series B,6246000.0,True,2022,2
3527,02/05/2022,NimbusLabs_243,SaaS & Enterprise Tech,MarTech,Noida,"Nexus Venture Partners, Y Combinator",Seed/Angel,196000.0,True,2022,2
3528,03/05/2022,HomeFoods,Media & Entertainment,Content,Pune,"Blume Ventures, Ribbit Capital",Seed/Angel,877000.0,True,2022,2
3529,05/05/2022,NeoLabs_904,Mobility,EV,Mumbai,A91 Partners,Growth,152047000.0,True,2022,1
3530,07/05/2022,DailyHunt,Retail & Consumer Goods,Wearables,Chennai,Zodius Capital,Series A,7866000.0,True,2022,1
3531,08/05/2022,FoodSolutions,EdTech,Test Prep,Bengaluru,"IFC, Ventures India",Series C,114859000.0,True,2022,2
3532,09/05/2022,CloudLabs,AgriTech,Marketplace,Noida,SoftBank Vision Fund,Series A,1121000.0,True,2022,1
3533,09/05/2022,LogiRise,FinTech,NeoBank,Ahmedabad,Kalaari Capital,Series A,1617000.0,True,2022,1
3534,10/05/2022,DataAnalytics,Real Estate,Rental Tech,Delhi,"Sequoia Capital, Ventures India",Series A,3902000.0,True,2022,2
3535,12/05/2022,GrowthConnect,SaaS & Enterprise Tech,Security,Ahmedabad,Sequoia Capital,Series A,1511000.0,True,2022,1
3536,12/05/2022,PhonePe,Healthcare,Pharmacy,Bengaluru,"Accel, Tiger Global",Seed/Angel,100000.0,True,2022,2
3537,15/05/2022,DailyHunt,Food & Beverage,Food Delivery,Hyderabad,Omidyar Network,Series A,1648000.0,True,2022,1
3538,15/05/2022,ShareChat,Food & Beverage,Food Delivery,Delhi,"Info Edge (India), Omidyar Network",Series A,14507000.0,True,2022,2
3539,15/05/2022,SkillRise,SaaS & Enterprise Tech,Automation,Hyderabad,Falcon Edge,Growth,183477000.0,True,2022,1
3540,18/05/2022,FinSpace,AgriTech,Smart Farming,Pune,Kalaari Capital,Seed/Angel,853000.0,True,2022,1
3541,19/05/2022,BlueRise,AgriTech,Smart Farming,Mumbai,"Mirae Asset, Ventures India",Seed/Angel,275000.0,True,2022,2
3542,20/05/2022,BigBasket,Healthcare,Diagnostics,Delhi,"Accel, Sequoia Capital, Ventures India",Debt,254000.0,True,2022,3
3543,20/05/2022,Razorpay,E-commerce,Fashion,Kolkata,Ventures India,Series A,4324000.0,True,2022,1
3544,21/05/2022,MediSpace,Real Estate,Home Services,Pune,"Prosus Ventures, Ventures India",Seed/Angel,56000.0,True,2022,2
3545,25/05/2022,HyperLoop,E-commerce,Grocery,Bengaluru,Ventures India,Series C,257828000.0,True,2022,1
3546,26/05/2022,Ola,EdTech,Coding Bootcamp,Hyderabad,IFC,Debt,28306000.0,True,2022,1
3547,27/05/2022,Housejoy,E-commerce,Fashion,Bengaluru,"Falcon Edge, SoftBank Vision Fund, Y Combinator",Seed/Angel,1600000.0,True,2022,3
3548,27/05/2022,NoBroker,Media & Entertainment,Streaming,Mumbai,A91 Partners,Pre-Series A,557000.0,True,2022,1
3549,27/05/2022,UrbanStack,AgriTech,Supply Chain,Hyderabad,Ribbit Capital,Seed/Angel,745000.0,True,2022,1
3550,28/05/2022,MediSpace,Logistics,Supply Chain,Kolkata,Ribbit Capital,Seed/Angel,182000.0,True,2022,1
3551,28/05/2022,WorkPay,Mobility,EV,Gurugram,LCatterton,Seed/Angel,97000.0,True,2022,1
3552,29/05/2022,FinSense,AgriTech,Marketplace,Chennai,Bessemer Venture Partners,Pre-Series A,518000.0,True,2022,1
3553,30/05/2022,CloudPay,Logistics,Fleet Management,Noida,Prosus Ventures,Seed/Angel,6000.0,True,2022,1
3554,30/05/2022,WorkPay,SaaS & Enterprise Tech,Security,Ahmedabad,Tiger Global,Series A,5243000.0,True,2022,1
3555,31/05/2022,AutoMart,AgriTech,Smart Farming,Pune,"Nexus Venture Partners, SoftBank Vision Fund, Tiger Global",Series A,5813000.0,True,2022,3
3556,03/06/2022,Byju's,Real Estate,Rental Tech,Mumbai,Omidyar Network,Pre-Seed,164000.0,True,2022,1
3557,06/06/2022,FreshBox,Retail & Consumer Goods,Audio,Delhi,"Kalaari Capital, Prosus Ventures, Sequoia Capital",Seed/Angel,8000.0,True,2022,3
3558,08/06/2022,Innovaccer,E-commerce,Fashion,Pune,"Info Edge (India), SoftBank Vision Fund, Tiger Global",Series A,1104000.0,True,2022,3
3559,08/06/2022,QuantumAnalytics_589,FinTech,WealthTech,Pune,"Nexus Venture Partners, Peak XV Partners",Growth,74657000.0,True,2022,2
3560,08/06/2022,Swiggy,Healthcare,Pharmacy,Bengaluru,Kedaara Capital,Seed/Angel,333000.0,True,2022,1
3561,13/06/2022,Oyo,SaaS & Enterprise Tech,DevTools,Delhi,"Blume Ventures, Peak XV Partners, Ribbit Capital",Series B,71839000.0,True,2022,3
3562,14/06/2022,BharatPe,Logistics,Supply Chain,Noida,Peak XV Partners,Seed/Angel,734000.0,True,2022,1
3563,16/06/2022,DataHive,EdTech,Coding Bootcamp,Pune,"Elevation Capital, Kedaara Capital, SoftBank Vision Fund",Series A,2173000.0,True,2022,3
3564,18/06/2022,Mobikwik,SaaS & Enterprise Tech,DevTools,Mumbai,"Sequoia Capital, Ventures India",Series D,63545000.0,True,2022,2
3565,18/06/2022,SmartTech,AgriTech,Supply Chain,Delhi,Lightspeed India,Series B,47312000.0,True,2022,1
3566,20/06/2022,Licious,FinTech,NeoBank,Mumbai,Ribbit Capital,Seed/Angel,1459000.0,True,2022,1
3567,21/06/2022,Wakefit,Real Estate,Rental Tech,Bengaluru,Omidyar Network,Seed/Angel,159000.0,True,2022,1
3568,23/06/2022,FreshTech,Retail & Consumer Goods,Smart Home,Gurugram,Y Combinator,Series C,81807000.0,True,2022,1
3569,23/06/2022,Inmobi,Logistics,Fleet Management,Noida,Tiger Global,Seed/Angel,242000.0,True,2022,1
3570,23/06/2022,NimbusLabs,AgriTech,Marketplace,Kolkata,Omidyar Network,Series A,1104000.0,True,2022,1
3571,24/06/2022,GreenConnect,Logistics,Fleet Management,Mumbai,"Lightspeed India, Matrix Partners India, Mirae Asset",Seed/Angel,692000.0,True,2022,3
3572,29/06/2022,NeoLabs,Logistics,Last Mile,Pune,IFC,Seed/Angel,91000.0,True,2022,1
3573,30/06/2022,NeoSense,Real Estate,Rental Tech,Noida,"Elevation Capital, Nexus Venture Partners",Series D,396775000.0,True,2022,2
3574,01/07/2022,LogiSense,E-commerce,D2C,Noida,"A91 Partners, Mirae Asset",Seed/Angel,101000.0,True,2022,2
3575,02/07/2022,NoBroker,SaaS & Enterprise Tech,DevTools,Delhi,Sequoia Capital,Seed/Angel,65000.0,True,2022,1
3576,05/07/2022,UrbanSolutions,Media & Entertainment,Content,Pune,Sequoia Capital,Bridge,168000.0,True,2022,1
3577,07/07/2022,BlueRise,Healthcare,Diagnostics,Hyderabad,"IFC, Lightspeed India, Mirae Asset",Seed/Angel,113000.0,True,2022,3
3578,11/07/2022,AutoMart,SaaS & Enterprise Tech,B2B SaaS,Hyderabad,"A91 Partners, Lightspeed India",Series C,52945000.0,True,2022,2
3579,11/07/2022,FinFoods,Retail & Consumer Goods,Smart Home,Delhi,Zodius Capital,Bridge,474000.0,True,2022,1
3580,11/07/2022,FinSpace,AgriTech,Supply Chain,Gurugram,Ribbit Capital,Seed/Angel,432000.0,True,2022,1
3581,11/07/2022,Ola,E-commerce,Grocery,Ahmedabad,"Blume Ventures, IFC",Series A,5333000.0,True,2022,2
3582,14/07/2022,NeoTech,Mobility,Micro Mobility,Noida,"Prosus Ventures, Y Combinator",Seed/Angel,20000.0,True,2022,2
3583,23/07/2022,NimbusWorks,Healthcare,Telemedicine,Chennai,Zodius Capital,Pre-Series A,126000.0,True,2022,1
3584,26/07/2022,Nykaa,Media & Entertainment,Social,Ahmedabad,Info Edge (India),Pre-Series A,611000.0,True,2022,1
3585,27/07/2022,Myntra,SaaS & Enterprise Tech,B2B SaaS,Mumbai,"Prosus Ventures, Tiger Global, Y Combinator",Series B,16887000.0,True,2022,3
3586,28/07/2022,SkillRise,E-commerce,Fashion,Ahmedabad,"Blume Ventures, IFC, Prosus Ventures",Pre-Series A,288000.0,True,2022,3
3587,04/08/2022,CoreConnect,Mobility,Micro Mobility,Noida,Bessemer Venture Partners,Seed/Angel,320000.0,True,2022,1
3588,06/08/2022,HyperLabs,Mobility,EV,Gurugram,IFC,Series A,1131000.0,True,2022,1
3589,08/08/2022,MediSpace,Media & Entertainment,Social,Pune,"Accel, Info Edge (India)",Series B,45874000.0,True,2022,2
3590,09/08/2022,ClearDekho,Food & Beverage,Cloud Kitchen,Hyderabad,"Kalaari Capital, Mirae Asset",Seed/Angel,148000.0,True,2022,2
3591,09/08/2022,SmartMart_37,EdTech,Test Prep,Kolkata,"A91 Partners, Falcon Edge, SoftBank Vision Fund",Seed/Angel,72000.0,True,2022,3
3592,10/08/2022,MediWorks,Real Estate,PropTech,Ahmedabad,"Matrix Partners India, Omidyar Network, Y Combinator",Bridge,99000.0,True,2022,3
3593,10/08/2022,SmartTech,E-commerce,Fashion,Ahmedabad,"Info Edge (India), Lightspeed India",Series B,5988000.0,True,2022,2
3594,11/08/2022,ShareChat,Media & Entertainment,Social,Bengaluru,Blume Ventures,Series B,74232000.0,True,2022,1
3595,18/08/2022,FinSense_162,SaaS & Enterprise Tech,Security,Delhi,"LCatterton, Omidyar Network",Series C,111204000.0,True,2022,2
3596,18/08/2022,LogiMart,Real Estate,Rental Tech,Kolkata,IFC,Seed/Angel,190000.0,True,2022,1
3597,21/08/2022,WorkPay,FinTech,InsurTech,Bengaluru,"Falcon Edge, Sequoia Capital, Ventures India",Pre-Seed,29000.0,True,2022,3
3598,22/08/2022,FreshTech,SaaS & Enterprise Tech,MarTech,Bengaluru,"Accel, Tiger Global, Y Combinator",Seed/Angel,246000.0,True,2022,3
3599,22/08/2022,QuantumAnalytics,E-commerce,Grocery,Noida,Nexus Venture Partners,Seed/Angel,356000.0,True,2022,1
3600,23/08/2022,Porter,Healthcare,Diagnostics,Kolkata,IFC,Bridge,1201000.0,True,2022,1
3601,24/08/2022,GrowthFlow,EdTech,Test Prep,Hyderabad,"Omidyar Network, Y Combinator",Seed/Angel,1604000.0,True,2022,2
3602,26/08/2022,FoodSolutions,Logistics,Supply Chain,Kolkata,Blume Ventures,Series A,8890000.0,True,2022,1
3603,26/08/2022,MediWorks,EdTech,Coding Bootcamp,Bengaluru,"LCatterton, Tiger Global, Y Combinator",Seed/Angel,1319000.0,True,2022,3
3604,28/08/2022,DriveLoop,Healthcare,Telemedicine,Mumbai,Peak XV Partners,Pre-Series A,585000.0,True,2022,1
3605,07/09/2022,Oyo,Retail & Consumer Goods,Smart Home,Bengaluru,"Accel, Info Edge (India)",Seed/Angel,366000.0,True,2022,2
3606,11/09/2022,BigBasket,Retail & Consumer Goods,Wearables,Chennai,SoftBank Vision Fund,Series A,6758000.0,True,2022,1
3607,14/09/2022,FreshTech,AgriTech,Marketplace,Gurugram,IFC,Seed/Angel,1022000.0,True,2022,1
3608,18/09/2022,CoreConnect,E-commerce,Quick Commerce,Delhi,"Lightspeed India, Omidyar Network",Series A,5554000.0,True,2022,2
3609,18/09/2022,GrowthCare,Media & Entertainment,Social,Ahmedabad,"Elevation Capital, Kedaara Capital, Nexus Venture Partners",Seed/Angel,1886000.0,True,2022,3
3610,19/09/2022,NeoLabs,Food & Beverage,Cloud Kitchen,Delhi,"Falcon Edge, Info Edge (India), Tiger Global",Series A,1261000.0,True,2022,3
3611,22/09/2022,Housejoy,SaaS & Enterprise Tech,HRTech,Pune,Bessemer Venture Partners,Seed/Angel,98000.0,True,2022,1
3612,24/09/2022,CRED,Logistics,Last Mile,Gurugram,Y Combinator,Series B,28486000.0,True,2022,1
3613,24/09/2022,FreshBox,Retail & Consumer Goods,Wearables,Pune,"Accel, Ribbit Capital",Series C,42802000.0,True,2022,2
3614,25/09/2022,GreenConnect,Retail & Consumer Goods,Wearables,Bengaluru,Tiger Global,Seed/Angel,100000.0,True,2022,1
3615,26/09/2022,Cleartax,SaaS & Enterprise Tech,Automation,Delhi,LCatterton,Series A,1218000.0,True,2022,1
3616,26/09/2022,DriveEdge,Healthcare,Diagnostics,Kolkata,"Lightspeed India, Ribbit Capital",Series A,11342000.0,True,2022,2
3617,29/09/2022,HealthAnalytics,SaaS & Enterprise Tech,Automation,Ahmedabad,Info Edge (India),Debt,9315000.0,True,2022,1
3618,01/10/2022,SmartCare,EdTech,Coding Bootcamp,Noida,Accel,Seed/Angel,271000.0,True,2022,1
3619,02/10/2022,CoreConnect,E-commerce,Fashion,Delhi,"LCatterton, Ventures India",Seed/Angel,107000.0,True,2022,2
3620,03/10/2022,FarmBox,SaaS & Enterprise Tech,DevTools,Bengaluru,"Accel, Info Edge (India), Prosus Ventures",Debt,3755000.0,True,2022,3
3621,05/10/2022,Razorpay,SaaS & Enterprise Tech,Security,Pune,"IFC, Mirae Asset",Series A,9037000.0,True,2022,2
3622,13/10/2022,CloudPay,Food & Beverage,Food Delivery,Delhi,Prosus Ventures,Pre-Seed,154000.0,True,2022,1
3623,15/10/2022,BlueSpace,Retail & Consumer Goods,Wearables,Chennai,Elevation Capital,Pre-Series A,524000.0,True,2022,1
3624,15/10/2022,FoodFit,Food & Beverage,Food Delivery,Delhi,Peak XV Partners,Series A,1847000.0,True,2022,1
3625,15/10/2022,NextSense,Mobility,EV,Kolkata,Accel,Growth,533548000.0,True,2022,1
3626,15/10/2022,QuantumSolutions,Retail & Consumer Goods,Audio,Mumbai,Ribbit Capital,Seed/Angel,88000.0,True,2022,1
3627,15/10/2022,Unacademy,SaaS & Enterprise Tech,Security,Kolkata,"Accel, Kalaari Capital, Ribbit Capital",Seed/Angel,199000.0,True,2022,3
3628,16/10/2022,LogiSense,FinTech,NeoBank,Hyderabad,"A91 Partners, Sequoia Capital",Pre-Seed,112000.0,True,2022,2
3629,20/10/2022,Dunzo,Retail & Consumer Goods,Wearables,Noida,Blume Ventures,Pre-Series A,111000.0,True,2022,1
3630,21/10/2022,FreshSolutions,Food & Beverage,Food Delivery,Mumbai,Bessemer Venture Partners,Series D,290119000.0,True,2022,1
3631,21/10/2022,Inmobi,Media & Entertainment,Content,Chennai,"Accel, Mirae Asset",Bridge,1012000.0,True,2022,2
3632,22/10/2022,HyperLabs,AgriTech,Marketplace,Mumbai,"A91 Partners, Kedaara Capital",Seed/Angel,78000.0,True,2022,2
3633,25/10/2022,HomeAnalytics,SaaS & Enterprise Tech,B2B SaaS,Chennai,Matrix Partners India,Seed/Angel,194000.0,True,2022,1
3634,26/10/2022,Practo,Media & Entertainment,Streaming,Gurugram,"Omidyar Network, SoftBank Vision Fund, Y Combinator",Seed/Angel,469000.0,True,2022,3
3635,04/11/2022,FoodLoop,AgriTech,Marketplace,Hyderabad,"Falcon Edge, Kedaara Capital",Series A,5167000.0,True,2022,2
3636,05/11/2022,CRED,Logistics,Supply Chain,Pune,Zodius Capital,Seed/Angel,13000.0,True,2022,1
3637,05/11/2022,Oyo,E-commerce,Grocery,Ahmedabad,SoftBank Vision Fund,Seed/Angel,152000.0,True,2022,1
3638,05/11/2022,ShareChat,E-commerce,Grocery,Noida,"IFC, Sequoia Capital",Series A,1657000.0,True,2022,2
3639,07/11/2022,HealthRise,E-commerce,Fashion,Ahmedabad,"Ribbit Capital, Ventures India",Seed/Angel,463000.0,True,2022,2
3640,07/11/2022,NextSense,Media & Entertainment,Streaming,Delhi,Nexus Venture Partners,Series C,215209000.0,True,2022,1
3641,08/11/2022,Zomato,AgriTech,Marketplace,Mumbai,Tiger Global,Seed/Angel,58000.0,True,2022,1
3642,09/11/2022,GrowthFlow,Real Estate,Home Services,Gurugram,Ventures India,Series A,2134000.0,True,2022,1
3643,11/11/2022,DriveEdge,SaaS & Enterprise Tech,B2B SaaS,Ahmedabad,IFC,Pre-Seed,29000.0,True,2022,1
3644,11/11/2022,Paytm,E-commerce,Quick Commerce,Mumbai,"A91 Partners, Falcon Edge, Omidyar Network",Seed/Angel,57000.0,True,2022,3
3645,11/11/2022,QuantumAnalytics,SaaS & Enterprise Tech,Automation,Gurugram,Tiger Global,Series A,3743000.0,True,2022,1
3646,17/11/2022,DriveLoop,FinTech,NeoBank,Mumbai,Falcon Edge,Seed/Angel,6000.0,True,2022,1
3647,17/11/2022,HomeAnalytics,Real Estate,PropTech,Hyderabad,IFC,Series B,6655000.0,True,2022,1
3648,19/11/2022,MediHive,Healthcare,Health Analytics,Delhi,"Blume Ventures, Elevation Capital, Nexus Venture Partners",Seed/Angel,1820000.0,True,2022,3
3649,20/11/2022,Innovaccer,Real Estate,Rental Tech,Delhi,"Kedaara Capital, LCatterton, Tiger Global",Series A,12915000.0,True,2022,3
3650,21/11/2022,CloudLabs,SaaS & Enterprise Tech,Automation,Chennai,Accel,Series C,54137000.0,True,2022,1
3651,21/11/2022,WorkStack,Mobility,EV,Delhi,SoftBank Vision Fund,Series A,11397000.0,True,2022,1
3652,25/11/2022,NeoSense,Logistics,Fleet Management,Hyderabad,LCatterton,Seed/Angel,1360000.0,True,2022,1
3653,30/11/2022,SmartCare,E-commerce,Quick Commerce,Gurugram,"Kedaara Capital, Y Combinator",Seed/Angel,18000.0,True,2022,2
3654,02/12/2022,AgriFit,Mobility,EV,Hyderabad,"Elevation Capital, IFC, Zodius Capital",Bridge,70000.0,True,2022,3
3655,03/12/2022,AutoFlow,FinTech,WealthTech,Mumbai,"Matrix Partners India, Zodius Capital",Series B,13318000.0,True,2022,2
3656,03/12/2022,FarmBox,E-commerce,E-Retail,Hyderabad,"Elevation Capital, Ribbit Capital",Series C,65870000.0,True,2022,2
3657,04/12/2022,FinSense,AgriTech,Marketplace,Noida,"Peak XV Partners, Zodius Capital",Seed/Angel,17000.0,True,2022,2
3658,05/12/2022,LogiSense,FinTech,InsurTech,Chennai,Sequoia Capital,Series B,19914000.0,True,2022,1
3659,10/12/2022,CloudLabs,Retail & Consumer Goods,Wearables,Ahmedabad,"Accel, Elevation Capital",Bridge,136000.0,True,2022,2
3660,12/12/2022,NimbusWorks,Retail & Consumer Goods,Audio,Pune,"Mirae Asset, Peak XV Partners",Series B,9872000.0,True,2022,2
3661,12/12/2022,SmartCare,SaaS & Enterprise Tech,Security,Ahmedabad,LCatterton,Series C,24513000.0,True,2022,1
3662,14/12/2022,Wakefit,Mobility,Ride Sharing,Gurugram,Zodius Capital,Seed/Angel,72000.0,True,2022,1
3663,15/12/2022,SmartMart,Real Estate,Rental Tech,Delhi,"Accel, Mirae Asset, Ribbit Capital",Seed/Angel,21000.0,True,2022,3
3664,20/12/2022,EduBox,SaaS & Enterprise Tech,MarTech,Mumbai,Kalaari Capital,Series A,1451000.0,True,2022,1
3665,22/12/2022,HomeAnalytics,Healthcare,Telemedicine,Noida,"Bessemer Venture Partners, Lightspeed India",Series B,73980000.0,True,2022,2
3666,23/12/2022,Inmobi,Logistics,Fleet Management,Noida,Info Edge (India),Seed/Angel,333000.0,True,2022,1
3667,24/12/2022,DriveEdge,AgriTech,Supply Chain,Mumbai,Prosus Ventures,Seed/Angel,53000.0,True,2022,1
3668,25/12/2022,FinFoods,Mobility,Ride Sharing,Mumbai,Tiger Global,Series B,14327000.0,True,2022,1
3669,29/12/2022,CloudLabs,SaaS & Enterprise Tech,DevTools,Hyderabad,Elevation Capital,Pre-Seed,135000.0,True,2022,1
3670,30/12/2022,PhonePe,AgriTech,Supply Chain,Delhi,"Accel, Kalaari Capital, Ventures India",Seed/Angel,136000.0,True,2022,3
3671,03/01/2023,AeroAnalytics,Food & Beverage,Grocery,Chennai,"Elevation Capital, Ribbit Capital",Seed/Angel,235000.0,True,2023,2
3672,05/01/2023,Oyo,Retail & Consumer Goods,Audio,Mumbai,Kalaari Capital,Seed/Angel,66000.0,True,2023,1
3673,07/01/2023,MediSpace,Food & Beverage,Grocery,Kolkata,Bessemer Venture Partners,Series C,21255000.0,True,2023,1
3674,09/01/2023,AeroAnalytics,E-commerce,Fashion,Delhi,LCatterton,Seed/Angel,77000.0,True,2023,1
3675,10/01/2023,Postman,EdTech,Test Prep,Chennai,Ventures India,Series A,12766000.0,True,2023,1
3676,12/01/2023,Ola,E-commerce,Fashion,Mumbai,Tiger Global,Seed/Angel,62000.0,True,2023,1
3677,12/01/2023,WorkStack,Media & Entertainment,Streaming,Delhi,Lightspeed India,Series A,10148000.0,True,2023,1
3678,13/01/2023,DriveEdge,Real Estate,Home Services,Hyderabad,Nexus Venture Partners,Series A,1449000.0,True,2023,1
3679,14/01/2023,AeroStack,SaaS & Enterprise Tech,DevTools,Ahmedabad,"Nexus Venture Partners, Peak XV Partners",Seed/Angel,83000.0,True,2023,2
3680,17/01/2023,NimbusLabs,E-commerce,Grocery,Mumbai,A91 Partners,Seed/Angel,355000.0,True,2023,1
3681,18/01/2023,PharmEasy,SaaS & Enterprise Tech,Analytics,Hyderabad,"Matrix Partners India, Sequoia Capital",Series A,7137000.0,True,2023,2
3682,23/01/2023,AgriFit,Food & Beverage,Food Delivery,Noida,"LCatterton, Mirae Asset",Series B,62216000.0,True,2023,2
3683,25/01/2023,DataAnalytics_423,E-commerce,Fashion,Kolkata,Mirae Asset,Pre-Series A,312000.0,True,2023,1
3684,26/01/2023,SmartCare,FinTech,NeoBank,Ahmedabad,Elevation Capital,Pre-Series A,426000.0,True,2023,1
3685,27/01/2023,DriveFit,SaaS & Enterprise Tech,Automation,Delhi,"Prosus Ventures, SoftBank Vision Fund",Debt,2677000.0,True,2023,2
3686,29/01/2023,Chargebee,Real Estate,Home Services,Bengaluru,Peak XV Partners,Seed/Angel,1207000.0,True,2023,1
3687,30/01/2023,BlueTech,AgriTech,Supply Chain,Noida,Elevation Capital,Series A,3424000.0,True,2023,1
3688,31/01/2023,Ola,E-commerce,D2C,Pune,Elevation Capital,Series B,64925000.0,True,2023,1
3689,04/02/2023,AutoMart,Logistics,Fleet Management,Noida,Prosus Ventures,Series A,1458000.0,True,2023,1
3690,04/02/2023,Innovaccer,AgriTech,Supply Chain,Kolkata,"Kalaari Capital, Lightspeed India",Series A,4139000.0,True,2023,2
3691,08/02/2023,MediWorks,Healthcare,Telemedicine,Mumbai,"Sequoia Capital, Zodius Capital",Series B,57218000.0,True,2023,2
3692,12/02/2023,UrbanSolutions,Food & Beverage,Grocery,Hyderabad,"Kedaara Capital, Ventures India",Pre-Series A,142000.0,True,2023,2
3693,13/02/2023,Wakefit,Media & Entertainment,Streaming,Pune,Omidyar Network,Series C,37077000.0,True,2023,1
3694,14/02/2023,NeoLabs,Food & Beverage,Food Delivery,Hyderabad,Tiger Global,Seed/Angel,701000.0,True,2023,1
3695,18/02/2023,NimbusMart,Mobility,EV,Kolkata,"Prosus Ventures, SoftBank Vision Fund",Series A,4770000.0,True,2023,2
3696,19/02/2023,CoreFlow,E-commerce,Fashion,Kolkata,"Mirae Asset, Tiger Global",Seed/Angel,1560000.0,True,2023,2
3697,19/02/2023,CRED,E-commerce,Grocery,Hyderabad,"Tiger Global, Y Combinator",Series B,25964000.0,True,2023,2
3698,22/02/2023,CureFit,Healthcare,Health Analytics,Noida,Accel,Series B,11211000.0,True,2023,1
3699,25/02/2023,Chargebee,Healthcare,Pharmacy,Kolkata,"Accel, Tiger Global",Seed/Angel,125000.0,True,2023,2
3700,25/02/2023,NeoLabs,Real Estate,Rental Tech,Ahmedabad,Falcon Edge,Series A,12481000.0,True,2023,1
3701,28/02/2023,UrbanSolutions,E-commerce,Grocery,Pune,Omidyar Network,Seed/Angel,942000.0,True,2023,1
3702,04/03/2023,Licious,Retail & Consumer Goods,Smart Home,Kolkata,"Elevation Capital, SoftBank Vision Fund",Seed/Angel,434000.0,True,2023,2
3703,04/03/2023,NextSense,Food & Beverage,Cloud Kitchen,Delhi,"Blume Ventures, IFC, Nexus Venture Partners",Seed/Angel,15000.0,True,2023,3
3704,07/03/2023,AeroStack,FinTech,NeoBank,Ahmedabad,Matrix Partners India,Seed/Angel,68000.0,True,2023,1
3705,07/03/2023,DriveLoop,Healthcare,Telemedicine,Pune,Sequoia Capital,Seed/Angel,96000.0,True,2023,1
3706,08/03/2023,MediSpace,Media & Entertainment,Social,Delhi,"LCatterton, Matrix Partners India, Ribbit Capital",Seed/Angel,1663000.0,True,2023,3
3707,08/03/2023,WorkFit,Mobility,Ride Sharing,Chennai,Info Edge (India),Seed/Angel,217000.0,True,2023,1
3708,11/03/2023,AgriSense,E-commerce,D2C,Pune,"Peak XV Partners, Zodius Capital",Pre-Series A,105000.0,True,2023,2
3709,11/03/2023,Dream11,E-commerce,Grocery,Ahmedabad,Info Edge (India),Series B,5077000.0,True,2023,1
3710,13/03/2023,BharatPe,SaaS & Enterprise Tech,Automation,Ahmedabad,Accel,Seed/Angel,532000.0,True,2023,1
3711,13/03/2023,Unacademy,Logistics,Supply Chain,Gurugram,"Prosus Ventures, SoftBank Vision Fund",Series C,242794000.0,True,2023,2
3712,14/03/2023,Cars24,Food & Beverage,Cloud Kitchen,Ahmedabad,"Blume Ventures, Prosus Ventures",Pre-Series A,209000.0,True,2023,2
3713,14/03/2023,DataAnalytics,Media & Entertainment,Content,Noida,"Blume Ventures, Sequoia Capital",Series A,1916000.0,True,2023,2
3714,16/03/2023,GreenConnect,Real Estate,Home Services,Chennai,"IFC, Tiger Global",Series B,9425000.0,True,2023,2
3715,17/03/2023,EduMart,Food & Beverage,Cloud Kitchen,Pune,Tiger Global,Seed/Angel,137000.0,True,2023,1
3716,18/03/2023,CloudPay,EdTech,Coding Bootcamp,Bengaluru,Mirae Asset,Pre-Series A,181000.0,True,2023,1
3717,18/03/2023,CoreSpace,SaaS & Enterprise Tech,MarTech,Ahmedabad,Zodius Capital,Pre-Series A,377000.0,True,2023,1
3718,19/03/2023,FinSpace,Logistics,Supply Chain,Hyderabad,Matrix Partners India,Series A,1936000.0,True,2023,1
3719,19/03/2023,QuantumAnalytics,Real Estate,Rental Tech,Gurugram,Info Edge (India),Pre-Series A,319000.0,True,2023,1
3720,23/03/2023,Chargebee,AgriTech,Marketplace,Bengaluru,Kedaara Capital,Series B,50673000.0,True,2023,1
3721,25/03/2023,LogiMart,Logistics,Supply Chain,Pune,Accel,Series B,18607000.0,True,2023,1
3722,26/03/2023,Myntra,EdTech,Test Prep,Noida,A91 Partners,Pre-Seed,37000.0,True,2023,1
3723,27/03/2023,FarmFit,Mobility,EV,Noida,"Falcon Edge, Kedaara Capital",Series A,1349000.0,True,2023,2
3724,28/03/2023,AgriSense,E-commerce,Fashion,Chennai,"Info Edge (India), Kalaari Capital, Matrix Partners India",Series A,8614000.0,True,2023,3
3725,28/03/2023,SkillRise,Retail & Consumer Goods,Smart Home,Bengaluru,Elevation Capital,Pre-Series A,164000.0,True,2023,1
3726,30/03/2023,FoodFit,AgriTech,Marketplace,Mumbai,Omidyar Network,Series B,38525000.0,True,2023,1
3727,01/04/2023,UrbanStack,Media & Entertainment,Social,Gurugram,LCatterton,Seed/Angel,105000.0,True,2023,1
3728,04/04/2023,Bounce,Mobility,Micro Mobility,Delhi,Blume Ventures,Series A,1287000.0,True,2023,1
3729,07/04/2023,Licious,Healthcare,Diagnostics,Hyderabad,Matrix Partners India,Pre-Series A,119000.0,True,2023,1
3730,10/04/2023,LogiMart,FinTech,NeoBank,Mumbai,"Falcon Edge, Peak XV Partners",Pre-Series A,933000.0,True,2023,2
3731,14/04/2023,HealthAnalytics,Healthcare,Pharmacy,Ahmedabad,Omidyar Network,Seed/Angel,99000.0,True,2023,1
3732,15/04/2023,Housejoy,FinTech,Lending,Gurugram,Mirae Asset,Series C,65156000.0,True,2023,1
3733,16/04/2023,FreshTech_329,EdTech,K12,Noida,"Ribbit Capital, Ventures India",Seed/Angel,125000.0,True,2023,2
3734,18/04/2023,BlueSpace,Real Estate,PropTech,Kolkata,Accel,Series A,9459000.0,True,2023,1
3735,19/04/2023,AutoMart,SaaS & Enterprise Tech,MarTech,Kolkata,Kalaari Capital,Seed/Angel,97000.0,True,2023,1
3736,19/04/2023,Housejoy,EdTech,K12,Mumbai,Lightspeed India,Seed/Angel,199000.0,True,2023,1
3737,19/04/2023,Housejoy,E-commerce,E-Retail,Gurugram,"Kedaara Capital, Ribbit Capital, Y Combinator",Series C,142883000.0,True,2023,3
3738,20/04/2023,DriveFit,Real Estate,Rental Tech,Gurugram,Falcon Edge,Series B,12266000.0,True,2023,1
3739,22/04/2023,Meesho,Mobility,Micro Mobility,Kolkata,Info Edge (India),Pre-Series A,349000.0,True,2023,1
3740,26/04/2023,Oyo,Media & Entertainment,Streaming,Gurugram,"Bessemer Venture Partners, Tiger Global",Series A,3786000.0,True,2023,2
3741,01/05/2023,Dunzo,Healthcare,Telemedicine,Chennai,"Elevation Capital, Matrix Partners India",Series A,14477000.0,True,2023,2
3742,09/05/2023,HyperLoop,E-commerce,Grocery,Mumbai,"Falcon Edge, Omidyar Network",Series A,2765000.0,True,2023,2
3743,09/05/2023,NimbusMart,Logistics,Last Mile,Ahmedabad,"IFC, Matrix Partners India, Zodius Capital",Seed/Angel,1687000.0,True,2023,3
3744,10/05/2023,Zomato,Food & Beverage,Grocery,Hyderabad,Tiger Global,Series A,2658000.0,True,2023,1
3745,13/05/2023,BlueTech,Mobility,EV,Delhi,"LCatterton, Peak XV Partners",Series A,14210000.0,True,2023,2
3746,16/05/2023,Flipkart,Logistics,Supply Chain,Delhi,Kalaari Capital,Seed/Angel,79000.0,True,2023,1
3747,22/05/2023,FreshBox,Media & Entertainment,Streaming,Hyderabad,Tiger Global,Seed/Angel,289000.0,True,2023,1
3748,22/05/2023,NextFlow,SaaS & Enterprise Tech,Analytics,Hyderabad,"Accel, Nexus Venture Partners",Series C,93825000.0,True,2023,2
3749,23/05/2023,GreenEdge,Real Estate,PropTech,Mumbai,Y Combinator,Seed/Angel,122000.0,True,2023,1
3750,23/05/2023,GrowthFlow,Media & Entertainment,Content,Delhi,"Kedaara Capital, Y Combinator",Series A,10651000.0,True,2023,2
3751,24/05/2023,NeoSense,AgriTech,Marketplace,Hyderabad,"Accel, Kedaara Capital",Series A,11321000.0,True,2023,2
3752,25/05/2023,HomeAnalytics,Healthcare,Health Analytics,Delhi,Kalaari Capital,Series A,11198000.0,True,2023,1
3753,27/05/2023,SkillSolutions,EdTech,Coding Bootcamp,Mumbai,Kalaari Capital,Series C,98917000.0,True,2023,1
3754,30/05/2023,NeoSense,EdTech,Coding Bootcamp,Chennai,"Kalaari Capital, Kedaara Capital, Zodius Capital",Series C,42331000.0,True,2023,3
3755,07/06/2023,SkillSolutions,Food & Beverage,Grocery,Gurugram,Accel,Series B,6730000.0,True,2023,1
3756,10/06/2023,MediSpace,SaaS & Enterprise Tech,MarTech,Gurugram,"Matrix Partners India, Tiger Global",Seed/Angel,10000.0,True,2023,2
3757,12/06/2023,FoodLoop,AgriTech,Marketplace,Pune,"Kedaara Capital, Mirae Asset",Seed/Angel,25000.0,True,2023,2
3758,14/06/2023,GrowthConnect,AgriTech,Smart Farming,Bengaluru,"SoftBank Vision Fund, Y Combinator",Pre-Series A,876000.0,True,2023,2
3759,15/06/2023,Meesho,Real Estate,Rental Tech,Delhi,"Info Edge (India), LCatterton, Lightspeed India",Seed/Angel,26000.0,True,2023,3
3760,15/06/2023,SmartTech,Healthcare,Telemedicine,Hyderabad,Elevation Capital,Seed/Angel,129000.0,True,2023,1
3761,20/06/2023,LogiMart,E-commerce,Grocery,Ahmedabad,Bessemer Venture Partners,Series A,1465000.0,True,2023,1
3762,20/06/2023,NeoTech,Logistics,Fleet Management,Gurugram,"Kalaari Capital, Mirae Asset, Prosus Ventures",Pre-Series A,132000.0,True,2023,3
3763,20/06/2023,UrbanSolutions,Real Estate,Rental Tech,Chennai,Bessemer Venture Partners,Seed/Angel,148000.0,True,2023,1
3764,21/06/2023,FreshTech,E-commerce,Grocery,Mumbai,"A91 Partners, Tiger Global",Seed/Angel,130000.0,True,2023,2
3765,21/06/2023,MediHive,EdTech,Test Prep,Noida,IFC,Bridge,1758000.0,True,2023,1
3766,02/07/2023,HyperLabs,Mobility,Micro Mobility,Gurugram,"Elevation Capital, Prosus Ventures, SoftBank Vision Fund",Seed/Angel,1416000.0,True,2023,3
3767,04/07/2023,HealthAnalytics,Logistics,Last Mile,Noida,Omidyar Network,Seed/Angel,122000.0,True,2023,1
3768,06/07/2023,LogiSense,Retail & Consumer Goods,Wearables,Bengaluru,"Peak XV Partners, Sequoia Capital",Pre-Seed,21000.0,True,2023,2
3769,08/07/2023,GrowthConnect,Media & Entertainment,Content,Ahmedabad,Y Combinator,Bridge,1071000.0,True,2023,1
3770,10/07/2023,HyperLoop,Real Estate,PropTech,Delhi,"A91 Partners, Mirae Asset",Bridge,127000.0,True,2023,2
3771,13/07/2023,BharatPe,FinTech,Lending,Hyderabad,Info Edge (India),Series A,3388000.0,True,2023,1
3772,13/07/2023,HomeMart,AgriTech,Supply Chain,Kolkata,"Kedaara Capital, Lightspeed India",Pre-Series A,643000.0,True,2023,2
3773,14/07/2023,DailyHunt,Media & Entertainment,Content,Mumbai,"Bessemer Venture Partners, Kedaara Capital",Pre-Seed,84000.0,True,2023,2
3774,15/07/2023,Postman,E-commerce,E-Retail,Chennai,Tiger Global,Seed/Angel,390000.0,True,2023,1
3775,16/07/2023,SkillFlow,Healthcare,Diagnostics,Ahmedabad,"A91 Partners, Falcon Edge, Ribbit Capital",Series A,8097000.0,True,2023,3
3776,18/07/2023,AutoFlow,SaaS & Enterprise Tech,DevTools,Kolkata,Tiger Global,Series B,24587000.0,True,2023,1
3777,18/07/2023,HomeFoods,SaaS & Enterprise Tech,Automation,Bengaluru,"Falcon Edge, Tiger Global",Series B,7347000.0,True,2023,2
3778,23/07/2023,Unacademy,Logistics,Supply Chain,Pune,Tiger Global,Series D,130783000.0,True,2023,1
3779,23/07/2023,Urban Company,Retail & Consumer Goods,Audio,Kolkata,"Omidyar Network, Ribbit Capital",Seed/Angel,1664000.0,True,2023,2
3780,25/07/2023,UrbanDrive,Healthcare,Health Analytics,Chennai,"Kedaara Capital, Ribbit Capital",Seed/Angel,856000.0,True,2023,2
3781,25/07/2023,UrbanDrive,E-commerce,Fashion,Delhi,"IFC, Mirae Asset, SoftBank Vision Fund",Seed/Angel,369000.0,True,2023,3
3782,26/07/2023,HomeMart,Food & Beverage,Cloud Kitchen,Gurugram,"IFC, Peak XV Partners, Sequoia Capital",Series A,3605000.0,True,2023,3
3783,27/07/2023,CoreConnect,Mobility,EV,Hyderabad,"Prosus Ventures, Tiger Global",Series A,1036000.0,True,2023,2
3784,27/07/2023,Freshworks,Retail & Consumer Goods,Smart Home,Ahmedabad,Accel,Seed/Angel,1127000.0,True,2023,1
3785,28/07/2023,GreenMart,Food & Beverage,Food Delivery,Noida,Kedaara Capital,Series A,14601000.0,True,2023,1
3786,29/07/2023,EduMart,SaaS & Enterprise Tech,B2B SaaS,Mumbai,Peak XV Partners,Seed/Angel,50000.0,True,2023,1
3787,29/07/2023,Rapido,SaaS & Enterprise Tech,Analytics,Ahmedabad,LCatterton,Bridge,196000.0,True,2023,1
3788,30/07/2023,CureFit,Mobility,EV,Kolkata,"Blume Ventures, Y Combinator",Pre-Seed,122000.0,True,2023,2
3789,30/07/2023,DataHive,Logistics,Fleet Management,Delhi,"LCatterton, Omidyar Network",Series C,29202000.0,True,2023,2
3790,30/07/2023,Meesho,Real Estate,Rental Tech,Kolkata,"IFC, Zodius Capital",Seed/Angel,76000.0,True,2023,2
3791,30/07/2023,WorkPay_256,Mobility,EV,Pune,"LCatterton, Peak XV Partners, Prosus Ventures",Seed/Angel,1580000.0,True,2023,3
3792,01/08/2023,AeroHub,E-commerce,D2C,Ahmedabad,Accel,Bridge,60000.0,True,2023,1
3793,04/08/2023,Udaan,Food & Beverage,Food Delivery,Gurugram,Bessemer Venture Partners,Bridge,1256000.0,True,2023,1
3794,07/08/2023,GreenMart,Retail & Consumer Goods,Audio,Mumbai,"Falcon Edge, Prosus Ventures",Pre-Seed,178000.0,True,2023,2
3795,07/08/2023,SkillSolutions,E-commerce,Fashion,Mumbai,"Bessemer Venture Partners, Omidyar Network, Sequoia Capital",Series B,46994000.0,True,2023,3
3796,11/08/2023,Ola,Media & Entertainment,Content,Delhi,Falcon Edge,Seed/Angel,568000.0,True,2023,1
3797,13/08/2023,Practo,Real Estate,Home Services,Noida,Tiger Global,Seed/Angel,81000.0,True,2023,1
3798,14/08/2023,HomeMart,SaaS & Enterprise Tech,Security,Bengaluru,Matrix Partners India,Series B,5493000.0,True,2023,1
3799,14/08/2023,LogiMart,SaaS & Enterprise Tech,DevTools,Ahmedabad,"Ribbit Capital, SoftBank Vision Fund, Tiger Global",Pre-Seed,76000.0,True,2023,3
3800,15/08/2023,CloudLabs,SaaS & Enterprise Tech,MarTech,Kolkata,Mirae Asset,Series C,47844000.0,True,2023,1
3801,16/08/2023,Udaan,Media & Entertainment,Streaming,Delhi,"Accel, Falcon Edge",Series A,1763000.0,True,2023,2
3802,19/08/2023,Freshworks,EdTech,K12,Pune,Sequoia Capital,Seed/Angel,1009000.0,True,2023,1
3803,21/08/2023,FinFoods,FinTech,Lending,Bengaluru,Ribbit Capital,Seed/Angel,89000.0,True,2023,1
3804,21/08/2023,MediWorks,E-commerce,Grocery,Chennai,SoftBank Vision Fund,Series A,10074000.0,True,2023,1
3805,23/08/2023,Innovaccer,E-commerce,Grocery,Hyderabad,Kalaari Capital,Seed/Angel,149000.0,True,2023,1
3806,24/08/2023,HealthRise,FinTech,WealthTech,Mumbai,Bessemer Venture Partners,Series D,214425000.0,True,2023,1
3807,26/08/2023,NextFlow,Retail & Consumer Goods,Smart Home,Pune,"Peak XV Partners, Ventures India",Series B,63289000.0,True,2023,2
3808,29/08/2023,FreshTech,SaaS & Enterprise Tech,MarTech,Noida,Omidyar Network,Seed/Angel,638000.0,True,2023,1
3809,31/08/2023,BlueSpace,AgriTech,Smart Farming,Bengaluru,Omidyar Network,Series A,2372000.0,True,2023,1
3810,31/08/2023,NoBroker,Food & Beverage,Grocery,Chennai,Falcon Edge,Pre-Series A,383000.0,True,2023,1
3811,08/09/2023,DriveLoop,EdTech,Coding Bootcamp,Delhi,"Kalaari Capital, Ventures India",Seed/Angel,56000.0,True,2023,2
3812,08/09/2023,FreshTech,Logistics,Supply Chain,Bengaluru,"Matrix Partners India, Nexus Venture Partners, Zodius Capital",Series A,11442000.0,True,2023,3
3813,09/09/2023,NeoTech,SaaS & Enterprise Tech,DevTools,Chennai,Matrix Partners India,Bridge,121000.0,True,2023,1
3814,11/09/2023,FarmBox,Retail & Consumer Goods,Wearables,Gurugram,"Kalaari Capital, Y Combinator",Seed/Angel,455000.0,True,2023,2
3815,12/09/2023,CRED,Food & Beverage,Food Delivery,Gurugram,Tiger Global,Seed/Angel,452000.0,True,2023,1
3816,12/09/2023,FoodSolutions,Food & Beverage,Grocery,Delhi,Ventures India,Series D,367311000.0,True,2023,1
3817,13/09/2023,AgriHive,FinTech,Lending,Mumbai,"Mirae Asset, Omidyar Network",Pre-Seed,34000.0,True,2023,2
3818,14/09/2023,DataEdge,Media & Entertainment,Social,Hyderabad,Ribbit Capital,Seed/Angel,76000.0,True,2023,1
3819,15/09/2023,NeoSense,AgriTech,Marketplace,Mumbai,"Bessemer Venture Partners, Ventures India",Series C,78705000.0,True,2023,2
3820,16/09/2023,QuantumAnalytics,SaaS & Enterprise Tech,HRTech,Chennai,Matrix Partners India,Pre-Series A,837000.0,True,2023,1
3821,17/09/2023,CloudSolutions,AgriTech,Supply Chain,Ahmedabad,Ribbit Capital,Debt,176000.0,True,2023,1
3822,17/09/2023,HyperLoop,AgriTech,Supply Chain,Mumbai,"Info Edge (India), Mirae Asset",Seed/Angel,113000.0,True,2023,2
3823,17/09/2023,HyperLoop,Real Estate,Rental Tech,Bengaluru,Prosus Ventures,Seed/Angel,62000.0,True,2023,1
3824,19/09/2023,FreshSolutions,Mobility,Ride Sharing,Chennai,Accel,Series A,6014000.0,True,2023,1
3825,22/09/2023,EduMart,Media & Entertainment,Content,Mumbai,"Kalaari Capital, Matrix Partners India",Series C,182986000.0,True,2023,2
3826,25/09/2023,Delhivery,Real Estate,Rental Tech,Kolkata,Kalaari Capital,Seed/Angel,778000.0,True,2023,1
3827,27/09/2023,MediHive,EdTech,K12,Pune,"A91 Partners, Nexus Venture Partners, Y Combinator",Seed/Angel,107000.0,True,2023,3
3828,27/09/2023,SkillFlow,E-commerce,Fashion,Chennai,"Peak XV Partners, Tiger Global",Pre-Series A,886000.0,True,2023,2
3829,28/09/2023,GreenConnect_630,SaaS & Enterprise Tech,B2B SaaS,Delhi,"Elevation Capital, Zodius Capital",Series D,258416000.0,True,2023,2
3830,05/10/2023,QuantumSolutions,Logistics,Fleet Management,Kolkata,Prosus Ventures,Bridge,366000.0,True,2023,1
3831,07/10/2023,CoreFlow,SaaS & Enterprise Tech,DevTools,Hyderabad,"Elevation Capital, SoftBank Vision Fund, Ventures India",Pre-Series A,680000.0,True,2023,3
3832,07/10/2023,Delhivery,SaaS & Enterprise Tech,Analytics,Chennai,"Kalaari Capital, LCatterton, Zodius Capital",Seed/Angel,29000.0,True,2023,3
3833,13/10/2023,HealthRise,SaaS & Enterprise Tech,B2B SaaS,Noida,LCatterton,Bridge,1271000.0,True,2023,1
3834,16/10/2023,Licious,Healthcare,Telemedicine,Mumbai,"IFC, Mirae Asset, Sequoia Capital",Seed/Angel,67000.0,True,2023,3
3835,17/10/2023,Dream11,Media & Entertainment,Content,Bengaluru,"Elevation Capital, Info Edge (India), Matrix Partners India",Pre-Series A,175000.0,True,2023,3
3836,20/10/2023,HomeFoods,SaaS & Enterprise Tech,DevTools,Gurugram,"Nexus Venture Partners, Prosus Ventures, Ventures India",Series A,5604000.0,True,2023,3
3837,22/10/2023,NextSense,Logistics,Supply Chain,Chennai,"Ribbit Capital, Tiger Global",Series C,22992000.0,True,2023,2
3838,23/10/2023,CoreFlow,SaaS & Enterprise Tech,HRTech,Ahmedabad,LCatterton,Series C,38931000.0,True,2023,1
3839,24/10/2023,Groww,Healthcare,Pharmacy,Mumbai,"IFC, SoftBank Vision Fund",Series A,9144000.0,True,2023,2
3840,25/10/2023,CoreSpace,E-commerce,Fashion,Gurugram,"Accel, IFC",Series C,110486000.0,True,2023,2
3841,30/10/2023,BlueRise,EdTech,UpSkilling,Kolkata,Blume Ventures,Seed/Angel,548000.0,True,2023,1
3842,30/10/2023,QuantumDrive,Food & Beverage,Food Delivery,Chennai,"IFC, Nexus Venture Partners",Pre-Series A,528000.0,True,2023,2
3843,31/10/2023,AgriFit,AgriTech,Smart Farming,Delhi,Mirae Asset,Bridge,137000.0,True,2023,1
3844,02/11/2023,HealthRise,Retail & Consumer Goods,Wearables,Delhi,Zodius Capital,Debt,3346000.0,True,2023,1
3845,03/11/2023,NextSense,Logistics,Fleet Management,Gurugram,"Elevation Capital, Sequoia Capital",Series A,1335000.0,True,2023,2
3846,03/11/2023,Oyo,Logistics,Supply Chain,Kolkata,Tiger Global,Series D,117757000.0,True,2023,1
3847,04/11/2023,WorkFit,Mobility,Ride Sharing,Ahmedabad,"Blume Ventures, Matrix Partners India",Series A,3994000.0,True,2023,2
3848,08/11/2023,FoodLoop,SaaS & Enterprise Tech,Automation,Delhi,"Bessemer Venture Partners, Zodius Capital",Seed/Angel,114000.0,True,2023,2
3849,09/11/2023,CoreConnect,E-commerce,Marketplace,Chennai,"Peak XV Partners, Ribbit Capital",Series A,3668000.0,True,2023,2
3850,11/11/2023,Licious,EdTech,K12,Chennai,Nexus Venture Partners,Seed/Angel,1411000.0,True,2023,1
3851,12/11/2023,CRED,Mobility,Ride Sharing,Bengaluru,"Falcon Edge, Nexus Venture Partners",Pre-Series A,113000.0,True,2023,2
3852,12/11/2023,Zomato,Real Estate,Rental Tech,Delhi,"Blume Ventures, Mirae Asset",Pre-Seed,63000.0,True,2023,2
3853,14/11/2023,Delhivery,EdTech,UpSkilling,Hyderabad,"A91 Partners, Mirae Asset",Series B,30480000.0,True,2023,2
3854,22/11/2023,NextSense,Food & Beverage,Cloud Kitchen,Pune,"Info Edge (India), Tiger Global",Seed/Angel,1903000.0,True,2023,2
3855,22/11/2023,Oyo,FinTech,Payments,Gurugram,Prosus Ventures,Seed/Angel,947000.0,True,2023,1
3856,24/11/2023,AgriFit,E-commerce,Grocery,Hyderabad,"Kedaara Capital, Ventures India",Seed/Angel,1218000.0,True,2023,2
3857,24/11/2023,CloudPay,Healthcare,Health Analytics,Pune,"A91 Partners, Matrix Partners India, Mirae Asset",Seed/Angel,666000.0,True,2023,3
3858,27/11/2023,Rapido,Food & Beverage,Food Delivery,Kolkata,"A91 Partners, Kedaara Capital, Tiger Global",Seed/Angel,459000.0,True,2023,3
3859,29/11/2023,Paytm,Mobility,EV,Pune,"Info Edge (India), Peak XV Partners",Growth,438231000.0,True,2023,2
3860,30/11/2023,AgriSense,SaaS & Enterprise Tech,Automation,Hyderabad,"Falcon Edge, Y Combinator",Seed/Angel,1034000.0,True,2023,2
3861,01/12/2023,HealthRise,Healthcare,Pharmacy,Hyderabad,"Kalaari Capital, Omidyar Network, Peak XV Partners",Bridge,1426000.0,True,2023,3
3862,03/12/2023,AgriHive,Food & Beverage,Grocery,Pune,Sequoia Capital,Series A,1339000.0,True,2023,1
3863,04/12/2023,DataHive,Retail & Consumer Goods,Audio,Delhi,"A91 Partners, Falcon Edge, Zodius Capital",Pre-Series A,266000.0,True,2023,3
3864,05/12/2023,Cars24,E-commerce,Fashion,Ahmedabad,"Mirae Asset, SoftBank Vision Fund",Series A,1438000.0,True,2023,2
3865,05/12/2023,FoodLoop,Media & Entertainment,Content,Ahmedabad,Peak XV Partners,Pre-Seed,88000.0,True,2023,1
3866,05/12/2023,Zepto,Real Estate,Home Services,Noida,"Accel, Prosus Ventures",Series A,6770000.0,True,2023,2
3867,06/12/2023,HomeFoods,Food & Beverage,Food Delivery,Noida,Matrix Partners India,Series A,3558000.0,True,2023,1
3868,06/12/2023,NeoSense_1062,SaaS & Enterprise Tech,Automation,Delhi,Kalaari Capital,Pre-Series A,587000.0,True,2023,1
3869,07/12/2023,SmartCare,FinTech,InsurTech,Ahmedabad,"Blume Ventures, Nexus Venture Partners, Tiger Global",Pre-Seed,36000.0,True,2023,3
3870,12/12/2023,Housejoy,Media & Entertainment,Content,Gurugram,Kalaari Capital,Series B,72324000.0,True,2023,1
3871,14/12/2023,AutoStack,SaaS & Enterprise Tech,Security,Gurugram,"A91 Partners, Ribbit Capital, Ventures India",Seed/Angel,7000.0,True,2023,3
3872,14/12/2023,NeoTech,Mobility,Ride Sharing,Kolkata,A91 Partners,Series C,51004000.0,True,2023,1
3873,17/12/2023,FoodLoop,Media & Entertainment,Social,Hyderabad,"Mirae Asset, Zodius Capital",Debt,22303000.0,True,2023,2
3874,18/12/2023,Unacademy,Retail & Consumer Goods,Smart Home,Ahmedabad,Info Edge (India),Seed/Angel,19000.0,True,2023,1
3875,19/12/2023,DailyHunt,Logistics,Supply Chain,Delhi,Prosus Ventures,Seed/Angel,500000.0,True,2023,1
3876,19/12/2023,Porter,Media & Entertainment,Content,Pune,"Kedaara Capital, Tiger Global",Seed/Angel,489000.0,True,2023,2
3877,20/12/2023,DataHive,E-commerce,Grocery,Delhi,"Falcon Edge, Tiger Global",Pre-Seed,64000.0,True,2023,2
3878,20/12/2023,NextStack,SaaS & Enterprise Tech,MarTech,Ahmedabad,"Kalaari Capital, Mirae Asset",Pre-Seed,68000.0,True,2023,2
3879,20/12/2023,NimbusMart,Media & Entertainment,Streaming,Delhi,Kedaara Capital,Seed/Angel,819000.0,True,2023,1
3880,23/12/2023,FinSense,Food & Beverage,Cloud Kitchen,Pune,Accel,Private Equity,170086000.0,True,2023,1
3881,24/12/2023,LogiSense,SaaS & Enterprise Tech,Security,Bengaluru,Tiger Global,Seed/Angel,430000.0,True,2023,1
3882,28/12/2023,DataHive,EdTech,K12,Mumbai,"Accel, Zodius Capital",Series B,26816000.0,True,2023,2
3883,29/12/2023,Lenskart,FinTech,WealthTech,Gurugram,"Elevation Capital, Ribbit Capital, Y Combinator",Series C,22619000.0,True,2023,3
3884,01/01/2024,DriveEdge,Retail & Consumer Goods,Smart Home,Kolkata,Blume Ventures,Seed/Angel,314000.0,True,2024,1
3885,02/01/2024,NextStack,Retail & Consumer Goods,Smart Home,Kolkata,SoftBank Vision Fund,Series C,36336000.0,True,2024,1
3886,04/01/2024,FarmBox,Mobility,Ride Sharing,Mumbai,"Prosus Ventures, Y Combinator",Seed/Angel,956000.0,True,2024,2
3887,06/01/2024,DriveFit,SaaS & Enterprise Tech,B2B SaaS,Pune,Y Combinator,Pre-Series A,417000.0,True,2024,1
3888,07/01/2024,NimbusLabs,Food & Beverage,Cloud Kitchen,Pune,IFC,Seed/Angel,54000.0,True,2024,1
3889,08/01/2024,LogiSense,E-commerce,Quick Commerce,Hyderabad,"Kalaari Capital, Mirae Asset",Pre-Series A,457000.0,True,2024,2
3890,09/01/2024,AgriSense,SaaS & Enterprise Tech,HRTech,Hyderabad,"Blume Ventures, Info Edge (India)",Series A,1604000.0,True,2024,2
3891,09/01/2024,ShareChat,FinTech,InsurTech,Delhi,"Accel, Peak XV Partners",Series C,117144000.0,True,2024,2
3892,15/01/2024,Housejoy,Real Estate,PropTech,Chennai,Mirae Asset,Series C,289004000.0,True,2024,1
3893,16/01/2024,FreshBox,Food & Beverage,Food Delivery,Chennai,Tiger Global,Growth,154344000.0,True,2024,1
3894,16/01/2024,LogiMart,E-commerce,Marketplace,Noida,"Elevation Capital, Peak XV Partners",Series A,5977000.0,True,2024,2
3895,16/01/2024,PhonePe,AgriTech,Smart Farming,Ahmedabad,Prosus Ventures,Seed/Angel,216000.0,True,2024,1
3896,17/01/2024,GrowthFlow,Logistics,Fleet Management,Ahmedabad,Omidyar Network,Series A,1316000.0,True,2024,1
3897,17/01/2024,Myntra,Mobility,Ride Sharing,Mumbai,"Omidyar Network, SoftBank Vision Fund",Seed/Angel,9000.0,True,2024,2
3898,19/01/2024,ShareChat,Mobility,EV,Kolkata,"SoftBank Vision Fund, Ventures India",Seed/Angel,148000.0,True,2024,2
3899,20/01/2024,HealthWorks,E-commerce,Grocery,Gurugram,LCatterton,Series A,5808000.0,True,2024,1
3900,21/01/2024,UrbanStack,Mobility,Ride Sharing,Chennai,"Lightspeed India, Matrix Partners India, Omidyar Network",Seed/Angel,1584000.0,True,2024,3
3901,22/01/2024,AgriSense,E-commerce,E-Retail,Chennai,Sequoia Capital,Seed/Angel,1746000.0,True,2024,1
3902,22/01/2024,WorkStack_149,E-commerce,Grocery,Chennai,"Nexus Venture Partners, Omidyar Network, Tiger Global",Seed/Angel,140000.0,True,2024,3
3903,27/01/2024,GrowthCare,Real Estate,PropTech,Mumbai,Tiger Global,Seed/Angel,68000.0,True,2024,1
3904,29/01/2024,PhonePe,Logistics,Last Mile,Delhi,"Accel, Falcon Edge",Series A,4267000.0,True,2024,2
3905,30/01/2024,CoreConnect,AgriTech,Marketplace,Bengaluru,"Lightspeed India, Peak XV Partners, Zodius Capital",Growth,113169000.0,True,2024,3
3906,30/01/2024,HealthAnalytics,Logistics,Supply Chain,Noida,"Kalaari Capital, Ventures India",Seed/Angel,358000.0,True,2024,2
3907,31/01/2024,FarmTech,Real Estate,Home Services,Pune,Ventures India,Seed/Angel,83000.0,True,2024,1
3908,31/01/2024,Udaan,Real Estate,Rental Tech,Mumbai,Bessemer Venture Partners,Seed/Angel,89000.0,True,2024,1
3909,02/02/2024,Swiggy,Mobility,Ride Sharing,Pune,"Info Edge (India), Ventures India",Pre-Series A,222000.0,True,2024,2
3910,03/02/2024,Meesho,EdTech,UpSkilling,Noida,Kedaara Capital,Series A,1580000.0,True,2024,1
3911,04/02/2024,AgriHive,Food & Beverage,Cloud Kitchen,Mumbai,Y Combinator,Series D,174427000.0,True,2024,1
3912,04/02/2024,CoreSpace,EdTech,Test Prep,Bengaluru,"Kalaari Capital, Y Combinator",Growth,574676000.0,True,2024,2
3913,05/02/2024,Innovaccer,AgriTech,Supply Chain,Ahmedabad,Kedaara Capital,Series A,3039000.0,True,2024,1
3914,06/02/2024,SkillFlow,Mobility,EV,Kolkata,"IFC, Matrix Partners India",Series A,5049000.0,True,2024,2
3915,07/02/2024,MediHive,FinTech,NeoBank,Kolkata,"Bessemer Venture Partners, LCatterton, Nexus Venture Partners",Seed/Angel,795000.0,True,2024,3
3916,09/02/2024,BlueSpace,SaaS & Enterprise Tech,Security,Kolkata,Blume Ventures,Series A,2359000.0,True,2024,1
3917,09/02/2024,NextFlow,E-commerce,Quick Commerce,Bengaluru,"IFC, Tiger Global",Pre-Series A,104000.0,True,2024,2
3918,11/02/2024,HealthRise,SaaS & Enterprise Tech,Analytics,Noida,"Sequoia Capital, Tiger Global",Seed/Angel,1666000.0,True,2024,2
3919,12/02/2024,AeroHub,Retail & Consumer Goods,Smart Home,Delhi,Tiger Global,Seed/Angel,390000.0,True,2024,1
3920,12/02/2024,Oyo,Mobility,Micro Mobility,Chennai,"Peak XV Partners, Ventures India",Series A,12223000.0,True,2024,2
3921,14/02/2024,LogiMart,Retail & Consumer Goods,Audio,Bengaluru,Falcon Edge,Seed/Angel,110000.0,True,2024,1
3922,15/02/2024,Flipkart,Mobility,Micro Mobility,Kolkata,"Lightspeed India, Nexus Venture Partners, Tiger Global",Growth,76432000.0,True,2024,3
3923,15/02/2024,LogiSense,Logistics,Supply Chain,Chennai,SoftBank Vision Fund,Series B,27576000.0,True,2024,1
3924,22/02/2024,CloudSolutions_682,E-commerce,Grocery,Delhi,Prosus Ventures,Seed/Angel,8000.0,True,2024,1
3925,26/02/2024,BlueTech,AgriTech,Marketplace,Chennai,"Accel, Falcon Edge, Tiger Global",Seed/Angel,329000.0,True,2024,3
3926,26/02/2024,SkillFlow,Media & Entertainment,Content,Delhi,"Matrix Partners India, Tiger Global",Seed/Angel,120000.0,True,2024,2
3927,27/02/2024,CoreFlow,Food & Beverage,Cloud Kitchen,Ahmedabad,Sequoia Capital,Growth,138147000.0,True,2024,1
3928,27/02/2024,HealthRise,AgriTech,Supply Chain,Gurugram,"Accel, Peak XV Partners, Ribbit Capital",Series A,2937000.0,True,2024,3
3929,27/02/2024,WorkFit,Food & Beverage,Food Delivery,Ahmedabad,Tiger Global,Bridge,219000.0,True,2024,1
3930,28/02/2024,WorkStack_1002,AgriTech,Smart Farming,Chennai,Falcon Edge,Series A,10633000.0,True,2024,1
3931,29/02/2024,Nykaa,Real Estate,Rental Tech,Noida,"Accel, Blume Ventures, Kalaari Capital",Pre-Series A,195000.0,True,2024,3
3932,29/02/2024,Zomato,Healthcare,Pharmacy,Mumbai,"Blume Ventures, Elevation Capital",Private Equity,201485000.0,True,2024,2
3933,29/02/2024,Zomato,AgriTech,Marketplace,Noida,"A91 Partners, Bessemer Venture Partners, Matrix Partners India",Growth,58010000.0,True,2024,3
3934,01/03/2024,SkillFlow,EdTech,Test Prep,Gurugram,"Peak XV Partners, Prosus Ventures",Seed/Angel,210000.0,True,2024,2
3935,04/03/2024,Razorpay,EdTech,UpSkilling,Pune,Sequoia Capital,Series A,3483000.0,True,2024,1
3936,06/03/2024,AutoMart,AgriTech,Marketplace,Bengaluru,"LCatterton, Zodius Capital",Seed/Angel,5000.0,True,2024,2
3937,07/03/2024,Nykaa,Retail & Consumer Goods,Smart Home,Noida,"Kedaara Capital, SoftBank Vision Fund",Seed/Angel,166000.0,True,2024,2
3938,07/03/2024,SmartMart_989,Real Estate,Rental Tech,Kolkata,"IFC, Kalaari Capital",Pre-Series A,659000.0,True,2024,2
3939,08/03/2024,Housejoy,Media & Entertainment,Social,Kolkata,Peak XV Partners,Series A,1756000.0,True,2024,1
3940,09/03/2024,Cleartax,Retail & Consumer Goods,Audio,Noida,"Bessemer Venture Partners, IFC",Seed/Angel,1786000.0,True,2024,2
3941,15/03/2024,CoreConnect_1085,EdTech,Test Prep,Chennai,Matrix Partners India,Series B,18272000.0,True,2024,1
3942,17/03/2024,AgriHive,E-commerce,Marketplace,Noida,Mirae Asset,Debt,201000.0,True,2024,1
3943,21/03/2024,Udaan,Mobility,EV,Delhi,"Accel, Sequoia Capital",Series B,13444000.0,True,2024,2
3944,24/03/2024,UrbanStack,Media & Entertainment,Social,Hyderabad,"Kedaara Capital, Sequoia Capital",Seed/Angel,647000.0,True,2024,2
3945,26/03/2024,Dream11,FinTech,InsurTech,Hyderabad,Info Edge (India),Series B,34436000.0,True,2024,1
3946,28/03/2024,DataAnalytics,Real Estate,Home Services,Ahmedabad,Mirae Asset,Pre-Seed,107000.0,True,2024,1
3947,29/03/2024,AeroStack,EdTech,UpSkilling,Noida,Bessemer Venture Partners,Series C,65394000.0,True,2024,1
3948,29/03/2024,DriveFit,Logistics,Supply Chain,Mumbai,Elevation Capital,Seed/Angel,25000.0,True,2024,1
3949,29/03/2024,Wakefit,E-commerce,D2C,Noida,"Lightspeed India, Tiger Global",Pre-Series A,426000.0,True,2024,2
3950,31/03/2024,AutoStack,Food & Beverage,Grocery,Kolkata,Peak XV Partners,Series C,195631000.0,True,2024,1
3951,31/03/2024,NoBroker,SaaS & Enterprise Tech,B2B SaaS,Mumbai,"Blume Ventures, Y Combinator",Seed/Angel,285000.0,True,2024,2
3952,03/04/2024,HyperLabs,E-commerce,E-Retail,Chennai,Prosus Ventures,Seed/Angel,120000.0,True,2024,1
3953,04/04/2024,LogiMart,E-commerce,Grocery,Pune,"Blume Ventures, Tiger Global, Y Combinator",Seed/Angel,16000.0,True,2024,3
3954,06/04/2024,SmartTech,Media & Entertainment,Social,Chennai,"Accel, Blume Ventures, Kedaara Capital",Bridge,396000.0,True,2024,3
3955,07/04/2024,EduTech,Media & Entertainment,Streaming,Pune,A91 Partners,Series B,6806000.0,True,2024,1
3956,07/04/2024,GrowthCare,E-commerce,Fashion,Gurugram,SoftBank Vision Fund,Series C,65689000.0,True,2024,1
3957,08/04/2024,QuantumSolutions,Food & Beverage,Food Delivery,Hyderabad,Falcon Edge,Series A,13499000.0,True,2024,1
3958,10/04/2024,AgriSense,Food & Beverage,Food Delivery,Ahmedabad,Elevation Capital,Seed/Angel,27000.0,True,2024,1
3959,11/04/2024,GrowthConnect,E-commerce,Fashion,Ahmedabad,"Bessemer Venture Partners, Peak XV Partners",Seed/Angel,406000.0,True,2024,2
3960,16/04/2024,HomeMart,E-commerce,Fashion,Gurugram,Lightspeed India,Seed/Angel,517000.0,True,2024,1
3961,16/04/2024,QuantumDrive,E-commerce,Fashion,Bengaluru,"Sequoia Capital, Y Combinator",Series D,54120000.0,True,2024,2
3962,17/04/2024,CoreSpace,Media & Entertainment,Content,Kolkata,"Bessemer Venture Partners, Omidyar Network",Seed/Angel,383000.0,True,2024,2
3963,18/04/2024,Cars24,Mobility,Micro Mobility,Mumbai,"Accel, Blume Ventures, Ventures India",Series A,2525000.0,True,2024,3
3964,18/04/2024,DriveFit,AgriTech,Smart Farming,Ahmedabad,SoftBank Vision Fund,Series B,23958000.0,True,2024,1
3965,18/04/2024,NeoLabs,Media & Entertainment,Content,Gurugram,"SoftBank Vision Fund, Tiger Global",Seed/Angel,53000.0,True,2024,2
3966,19/04/2024,BharatPe,Retail & Consumer Goods,Smart Home,Pune,"IFC, Kalaari Capital, Sequoia Capital",Growth,566555000.0,True,2024,3
3967,24/04/2024,ClearDekho,Real Estate,PropTech,Ahmedabad,"Lightspeed India, Sequoia Capital",Series A,11144000.0,True,2024,2
3968,25/04/2024,DriveEdge,SaaS & Enterprise Tech,Automation,Gurugram,"Kalaari Capital, Nexus Venture Partners",Seed/Angel,98000.0,True,2024,2
3969,27/04/2024,Rapido,Media & Entertainment,Streaming,Chennai,"Omidyar Network, Sequoia Capital",Series D,78480000.0,True,2024,2
3970,28/04/2024,Innovaccer,SaaS & Enterprise Tech,Security,Bengaluru,Ribbit Capital,Pre-Seed,54000.0,True,2024,1
3971,03/05/2024,MediHive,SaaS & Enterprise Tech,Security,Bengaluru,"Elevation Capital, Kalaari Capital",Seed/Angel,1628000.0,True,2024,2
3972,08/05/2024,Zepto,Media & Entertainment,Streaming,Bengaluru,IFC,Seed/Angel,69000.0,True,2024,1
3973,15/05/2024,FarmTech,Healthcare,Diagnostics,Kolkata,Nexus Venture Partners,Series C,67366000.0,True,2024,1
3974,17/05/2024,BlueRise,Real Estate,Rental Tech,Noida,Y Combinator,Seed/Angel,1688000.0,True,2024,1
3975,17/05/2024,SkillSolutions,Media & Entertainment,Streaming,Pune,Elevation Capital,Seed/Angel,476000.0,True,2024,1
3976,19/05/2024,Postman,Retail & Consumer Goods,Wearables,Mumbai,"IFC, Omidyar Network",Bridge,117000.0,True,2024,2
3977,21/05/2024,AutoStack_777,Logistics,Fleet Management,Bengaluru,LCatterton,Series C,141405000.0,True,2024,1
3978,22/05/2024,Swiggy,FinTech,WealthTech,Hyderabad,"Peak XV Partners, Zodius Capital",Series C,120661000.0,True,2024,2
3979,24/05/2024,Groww,E-commerce,D2C,Delhi,"Blume Ventures, Kalaari Capital, Y Combinator",Pre-Series A,645000.0,True,2024,3
3980,27/05/2024,BlueRise,FinTech,WealthTech,Ahmedabad,Y Combinator,Seed/Angel,182000.0,True,2024,1
3981,27/05/2024,GrowthFlow,FinTech,Payments,Gurugram,Tiger Global,Seed/Angel,52000.0,True,2024,1
3982,28/05/2024,EduMart,Healthcare,Telemedicine,Gurugram,Bessemer Venture Partners,Series A,1130000.0,True,2024,1
3983,01/06/2024,EduBox,FinTech,Payments,Pune,"Bessemer Venture Partners, Nexus Venture Partners, Tiger Global",Seed/Angel,164000.0,True,2024,3
3984,01/06/2024,HealthAnalytics,Retail & Consumer Goods,Audio,Gurugram,"Bessemer Venture Partners, Lightspeed India, Omidyar Network",Seed/Angel,51000.0,True,2024,3
3985,02/06/2024,SmartTech,FinTech,InsurTech,Chennai,"A91 Partners, Sequoia Capital, SoftBank Vision Fund",Pre-Series A,131000.0,True,2024,3
3986,03/06/2024,NimbusLabs,SaaS & Enterprise Tech,MarTech,Mumbai,"Prosus Ventures, Ribbit Capital",Series C,25829000.0,True,2024,2
3987,04/06/2024,NeoSense_564,E-commerce,Grocery,Ahmedabad,Sequoia Capital,Seed/Angel,182000.0,True,2024,1
3988,05/06/2024,AutoStack,E-commerce,Quick Commerce,Delhi,Omidyar Network,Pre-Seed,127000.0,True,2024,1
3989,06/06/2024,NeoLabs_1063,SaaS & Enterprise Tech,Automation,Noida,"Nexus Venture Partners, Tiger Global, Ventures India",Series B,15923000.0,True,2024,3
3990,07/06/2024,LogiRise,Media & Entertainment,Social,Bengaluru,A91 Partners,Series B,6483000.0,True,2024,1
3991,08/06/2024,Cleartax,E-commerce,E-Retail,Delhi,"Kalaari Capital, Nexus Venture Partners, Ribbit Capital",Series B,38638000.0,True,2024,3
3992,08/06/2024,Nykaa,EdTech,Test Prep,Gurugram,Kalaari Capital,Series A,3510000.0,True,2024,1
3993,08/06/2024,Oyo,Retail & Consumer Goods,Smart Home,Kolkata,Blume Ventures,Seed/Angel,125000.0,True,2024,1
3994,09/06/2024,ClearDekho,Food & Beverage,Food Delivery,Ahmedabad,"Info Edge (India), LCatterton, Zodius Capital",Series A,1105000.0,True,2024,3
3995,11/06/2024,GrowthFlow,AgriTech,Supply Chain,Kolkata,"Mirae Asset, Ribbit Capital",Pre-Series A,977000.0,True,2024,2
3996,13/06/2024,SmartTech,E-commerce,Quick Commerce,Gurugram,"Accel, Info Edge (India)",Pre-Series A,123000.0,True,2024,2
3997,14/06/2024,NeoSense,EdTech,Coding Bootcamp,Chennai,Y Combinator,Series B,34466000.0,True,2024,1
3998,15/06/2024,CoreSpace,Healthcare,Diagnostics,Chennai,"Blume Ventures, Zodius Capital",Series A,9059000.0,True,2024,2
3999,15/06/2024,GreenMart,E-commerce,Grocery,Ahmedabad,Bessemer Venture Partners,Series A,2643000.0,True,2024,1
4000,16/06/2024,Flipkart,EdTech,Test Prep,Kolkata,"IFC, Ribbit Capital",Pre-Series A,448000.0,True,2024,2
4001,22/06/2024,SkillFlow,FinTech,InsurTech,Pune,"Kedaara Capital, Zodius Capital",Series B,10246000.0,True,2024,2
4002,24/06/2024,QuantumSolutions,E-commerce,Fashion,Delhi,"A91 Partners, Mirae Asset",Seed/Angel,1998000.0,True,2024,2
4003,25/06/2024,FinFoods,SaaS & Enterprise Tech,Analytics,Pune,Info Edge (India),Seed/Angel,331000.0,True,2024,1
4004,25/06/2024,HyperLabs,FinTech,Lending,Ahmedabad,Tiger Global,Series B,12397000.0,True,2024,1
4005,26/06/2024,SkillFlow,Mobility,EV,Chennai,"Bessemer Venture Partners, Blume Ventures, Nexus Venture Partners",Seed/Angel,1149000.0,True,2024,3
4006,27/06/2024,Housejoy,Healthcare,Diagnostics,Bengaluru,Nexus Venture Partners,Series A,3130000.0,True,2024,1
4007,30/06/2024,QuantumDrive,E-commerce,Fashion,Gurugram,"Bessemer Venture Partners, Tiger Global",Series B,5381000.0,True,2024,2
4008,02/07/2024,AeroStack,Mobility,EV,Pune,"IFC, Peak XV Partners",Bridge,1790000.0,True,2024,2
4009,05/07/2024,Porter,Retail & Consumer Goods,Smart Home,Ahmedabad,Info Edge (India),Seed/Angel,826000.0,True,2024,1
4010,07/07/2024,Dream11,AgriTech,Supply Chain,Gurugram,A91 Partners,Series C,281010000.0,True,2024,1
4011,10/07/2024,AutoStack,E-commerce,Marketplace,Ahmedabad,SoftBank Vision Fund,Seed/Angel,61000.0,True,2024,1
4012,10/07/2024,NextSense,Mobility,Micro Mobility,Hyderabad,"A91 Partners, Falcon Edge, Prosus Ventures",Series A,1643000.0,True,2024,3
4013,11/07/2024,NextFlow,SaaS & Enterprise Tech,B2B SaaS,Hyderabad,"Tiger Global, Zodius Capital",Series A,10287000.0,True,2024,2
4014,19/07/2024,NeoLabs_65,Real Estate,Rental Tech,Bengaluru,"Accel, Peak XV Partners",Seed/Angel,370000.0,True,2024,2
4015,22/07/2024,HealthRise,E-commerce,Grocery,Ahmedabad,"Info Edge (India), Mirae Asset, Prosus Ventures",Seed/Angel,142000.0,True,2024,3
4016,23/07/2024,AutoFlow,Logistics,Supply Chain,Kolkata,IFC,Seed/Angel,85000.0,True,2024,1
4017,24/07/2024,Porter,SaaS & Enterprise Tech,HRTech,Kolkata,"Elevation Capital, Kedaara Capital, Omidyar Network",Series A,1411000.0,True,2024,3
4018,25/07/2024,Ola,Logistics,Last Mile,Ahmedabad,"Mirae Asset, Tiger Global",Series A,8074000.0,True,2024,2
4019,27/07/2024,AgriHive,E-commerce,E-Retail,Ahmedabad,Accel,Seed/Angel,879000.0,True,2024,1
4020,27/07/2024,FarmFit,FinTech,WealthTech,Hyderabad,"Mirae Asset, Sequoia Capital",Series A,1046000.0,True,2024,2
4021,27/07/2024,Swiggy,Healthcare,Pharmacy,Bengaluru,SoftBank Vision Fund,Pre-Seed,142000.0,True,2024,1
4022,29/07/2024,HomeAnalytics,E-commerce,Grocery,Pune,"Ribbit Capital, Zodius Capital",Seed/Angel,517000.0,True,2024,2
4023,29/07/2024,HomeAnalytics,FinTech,NeoBank,Kolkata,Zodius Capital,Seed/Angel,118000.0,True,2024,1
4024,30/07/2024,CoreFlow,Retail & Consumer Goods,Wearables,Pune,Zodius Capital,Series C,180699000.0,True,2024,1
4025,30/07/2024,LogiMart,FinTech,InsurTech,Hyderabad,Info Edge (India),Seed/Angel,525000.0,True,2024,1
4026,31/07/2024,QuantumAnalytics,Real Estate,Rental Tech,Bengaluru,LCatterton,Seed/Angel,73000.0,True,2024,1
4027,06/08/2024,MediHive,Mobility,EV,Ahmedabad,Tiger Global,Series A,1981000.0,True,2024,1
4028,06/08/2024,NeoLabs,Food & Beverage,Food Delivery,Chennai,Zodius Capital,Growth,124717000.0,True,2024,1
4029,07/08/2024,HealthWorks,Mobility,Ride Sharing,Bengaluru,Accel,Series B,8387000.0,True,2024,1
4030,09/08/2024,Udaan,Healthcare,Pharmacy,Noida,LCatterton,Seed/Angel,350000.0,True,2024,1
4031,11/08/2024,BharatPe,Retail & Consumer Goods,Wearables,Noida,"Matrix Partners India, Ventures India, Y Combinator",Series A,1040000.0,True,2024,3
4032,11/08/2024,NextStack,Media & Entertainment,Content,Mumbai,A91 Partners,Series A,5738000.0,True,2024,1
4033,13/08/2024,Udaan,Healthcare,Health Analytics,Bengaluru,Mirae Asset,Series C,21480000.0,True,2024,1
4034,19/08/2024,LogiMart,Real Estate,Rental Tech,Chennai,"LCatterton, Omidyar Network",Seed/Angel,67000.0,True,2024,2
4035,19/08/2024,Porter,Mobility,Ride Sharing,Delhi,Tiger Global,Seed/Angel,9000.0,True,2024,1
4036,21/08/2024,Porter,Healthcare,Diagnostics,Bengaluru,Mirae Asset,Seed/Angel,1494000.0,True,2024,1
4037,23/08/2024,AutoMart,Food & Beverage,Cloud Kitchen,Kolkata,SoftBank Vision Fund,Seed/Angel,67000.0,True,2024,1
4038,24/08/2024,EduMart,SaaS & Enterprise Tech,B2B SaaS,Ahmedabad,"LCatterton, Lightspeed India",Seed/Angel,938000.0,True,2024,2
4039,24/08/2024,FreshTech,Real Estate,Home Services,Delhi,"Accel, LCatterton, Tiger Global",Series B,9715000.0,True,2024,3
4040,24/08/2024,QuantumDrive,E-commerce,Fashion,Pune,"Info Edge (India), Kedaara Capital",Series B,59765000.0,True,2024,2
4041,26/08/2024,FoodSolutions,E-commerce,Fashion,Gurugram,Info Edge (India),Seed/Angel,887000.0,True,2024,1
4042,27/08/2024,CloudLabs,E-commerce,Marketplace,Mumbai,"Blume Ventures, Kalaari Capital",Series C,239814000.0,True,2024,2
4043,27/08/2024,CRED,Logistics,Last Mile,Chennai,Kedaara Capital,Series B,59720000.0,True,2024,1
4044,27/08/2024,Delhivery,SaaS & Enterprise Tech,Security,Chennai,Ribbit Capital,Seed/Angel,1104000.0,True,2024,1
4045,28/08/2024,UrbanSolutions,Media & Entertainment,Social,Mumbai,"Elevation Capital, Kedaara Capital, Matrix Partners India",Series A,8159000.0,True,2024,3
4046,30/08/2024,BharatPe,E-commerce,Marketplace,Delhi,Bessemer Venture Partners,Series A,9897000.0,True,2024,1
4047,30/08/2024,HyperLabs,SaaS & Enterprise Tech,DevTools,Kolkata,Accel,Seed/Angel,75000.0,True,2024,1
4048,02/09/2024,Inmobi,Healthcare,Pharmacy,Chennai,"Mirae Asset, Ribbit Capital, Y Combinator",Bridge,55000.0,True,2024,3
4049,02/09/2024,SkillRise,EdTech,UpSkilling,Gurugram,Mirae Asset,Pre-Series A,710000.0,True,2024,1
4050,05/09/2024,CloudPay,EdTech,UpSkilling,Gurugram,Zodius Capital,Seed/Angel,62000.0,True,2024,1
4051,06/09/2024,AgriHive,FinTech,Payments,Mumbai,"Nexus Venture Partners, Prosus Ventures",Seed/Angel,14000.0,True,2024,2
4052,06/09/2024,BigBasket,SaaS & Enterprise Tech,Analytics,Kolkata,"Tiger Global, Zodius Capital",Series A,6332000.0,True,2024,2
4053,07/09/2024,Bounce,Healthcare,Pharmacy,Ahmedabad,Nexus Venture Partners,Pre-Seed,47000.0,True,2024,1
4054,09/09/2024,FoodFit,Real Estate,Rental Tech,Noida,Ventures India,Seed/Angel,450000.0,True,2024,1
4055,11/09/2024,FinFoods,E-commerce,Fashion,Bengaluru,"Bessemer Venture Partners, Info Edge (India), Omidyar Network",Seed/Angel,15000.0,True,2024,3
4056,14/09/2024,NeoLabs,Mobility,Micro Mobility,Bengaluru,Peak XV Partners,Series A,1582000.0,True,2024,1
4057,15/09/2024,NextSense,Mobility,Micro Mobility,Mumbai,Kedaara Capital,Seed/Angel,954000.0,True,2024,1
4058,16/09/2024,HealthAnalytics,E-commerce,Quick Commerce,Chennai,"Nexus Venture Partners, Y Combinator",Series A,1065000.0,True,2024,2
4059,19/09/2024,FreshTech,Mobility,EV,Mumbai,Info Edge (India),Seed/Angel,169000.0,True,2024,1
4060,19/09/2024,HomeMart,Retail & Consumer Goods,Audio,Kolkata,Blume Ventures,Series C,131237000.0,True,2024,1
4061,21/09/2024,WorkPay,FinTech,WealthTech,Chennai,A91 Partners,Series A,1383000.0,True,2024,1
4062,23/09/2024,Chargebee,SaaS & Enterprise Tech,MarTech,Bengaluru,Tiger Global,Seed/Angel,493000.0,True,2024,1
4063,23/09/2024,NoBroker,Retail & Consumer Goods,Audio,Gurugram,Zodius Capital,Series A,1599000.0,True,2024,1
4064,27/09/2024,NimbusMart,EdTech,Coding Bootcamp,Pune,Blume Ventures,Seed/Angel,16000.0,True,2024,1
4065,28/09/2024,NimbusLabs_846,SaaS & Enterprise Tech,MarTech,Kolkata,"Accel, IFC, Nexus Venture Partners",Series A,1260000.0,True,2024,3
4066,03/10/2024,Byju's,E-commerce,Fashion,Ahmedabad,Y Combinator,Pre-Seed,24000.0,True,2024,1
4067,07/10/2024,QuantumSolutions,AgriTech,Marketplace,Bengaluru,Sequoia Capital,Seed/Angel,1272000.0,True,2024,1
4068,09/10/2024,FreshSolutions,Real Estate,PropTech,Mumbai,Accel,Series A,7370000.0,True,2024,1
4069,09/10/2024,NextSense_395,Media & Entertainment,Streaming,Chennai,"IFC, Sequoia Capital",Seed/Angel,1549000.0,True,2024,2
4070,13/10/2024,AgriFit,E-commerce,Fashion,Hyderabad,"Accel, IFC, Omidyar Network",Seed/Angel,10000.0,True,2024,3
4071,13/10/2024,SkillFlow,Media & Entertainment,Streaming,Hyderabad,Blume Ventures,Pre-Series A,253000.0,True,2024,1
4072,14/10/2024,Bounce,Logistics,Last Mile,Chennai,"Bessemer Venture Partners, Lightspeed India",Pre-Seed,114000.0,True,2024,2
4073,15/10/2024,DriveLoop,EdTech,Test Prep,Ahmedabad,"Elevation Capital, Nexus Venture Partners",Series A,7379000.0,True,2024,2
4074,22/10/2024,FreshToHome,SaaS & Enterprise Tech,DevTools,Noida,Elevation Capital,Series D,489935000.0,True,2024,1
4075,23/10/2024,WorkFit,Food & Beverage,Grocery,Pune,LCatterton,Series A,1461000.0,True,2024,1
4076,24/10/2024,PharmEasy,SaaS & Enterprise Tech,DevTools,Ahmedabad,Tiger Global,Pre-Seed,149000.0,True,2024,1
4077,26/10/2024,Licious,Logistics,Supply Chain,Delhi,"Sequoia Capital, Tiger Global",Seed/Angel,568000.0,True,2024,2
4078,27/10/2024,Ola,FinTech,Payments,Pune,"Kedaara Capital, Mirae Asset",Series C,31977000.0,True,2024,2
4079,30/10/2024,HomeFoods,SaaS & Enterprise Tech,Automation,Pune,"LCatterton, Sequoia Capital, Tiger Global",Seed/Angel,165000.0,True,2024,3
4080,05/11/2024,HomeFoods,Real Estate,PropTech,Chennai,Tiger Global,Seed/Angel,905000.0,True,2024,1
4081,06/11/2024,UrbanSolutions,E-commerce,Fashion,Mumbai,"Info Edge (India), Ribbit Capital, Y Combinator",Series C,109404000.0,True,2024,3
4082,08/11/2024,AutoMart,FinTech,InsurTech,Hyderabad,Kedaara Capital,Series B,12899000.0,True,2024,1
4083,10/11/2024,Wakefit,Healthcare,Health Analytics,Bengaluru,"IFC, Matrix Partners India, Nexus Venture Partners",Debt,744000.0,True,2024,3
4084,11/11/2024,Meesho,SaaS & Enterprise Tech,Security,Kolkata,Zodius Capital,Series C,50332000.0,True,2024,1
4085,11/11/2024,Unacademy,Healthcare,Diagnostics,Hyderabad,Tiger Global,Series A,8462000.0,True,2024,1
4086,17/11/2024,AeroStack,AgriTech,Smart Farming,Noida,Ventures India,Seed/Angel,191000.0,True,2024,1
4087,17/11/2024,BlueTech,E-commerce,Fashion,Bengaluru,Elevation Capital,Seed/Angel,634000.0,True,2024,1
4088,17/11/2024,Cars24,Media & Entertainment,Content,Noida,Blume Ventures,Series A,1055000.0,True,2024,1
4089,20/11/2024,AgriHive,Mobility,EV,Pune,Zodius Capital,Seed/Angel,919000.0,True,2024,1
4090,23/11/2024,FinFoods_1034,Real Estate,Home Services,Bengaluru,Tiger Global,Series B,6189000.0,True,2024,1
4091,24/11/2024,FinFoods_246,Food & Beverage,Grocery,Ahmedabad,Blume Ventures,Series A,3188000.0,True,2024,1
4092,28/11/2024,Zomato,E-commerce,E-Retail,Delhi,Omidyar Network,Series A,2831000.0,True,2024,1
4093,29/11/2024,AeroHub,AgriTech,Supply Chain,Noida,"Blume Ventures, Info Edge (India)",Seed/Angel,12000.0,True,2024,2
4094,29/11/2024,Delhivery,Food & Beverage,Food Delivery,Delhi,Mirae Asset,Seed/Angel,458000.0,True,2024,1
4095,01/12/2024,Bounce,Food & Beverage,Grocery,Hyderabad,Info Edge (India),Series B,10595000.0,True,2024,1
4096,05/12/2024,ClearDekho,Logistics,Last Mile,Pune,Y Combinator,Private Equity,151993000.0,True,2024,1
4097,06/12/2024,HomeAnalytics,Logistics,Last Mile,Noida,"Info Edge (India), LCatterton, Ribbit Capital",Bridge,1461000.0,True,2024,3
4098,09/12/2024,HomeFoods,Media & Entertainment,Social,Mumbai,Nexus Venture Partners,Seed/Angel,89000.0,True,2024,1
4099,09/12/2024,NeoLabs,AgriTech,Supply Chain,Mumbai,"Y Combinator, Zodius Capital",Seed/Angel,734000.0,True,2024,2
4100,09/12/2024,Ola,Media & Entertainment,Content,Chennai,Accel,Series C,141411000.0,True,2024,1
4101,11/12/2024,Razorpay,AgriTech,Smart Farming,Delhi,"Blume Ventures, LCatterton",Series B,27390000.0,True,2024,2
4102,11/12/2024,UrbanDrive,E-commerce,Fashion,Noida,"Mirae Asset, Nexus Venture Partners",Series A,1806000.0,True,2024,2
4103,17/12/2024,UrbanDrive,Real Estate,Rental Tech,Pune,"Blume Ventures, Info Edge (India), Sequoia Capital",Series A,1187000.0,True,2024,3
4104,18/12/2024,Bounce,Real Estate,Rental Tech,Chennai,"Info Edge (India), Y Combinator",Seed/Angel,77000.0,True,2024,2
4105,19/12/2024,WorkPay,FinTech,NeoBank,Hyderabad,"IFC, Kedaara Capital",Pre-Series A,126000.0,True,2024,2
4106,23/12/2024,FreshBox,FinTech,InsurTech,Chennai,Sequoia Capital,Series B,9461000.0,True,2024,1
4107,26/12/2024,CoreConnect,AgriTech,Marketplace,Chennai,Prosus Ventures,Pre-Seed,196000.0,True,2024,1
4108,28/12/2024,FreshTech,E-commerce,Fashion,Delhi,"Matrix Partners India, Omidyar Network",Pre-Seed,135000.0,True,2024,2
4109,02/01/2025,SkillFlow,SaaS & Enterprise Tech,DevTools,Gurugram,"Falcon Edge, Info Edge (India), Tiger Global",Series B,25685000.0,True,2025,3
4110,02/01/2025,WorkPay,EdTech,UpSkilling,Chennai,"IFC, Nexus Venture Partners",Debt,3529000.0,True,2025,2
4111,06/01/2025,FoodFit,E-commerce,Fashion,Bengaluru,Info Edge (India),Seed/Angel,210000.0,True,2025,1
4112,08/01/2025,Inmobi,Retail & Consumer Goods,Audio,Gurugram,"Matrix Partners India, Y Combinator",Seed/Angel,191000.0,True,2025,2
4113,11/01/2025,Cleartax,Mobility,EV,Gurugram,"Accel, Prosus Ventures",Seed/Angel,192000.0,True,2025,2
4114,12/01/2025,Byju's,EdTech,Coding Bootcamp,Mumbai,Elevation Capital,Seed/Angel,152000.0,True,2025,1
4115,13/01/2025,NimbusWorks,Mobility,EV,Kolkata,"Falcon Edge, Lightspeed India, Peak XV Partners",Pre-Seed,21000.0,True,2025,3
4116,16/01/2025,FreshSolutions,Media & Entertainment,Streaming,Delhi,Prosus Ventures,Bridge,70000.0,True,2025,1
4117,22/01/2025,FinSpace,Retail & Consumer Goods,Wearables,Gurugram,Blume Ventures,Growth,491721000.0,True,2025,1
4118,26/01/2025,HomeAnalytics,Retail & Consumer Goods,Wearables,Bengaluru,"Kedaara Capital, Lightspeed India",Seed/Angel,129000.0,True,2025,2
4119,27/01/2025,CloudPay,Retail & Consumer Goods,Smart Home,Bengaluru,"Blume Ventures, SoftBank Vision Fund",Series C,125810000.0,True,2025,2
4120,28/01/2025,FarmTech,EdTech,UpSkilling,Noida,Accel,Series A,4142000.0,True,2025,1
4121,28/01/2025,Groww,Media & Entertainment,Streaming,Bengaluru,IFC,Seed/Angel,1668000.0,True,2025,1
4122,29/01/2025,FreshTech,SaaS & Enterprise Tech,B2B SaaS,Kolkata,"A91 Partners, SoftBank Vision Fund",Series A,13810000.0,True,2025,2
4123,31/01/2025,CloudPay,E-commerce,D2C,Pune,"Bessemer Venture Partners, Kedaara Capital, Nexus Venture Partners",Series B,19160000.0,True,2025,3
4124,31/01/2025,DataHive,Retail & Consumer Goods,Wearables,Gurugram,"Lightspeed India, Sequoia Capital",Seed/Angel,927000.0,True,2025,2
4125,31/01/2025,Ola,AgriTech,Marketplace,Noida,"Blume Ventures, Info Edge (India)",Pre-Series A,483000.0,True,2025,2
4126,02/02/2025,AgriHive,Food & Beverage,Food Delivery,Ahmedabad,"A91 Partners, Info Edge (India), Matrix Partners India",Series C,261867000.0,True,2025,3
4127,03/02/2025,MediSpace,E-commerce,Quick Commerce,Kolkata,"Lightspeed India, Omidyar Network",Series B,56361000.0,True,2025,2
4128,05/02/2025,NextSense,FinTech,InsurTech,Gurugram,IFC,Debt,39642000.0,True,2025,1
4129,06/02/2025,SmartTech_258,SaaS & Enterprise Tech,Automation,Chennai,Accel,Series C,93643000.0,True,2025,1
4130,10/02/2025,HyperSpace,FinTech,WealthTech,Pune,Tiger Global,Pre-Series A,753000.0,True,2025,1
4131,15/02/2025,QuantumDrive,E-commerce,Grocery,Noida,Accel,Series A,1290000.0,True,2025,1
4132,15/02/2025,Urban Company,Real Estate,PropTech,Hyderabad,"Peak XV Partners, Ribbit Capital, Sequoia Capital",Series B,21323000.0,True,2025,3
4133,16/02/2025,FarmBox,EdTech,UpSkilling,Delhi,A91 Partners,Series C,20855000.0,True,2025,1
4134,23/02/2025,AeroStack,FinTech,InsurTech,Gurugram,"Y Combinator, Zodius Capital",Seed/Angel,269000.0,True,2025,2
4135,26/02/2025,Lenskart,E-commerce,Fashion,Kolkata,Accel,Series D,252342000.0,True,2025,1
4136,03/03/2025,Delhivery,SaaS & Enterprise Tech,B2B SaaS,Ahmedabad,Nexus Venture Partners,Series C,40689000.0,True,2025,1
4137,05/03/2025,AgriHive,EdTech,Test Prep,Ahmedabad,Peak XV Partners,Pre-Series A,170000.0,True,2025,1
4138,05/03/2025,DriveEdge,SaaS & Enterprise Tech,MarTech,Delhi,"Blume Ventures, Info Edge (India), Ribbit Capital",Series A,1496000.0,True,2025,3
4139,08/03/2025,FreshTech,Media & Entertainment,Social,Bengaluru,"Nexus Venture Partners, Omidyar Network",Seed/Angel,186000.0,True,2025,2
4140,13/03/2025,Flipkart,EdTech,K12,Gurugram,"IFC, Mirae Asset",Seed/Angel,63000.0,True,2025,2
4141,17/03/2025,GrowthFlow,Real Estate,PropTech,Chennai,Zodius Capital,Pre-Series A,394000.0,True,2025,1
4142,17/03/2025,Unacademy,E-commerce,Fashion,Bengaluru,LCatterton,Seed/Angel,160000.0,True,2025,1
4143,22/03/2025,Bounce,Food & Beverage,Grocery,Pune,Mirae Asset,Seed/Angel,231000.0,True,2025,1
4144,26/03/2025,SmartMart,AgriTech,Smart Farming,Delhi,"Elevation Capital, Matrix Partners India",Pre-Seed,148000.0,True,2025,2
4145,27/03/2025,AeroHub,Food & Beverage,Cloud Kitchen,Delhi,"Blume Ventures, Kedaara Capital",Series C,142830000.0,True,2025,2
4146,27/03/2025,FoodLoop,Food & Beverage,Food Delivery,Hyderabad,"Bessemer Venture Partners, Elevation Capital, Peak XV Partners",Series A,5476000.0,True,2025,3
4147,30/03/2025,FinSpace,Logistics,Supply Chain,Chennai,Matrix Partners India,Series A,2185000.0,True,2025,1
4148,03/04/2025,Unacademy,E-commerce,Quick Commerce,Pune,Ventures India,Series B,28354000.0,True,2025,1
4149,04/04/2025,AgriSense,Mobility,Micro Mobility,Mumbai,Blume Ventures,Pre-Seed,146000.0,True,2025,1
4150,06/04/2025,NextStack,Food & Beverage,Food Delivery,Mumbai,"Kedaara Capital, Sequoia Capital, Y Combinator",Series A,5720000.0,True,2025,3
4151,07/04/2025,HealthWorks_839,EdTech,Coding Bootcamp,Pune,"Omidyar Network, Tiger Global, Ventures India",Debt,5087000.0,True,2025,3
4152,10/04/2025,AeroAnalytics,Media & Entertainment,Content,Mumbai,Y Combinator,Series B,14870000.0,True,2025,1
4153,11/04/2025,ClearDekho,SaaS & Enterprise Tech,B2B SaaS,Bengaluru,Info Edge (India),Series C,122112000.0,True,2025,1
4154,17/04/2025,AeroAnalytics,SaaS & Enterprise Tech,Analytics,Hyderabad,"Elevation Capital, Tiger Global",Seed/Angel,76000.0,True,2025,2
4155,18/04/2025,BlueRise,SaaS & Enterprise Tech,DevTools,Chennai,"Lightspeed India, Peak XV Partners",Growth,165015000.0,True,2025,2
4156,20/04/2025,FarmFit,AgriTech,Supply Chain,Bengaluru,Ventures India,Seed/Angel,174000.0,True,2025,1
4157,24/04/2025,AeroHub,Mobility,Micro Mobility,Gurugram,A91 Partners,Series A,2012000.0,True,2025,1
4158,26/04/2025,BlueSpace,AgriTech,Supply Chain,Bengaluru,"Bessemer Venture Partners, Lightspeed India, Matrix Partners India",Seed/Angel,1369000.0,True,2025,3
4159,28/04/2025,FreshSolutions_178,E-commerce,Fashion,Pune,"Nexus Venture Partners, Sequoia Capital",Pre-Series A,864000.0,True,2025,2
4160,28/04/2025,GreenMart,Mobility,Micro Mobility,Ahmedabad,"Blume Ventures, Tiger Global",Seed/Angel,753000.0,True,2025,2
4161,03/05/2025,AutoFlow,Healthcare,Pharmacy,Gurugram,"Bessemer Venture Partners, Sequoia Capital, Zodius Capital",Series A,6610000.0,True,2025,3
4162,07/05/2025,Porter,AgriTech,Smart Farming,Delhi,"A91 Partners, Sequoia Capital",Series D,384546000.0,True,2025,2
4163,07/05/2025,Udaan,Healthcare,Diagnostics,Noida,"Mirae Asset, Tiger Global",Debt,1904000.0,True,2025,2
4164,08/05/2025,Mobikwik,Mobility,Micro Mobility,Delhi,Sequoia Capital,Series C,89743000.0,True,2025,1
4165,10/05/2025,FinSense,Healthcare,Pharmacy,Pune,"Matrix Partners India, Ventures India",Seed/Angel,32000.0,True,2025,2
4166,10/05/2025,HyperLoop_850,Retail & Consumer Goods,Smart Home,Kolkata,Omidyar Network,Series A,1199000.0,True,2025,1
4167,13/05/2025,Groww,E-commerce,Fashion,Pune,Falcon Edge,Series A,2760000.0,True,2025,1
4168,13/05/2025,SkillRise,FinTech,InsurTech,Noida,Mirae Asset,Seed/Angel,1385000.0,True,2025,1
4169,15/05/2025,QuantumSolutions,E-commerce,Grocery,Kolkata,Tiger Global,Series B,45193000.0,True,2025,1
4170,17/05/2025,Licious,SaaS & Enterprise Tech,HRTech,Chennai,"Accel, Falcon Edge, Peak XV Partners",Seed/Angel,173000.0,True,2025,3
4171,18/05/2025,Chargebee,E-commerce,Grocery,Ahmedabad,Omidyar Network,Seed/Angel,99000.0,True,2025,1
4172,21/05/2025,Groww,SaaS & Enterprise Tech,Security,Mumbai,"Accel, Kedaara Capital",Bridge,307000.0,True,2025,2
4173,22/05/2025,HyperLoop,Food & Beverage,Grocery,Delhi,Blume Ventures,Seed/Angel,226000.0,True,2025,1
4174,22/05/2025,SmartCare,Healthcare,Diagnostics,Noida,"Info Edge (India), Sequoia Capital",Bridge,84000.0,True,2025,2
4175,22/05/2025,Udaan,Food & Beverage,Food Delivery,Hyderabad,"Blume Ventures, Elevation Capital",Series B,18027000.0,True,2025,2
4176,25/05/2025,Razorpay,Mobility,EV,Noida,Blume Ventures,Series C,151723000.0,True,2025,1
4177,27/05/2025,Freshworks,Real Estate,PropTech,Bengaluru,"Matrix Partners India, Prosus Ventures",Seed/Angel,1654000.0,True,2025,2
4178,06/06/2025,LogiMart_960,E-commerce,Grocery,Delhi,"LCatterton, Lightspeed India",Series D,60502000.0,True,2025,2
4179,07/06/2025,Zepto,Logistics,Last Mile,Mumbai,Y Combinator,Pre-Series A,268000.0,True,2025,1
4180,08/06/2025,ClearDekho,SaaS & Enterprise Tech,HRTech,Kolkata,"Bessemer Venture Partners, Prosus Ventures",Seed/Angel,33000.0,True,2025,2
4181,08/06/2025,HyperLabs,E-commerce,Marketplace,Gurugram,"IFC, Prosus Ventures, Ventures India",Series A,3403000.0,True,2025,3
4182,09/06/2025,FreshTech,Healthcare,Health Analytics,Ahmedabad,Blume Ventures,Series A,2933000.0,True,2025,1
4183,09/06/2025,Housejoy,Mobility,Micro Mobility,Pune,Ribbit Capital,Series A,2970000.0,True,2025,1
4184,11/06/2025,BigBasket,Healthcare,Pharmacy,Gurugram,Bessemer Venture Partners,Series A,2828000.0,True,2025,1
4185,11/06/2025,EduMart,AgriTech,Marketplace,Ahmedabad,"Info Edge (India), Mirae Asset, SoftBank Vision Fund",Seed/Angel,313000.0,True,2025,3
4186,19/06/2025,EduBox,Logistics,Fleet Management,Ahmedabad,Kalaari Capital,Seed/Angel,68000.0,True,2025,1
4187,24/06/2025,EduBox_144,SaaS & Enterprise Tech,HRTech,Mumbai,Omidyar Network,Series B,11014000.0,True,2025,1
4188,24/06/2025,Nykaa,E-commerce,Grocery,Delhi,IFC,Bridge,59000.0,True,2025,1
4189,27/06/2025,Housejoy,Healthcare,Health Analytics,Noida,Zodius Capital,Seed/Angel,141000.0,True,2025,1
4190,27/06/2025,Paytm,Healthcare,Pharmacy,Mumbai,Mirae Asset,Seed/Angel,96000.0,True,2025,1
4191,29/06/2025,QuantumSolutions,EdTech,UpSkilling,Pune,"Info Edge (India), Matrix Partners India, Tiger Global",Series B,45929000.0,True,2025,3
4192,30/06/2025,SkillSolutions,AgriTech,Marketplace,Noida,"Peak XV Partners, Zodius Capital",Pre-Series A,168000.0,True,2025,2
